<metadata>
  <idinfo>
    <citation>
      <citeinfo>
        <origin>National Oceanic and Atmospheric Administration (NOAA), National Marine Fisheries Service (NMFS), Alaska Fisheries Science Center (AFSC), Fisheries Oceanography Coordinated Investigations (FOCI)</origin>
        <pubdate>1979</pubdate>
        <title>Selected Annotated References on Marine Mammals of Alaska</title>
      </citeinfo>
    </citation>
    <descript>
      <abstract>Annotated citations about pinnipeds (seals, sea lions, and walruses) and cetaceans (whales, dolphins, and porpoises) gathered to assist researchers in formulating and in documenting field work and to give managers and administrators overview of previous work done along with the current status of knowledge.  The bibliography includes a species index, area index, and a subject index.  In the species index, each entry is followed by letter codes indicating whether the source contains information on abundance, distribution feeding, Beaufort Sea, Chukchi Sea, Bering Sea, Aleutian Ridge, Gulf of Alaska, or a combination.  There are also a number of references to articles translated from Russian.  The bibliography was published in 1979.</abstract>
      <purpose>References are available at Alaskan libraries and the Alaska Fisheries Science Center.  The bibliography was compiled under contract to the Bureau of Land Management as part of BLM and NOAA's Outer Continental Shelf Environmental Assessment Program (OCSEAP).</purpose>
    </descript>
    <timeperd>
      <timeinfo />
      <current>Publication Date</current>
    </timeperd>
    <status>
      <progress>In Progress</progress>
      <update>Unknown</update>
    </status>
    <spdom>
      <bounding>
        <westbc>172</westbc>
        <eastbc>-130</eastbc>
        <northbc>72</northbc>
        <southbc>50</southbc>
      </bounding>
    </spdom>
    <keywords>
      <theme>
        <themekt>North Pacific Ecosystem Metadatabase</themekt>
        <themekey>Mammals</themekey>
      </theme>
      <theme>
        <themekt>Other</themekt>
        <themekey>Alaska</themekey>
        <themekey>Arctic</themekey>
        <themekey>North Pacific Ocean</themekey>
      </theme>
    </keywords>
    <accconst>None</accconst>
    <useconst>None</useconst>
    <ptcontac>
      <cntinfo>
        <cntperp>
          <cntper>NMML Information</cntper>
        </cntperp>
        <cntaddr>
          <addrtype>Mailing and Physical Address</addrtype>
          <address>7600 Sand Point Way N.E.</address>
          <city>Seattle</city>
          <state>WA</state>
          <postal>98115</postal>
          <country>USA</country>
        </cntaddr>
        <cntvoice>206-526-4045</cntvoice>
        <cntfax>206-526-6615</cntfax>
        <cntemail>nmml.information@noaa.gov</cntemail>
      </cntinfo>
    </ptcontac>
  </idinfo>
  <distinfo>
    <distrib>
      <cntinfo>
        <cntperp>
          <cntper>NMML Information</cntper>
        </cntperp>
        <cntaddr>
          <addrtype>Mailing and Physical Address</addrtype>
          <address>7600 Sand Point Way N.E.</address>
          <city>Seattle</city>
          <state>WA</state>
          <postal>98115</postal>
          <country>USA</country>
        </cntaddr>
        <cntvoice>206-526-4045</cntvoice>
        <cntfax>206-526-6615</cntfax>
        <cntemail>nmml.information@noaa.gov</cntemail>
      </cntinfo>
    </distrib>
    <distliab>While every effort has been made to ensure that these data are accurate and reliable within the limits of the current state of the art, NOAA cannot assume liability for any damages caused by any errors or omissions in the data, nor as a result of the failure of the data to function on a particular system. NOAA makes no warranty, expressed or implied, nor does the fact of distribution constitute such a warranty.</distliab>
  </distinfo>
  <metainfo>
    <metd>19980728</metd>
    <metc>
      <cntinfo>
        <cntperp>
          <cntper>Kimberly Bahl</cntper>
        </cntperp>
        <cntaddr>
          <addrtype>Mailing and Physical Address</addrtype>
          <address>NOAA / AFSC / PMEL, 7600 Sand Point Way N.E.</address>
          <city>Seattle</city>
          <state>WA</state>
          <postal>98115</postal>
          <country>USA</country>
        </cntaddr>
        <cntvoice>206-526-4314</cntvoice>
        <cntfax>206-526-6485</cntfax>
        <cntemail>kimberly.bahl@noaa.gov</cntemail>
      </cntinfo>
    </metc>
    <metstdn>Content Standards for Digital Geospatial Metadata</metstdn>
    <metstdv>FGDC-STD-001-1998</metstdv>
    <metac>None</metac>
    <metuc>None</metuc>
  </metainfo>
</metadata>
