<metadata>
  <idinfo>
    <citation>
      <citeinfo>
        <origin>National Oceanic and Atmospheric Administration (NOAA), National Marine Fisheries Service (NMFS), Alaska Fisheries Science Center (AFSC)</origin>
        <pubdate>Unknown</pubdate>
        <title>1997 U.S. NOAA/National Marine Fisheries Service (NMFS) ADFG Trawl Comparison Study of the Gulf of Alaska</title>
      </citeinfo>
    </citation>
    <descript>
      <abstract>Groundfish catch data from the Gulf of Alaska.  Data includes biological data such as length, weight, age, and species composition.  The vessel was named Peggy Jo (USA).</abstract>
      <purpose>Primarily to provide resource assessment estimates to management.</purpose>
    </descript>
    <timeperd>
      <timeinfo>
        <rngdates>
          <begdate>19971020</begdate>
          <enddate>19971027</enddate>
        </rngdates>
      </timeinfo>
      <current>Ground Condition</current>
    </timeperd>
    <status>
      <progress>Complete</progress>
      <update>As Needed</update>
    </status>
    <spdom>
      <bounding>
        <westbc>-152.99</westbc>
        <eastbc>-151.94</eastbc>
        <northbc>57.75</northbc>
        <southbc>57.07</southbc>
      </bounding>
    </spdom>
    <keywords>
      <theme>
        <themekt>North Pacific Ecosystem Metadatabase</themekt>
        <themekey>Fish</themekey>
        <themekey>Management</themekey>
      </theme>
      <theme>
        <themekt>Other</themekt>
        <themekey>Gulf of Alaska</themekey>
        <themekey>North Pacific Ocean</themekey>
      </theme>
    </keywords>
    <accconst>Check with Contributor or Source.</accconst>
    <useconst>Check with Contributor or Source.</useconst>
    <ptcontac>
      <cntinfo>
        <cntperp>
          <cntper>Stauffer, Gary</cntper>
        </cntperp>
        <cntaddr>
          <addrtype>Mailing and Physical Address</addrtype>
          <address>7600 Sand Point Way N.E.</address>
          <city>Seattle</city>
          <state>WA</state>
          <postal>98115</postal>
          <country>USA</country>
        </cntaddr>
        <cntvoice>206-526-4170</cntvoice>
        <cntfax>206-526-6723</cntfax>
        <cntemail>gary.stauffer@noaa.gov</cntemail>
      </cntinfo>
    </ptcontac>
  </idinfo>
  <distinfo>
    <distrib>
      <cntinfo>
        <cntperp>
          <cntper>Stauffer, Gary</cntper>
        </cntperp>
        <cntaddr>
          <addrtype>Mailing and Physical Address</addrtype>
          <address>7600 Sand Point Way N.E.</address>
          <city>Seattle</city>
          <state>WA</state>
          <postal>98115</postal>
          <country>USA</country>
        </cntaddr>
        <cntvoice>206-526-4170</cntvoice>
        <cntfax>206-526-6723</cntfax>
        <cntemail>gary.stauffer@noaa.gov</cntemail>
      </cntinfo>
    </distrib>
    <distliab>While every effort has been made to ensure that these data are accurate and reliable within the limits of the current state of the art, NOAA cannot assume liability for any damages caused by any errors or omissions in the data, nor as a result of the failure of the data to function on a particular system. NOAA makes no warranty, expressed or implied, nor does the fact of distribution constitute such a warranty.</distliab>
  </distinfo>
  <metainfo>
    <metd>20030530</metd>
    <metc>
      <cntinfo>
        <cntperp>
          <cntper>Kimberly Bahl</cntper>
        </cntperp>
        <cntaddr>
          <addrtype>Mailing and Physical Address</addrtype>
          <address>NOAA / AFSC / PMEL, 7600 Sand Point Way N.E.</address>
          <city>Seattle</city>
          <state>WA</state>
          <postal>98115</postal>
          <country>USA</country>
        </cntaddr>
        <cntvoice>206-526-4314</cntvoice>
        <cntfax>206-526-6485</cntfax>
        <cntemail>kimberly.bahl@noaa.gov</cntemail>
      </cntinfo>
    </metc>
    <metstdn>Content Standards for Digital Geospatial Metadata</metstdn>
    <metstdv>FGDC-STD-001-1998</metstdv>
    <metac>Check with Contributor or Source.</metac>
    <metuc>Check with Contributor or Source.</metuc>
  </metainfo>
</metadata>
