<metadata>
  <idinfo>
    <citation>
      <citeinfo>
        <origin>Dalhousie University, Department of Biology</origin>
        <pubdate>Planned</pubdate>
        <title>Assessing Diets of Seabirds (Red-legged and Blacked-legged Kittiwakes) with Tissue Samples</title>
      </citeinfo>
    </citation>
    <descript>
      <abstract>This project will adapt a technique for assessing diets of marine mammals using fatty acid signatures to study seabirds in the southeastern Bering Sea. An NPMR project titled "Estimating seabird diets using fatty acids: Protocol development and testing of ReFER Hypotheses",  the method has numerous advantages over other more common approaches that use ratios of stable isotopes and stomach content analyses. It will test hypotheses presented in the ReFER (Regime Forcing and Ecosystem Response) conceptual model that diets of populations of nonspecific seabirds differ between oceanic and shelf habitats and that differences in diet account for opposite trends in abundance at the Pribilof Islands (shelf habitat) compared to Bogoslof Island (oceanic habitat). As part of the study, we will develop an inventory of fatty acid profiles of key forage species in the region that will be useful for diet studies of not only seabirds, but of trophically related marine mammals including sea lions, fur seals, and harbor seals. We will develop a protocol for obtaining biopsy samples of live birds, reducing their mortality rates from diet research.

This project also includes:

Alan Springer
University of Alaska, Fairbanks
P.O. Box 757220
Fairbanks, Alaska  99775-7220
(907) 474-7531
director@ims.alaska.edu

An NPMR project</abstract>
      <purpose>A proposal sent to NPMR to record the diets of seabirds (red-legged and blacked-legged kittiwakes) of the Pribilof Islands (shelf habitat) compared to Bogoslof Island (oceanic habitat).   To study forage species (e.g., pollock, lanterfish, squid, euphausiids, sand lance, capelin) and fatty acid signature in the southeastern Bering Sea, that will be of value in similar diet studies of other species of seabirds and marine mammals.</purpose>
    </descript>
    <timeperd>
      <timeinfo>
        <rngdates>
          <begdate>19990701</begdate>
          <enddate>20010731</enddate>
        </rngdates>
      </timeinfo>
      <current>Ground Condition</current>
    </timeperd>
    <status>
      <progress>Planned</progress>
      <update>Unknown</update>
    </status>
    <spdom>
      <bounding>
        <westbc>167</westbc>
        <eastbc>-163</eastbc>
        <northbc>67</northbc>
        <southbc>53</southbc>
      </bounding>
    </spdom>
    <keywords>
      <theme>
        <themekt>North Pacific Ecosystem Metadatabase</themekt>
        <themekey>Biology</themekey>
        <themekey>Mammals</themekey>
        <themekey>Fish</themekey>
        <themekey>Birds</themekey>
      </theme>
      <theme>
        <themekt>Other</themekt>
        <themekey>ReFER</themekey>
        <themekey>Red King Crab</themekey>
        <themekey>Far-Eastern</themekey>
        <themekey>Seabirds</themekey>
        <themekey>Bogoslof Island</themekey>
        <themekey>Pribilof</themekey>
        <themekey>North Pacific Ocean</themekey>
      </theme>
    </keywords>
    <accconst>Unknown</accconst>
    <useconst>Unknown</useconst>
    <ptcontac>
      <cntinfo>
        <cntperp>
          <cntper>Iverson, Sara J.</cntper>
        </cntperp>
        <cntaddr>
          <addrtype>Mailing and Physical Address</addrtype>
          <address>Dalhousie University - Halifax, Nova Scotia</address>
          <city>Halifax</city>
          <state>Nova Scotia</state>
          <postal>B3H 4J1</postal>
          <country>Canada</country>
        </cntaddr>
        <cntvoice>902-494-2566</cntvoice>
        <cntfax>902-494-3736</cntfax>
        <cntemail>siverson@is.dal.ca</cntemail>
      </cntinfo>
    </ptcontac>
  </idinfo>
  <distinfo>
    <distrib>
      <cntinfo>
        <cntperp>
          <cntper>Iverson, Sara J.</cntper>
        </cntperp>
        <cntaddr>
          <addrtype>Mailing and Physical Address</addrtype>
          <address>Dalhousie University - Halifax, Nova Scotia</address>
          <city>Halifax</city>
          <state>Nova Scotia</state>
          <postal>B3H 4J1</postal>
          <country>Canada</country>
        </cntaddr>
        <cntvoice>902-494-2566</cntvoice>
        <cntfax>902-494-3736</cntfax>
        <cntemail>siverson@is.dal.ca</cntemail>
      </cntinfo>
    </distrib>
    <distliab>While every effort has been made to ensure that these data are accurate and reliable within the limits of the current state of the art, NOAA cannot assume liability for any damages caused by any errors or omissions in the data, nor as a result of the failure of the data to function on a particular system. NOAA makes no warranty, expressed or implied, nor does the fact of distribution constitute such a warranty.</distliab>
  </distinfo>
  <metainfo>
    <metd>19991122</metd>
    <metc>
      <cntinfo>
        <cntperp>
          <cntper>Kimberly Bahl</cntper>
        </cntperp>
        <cntaddr>
          <addrtype>Mailing and Physical Address</addrtype>
          <address>NOAA / AFSC / PMEL, 7600 Sand Point Way N.E.</address>
          <city>Seattle</city>
          <state>WA</state>
          <postal>98115</postal>
          <country>USA</country>
        </cntaddr>
        <cntvoice>206-526-4314</cntvoice>
        <cntfax>206-526-6485</cntfax>
        <cntemail>kimberly.bahl@noaa.gov</cntemail>
      </cntinfo>
    </metc>
    <metstdn>Content Standards for Digital Geospatial Metadata</metstdn>
    <metstdv>FGDC-STD-001-1998</metstdv>
    <metac>Unknown</metac>
    <metuc>Unknown</metuc>
  </metainfo>
</metadata>
