<metadata>
  <idinfo>
    <citation>
      <citeinfo>
        <origin>Ecotrust, Pacific GIS, and Conservation International</origin>
        <pubdate>Unknown</pubdate>
        <title>Shoreline Sensitivity to Oil Pollution</title>
      </citeinfo>
    </citation>
    <descript>
      <abstract>Data Type: Exxon Valdez Oil Spill;  The Environmental Sensitivity Index (ESI) data layer is essentially a classification of coastal geomorphology to allow assessment of the shoreline sensitivity to and capacity to cleanse itself of oil. The U.S. Minerals Management Service (MMS) and NOAA developed the ESI database prior to the 1989 Exxon Valdez oil spill. Pacific GIS obtained the ESI data from the Exxon Valdez Oil Spill database. The environmental sensitivity of a particular beach segment is determined by the physical make-up of the shoreline, its biological sensitivity and the intensity of environmental processes within the local area. This data layer covers the Exxon Valdez oil spill region which includes Prince William Sound and areas to the west. Related information on actual oiling can be found in the documentation for oil_f89,</abstract>
      <purpose>Unknown</purpose>
    </descript>
    <timeperd>
      <timeinfo />
      <current>Ground Condition</current>
    </timeperd>
    <status>
      <progress>Complete</progress>
      <update>Unknown</update>
    </status>
    <spdom>
      <bounding>
        <westbc>-149.3</westbc>
        <eastbc>-140</eastbc>
        <northbc>63.15</northbc>
        <southbc>59</southbc>
      </bounding>
    </spdom>
    <keywords>
      <theme>
        <themekt>North Pacific Ecosystem Metadatabase</themekt>
        <themekey>Management</themekey>
        <themekey>Geology</themekey>
      </theme>
      <theme>
        <themekt>Other</themekt>
        <themekey>Shoreline</themekey>
        <themekey>Alaska</themekey>
        <themekey>Oiling</themekey>
        <themekey>Pollution</themekey>
        <themekey>North Pacific Ocean</themekey>
      </theme>
    </keywords>
    <accconst>Data transfer costs will be based on staff time and media costs.</accconst>
    <useconst>Data may not be sold.</useconst>
    <ptcontac>
      <cntinfo>
        <cntperp>
          <cntper>Oakley, Karen</cntper>
        </cntperp>
        <cntaddr>
          <addrtype>Mailing and Physical Address</addrtype>
          <address>1011 East Tudor Road</address>
          <city>Anchorage</city>
          <state>AK</state>
          <postal>99503</postal>
          <country>USA</country>
        </cntaddr>
        <cntvoice>907-786-3579</cntvoice>
        <cntfax />
        <cntemail>karen_oakley@nbs.gov</cntemail>
      </cntinfo>
    </ptcontac>
  </idinfo>
  <distinfo>
    <distrib>
      <cntinfo>
        <cntperp>
          <cntper>Oakley, Karen</cntper>
        </cntperp>
        <cntaddr>
          <addrtype>Mailing and Physical Address</addrtype>
          <address>1011 East Tudor Road</address>
          <city>Anchorage</city>
          <state>AK</state>
          <postal>99503</postal>
          <country>USA</country>
        </cntaddr>
        <cntvoice>907-786-3579</cntvoice>
        <cntfax />
        <cntemail>karen_oakley@nbs.gov</cntemail>
      </cntinfo>
    </distrib>
    <distliab>While every effort has been made to ensure that these data are accurate and reliable within the limits of the current state of the art, NOAA cannot assume liability for any damages caused by any errors or omissions in the data, nor as a result of the failure of the data to function on a particular system. NOAA makes no warranty, expressed or implied, nor does the fact of distribution constitute such a warranty.</distliab>
  </distinfo>
  <metainfo>
    <metd>20020424</metd>
    <metc>
      <cntinfo>
        <cntperp>
          <cntper>Kimberly Bahl</cntper>
        </cntperp>
        <cntaddr>
          <addrtype>Mailing and Physical Address</addrtype>
          <address>NOAA / AFSC / PMEL, 7600 Sand Point Way N.E.</address>
          <city>Seattle</city>
          <state>WA</state>
          <postal>98115</postal>
          <country>USA</country>
        </cntaddr>
        <cntvoice>206-526-4314</cntvoice>
        <cntfax>206-526-6485</cntfax>
        <cntemail>kimberly.bahl@noaa.gov</cntemail>
      </cntinfo>
    </metc>
    <metstdn>Content Standards for Digital Geospatial Metadata</metstdn>
    <metstdv>FGDC-STD-001-1998</metstdv>
    <metac>Data transfer costs will be based on staff time and media costs.</metac>
    <metuc>Data may not be sold.</metuc>
  </metainfo>
</metadata>
