<metadata>
  <idinfo>
    <citation>
      <citeinfo>
        <origin>University of Alaska Faribanks (UAF), Geophysical Institute</origin>
        <pubdate>Unknown</pubdate>
        <title>NOAA Advanced Very High Resolution Radiometer Satellite Imagery</title>
      </citeinfo>
    </citation>
    <descript>
      <abstract>Imagery obtained from an Advanced Very High Resolution Radiometer (AVHRR).  The AVHRR satellite imagery is collected by NOAA and is available in positive transparency format for 1974 to the present.  Several passes a day covering the Beaufort, Chukchi and Bering Seas as well as mainland Alaska and the Gulf of Alaska are received in visual and infrared format. Also available are facsimile paper prints from 1982 to present.</abstract>
      <purpose>To create imagery obtained from an Advanced Very High Resolution Radiometer (AVHRR).  The AVHRR satellite imagery is collected by NOAA and is available in positive transparency format for 1974 to the present.</purpose>
    </descript>
    <timeperd>
      <timeinfo>
        <rngdates>
          <begdate>19740101</begdate>
          <enddate>19981231</enddate>
        </rngdates>
      </timeinfo>
      <current>Ground Condition</current>
    </timeperd>
    <status>
      <progress>Complete</progress>
      <update>Unknown</update>
    </status>
    <spdom>
      <bounding>
        <westbc>-172</westbc>
        <eastbc>-130</eastbc>
        <northbc>72</northbc>
        <southbc>50</southbc>
      </bounding>
    </spdom>
    <keywords>
      <theme>
        <themekt>North Pacific Ecosystem Metadatabase</themekt>
        <themekey>Ice Physics</themekey>
      </theme>
      <theme>
        <themekt>Other</themekt>
        <themekey>Gulf of Alaska</themekey>
        <themekey>AVHRR</themekey>
        <themekey>Satellite Imagery</themekey>
        <themekey>Bering Sea</themekey>
        <themekey>Sea Ice</themekey>
        <themekey>Beaufort Sea</themekey>
        <themekey>Arctic</themekey>
        <themekey>Chukchi Sea</themekey>
        <themekey>North Pacific Ocean</themekey>
      </theme>
    </keywords>
    <accconst>None</accconst>
    <useconst>None</useconst>
    <ptcontac>
      <cntinfo>
        <cntperp>
          <cntper>Martz, Katie</cntper>
        </cntperp>
        <cntaddr>
          <addrtype>Mailing and Physical Address</addrtype>
          <address>University of Alaska-Fairbanks</address>
          <city>Fairbanks</city>
          <state>AK</state>
          <postal>99775</postal>
          <country>USA</country>
        </cntaddr>
        <cntvoice>907-474-7487</cntvoice>
        <cntfax />
        <cntemail />
      </cntinfo>
    </ptcontac>
  </idinfo>
  <distinfo>
    <distrib>
      <cntinfo>
        <cntperp>
          <cntper>Martz, Katie</cntper>
        </cntperp>
        <cntaddr>
          <addrtype>Mailing and Physical Address</addrtype>
          <address>University of Alaska-Fairbanks</address>
          <city>Fairbanks</city>
          <state>AK</state>
          <postal>99775</postal>
          <country>USA</country>
        </cntaddr>
        <cntvoice>907-474-7487</cntvoice>
        <cntfax />
        <cntemail />
      </cntinfo>
    </distrib>
    <distliab>While every effort has been made to ensure that these data are accurate and reliable within the limits of the current state of the art, NOAA cannot assume liability for any damages caused by any errors or omissions in the data, nor as a result of the failure of the data to function on a particular system. NOAA makes no warranty, expressed or implied, nor does the fact of distribution constitute such a warranty.</distliab>
  </distinfo>
  <metainfo>
    <metd>19980729</metd>
    <metc>
      <cntinfo>
        <cntperp>
          <cntper>Kimberly Bahl</cntper>
        </cntperp>
        <cntaddr>
          <addrtype>Mailing and Physical Address</addrtype>
          <address>NOAA / AFSC / PMEL, 7600 Sand Point Way N.E.</address>
          <city>Seattle</city>
          <state>WA</state>
          <postal>98115</postal>
          <country>USA</country>
        </cntaddr>
        <cntvoice>206-526-4314</cntvoice>
        <cntfax>206-526-6485</cntfax>
        <cntemail>kimberly.bahl@noaa.gov</cntemail>
      </cntinfo>
    </metc>
    <metstdn>Content Standards for Digital Geospatial Metadata</metstdn>
    <metstdv>FGDC-STD-001-1998</metstdv>
    <metac>None</metac>
    <metuc>None</metuc>
  </metainfo>
</metadata>
