<metadata>
  <idinfo>
    <citation>
      <citeinfo>
        <origin>Exxon, Alaska Department of Natural Resources</origin>
        <pubdate>1989</pubdate>
        <title>Beach Segments - EVOS</title>
      </citeinfo>
    </citation>
    <descript>
      <abstract>Data Type: Exxon Valdez Oil Spill;  This dataset digitally depicts the Exxon beach segment numbering system used to link work performed on beaches for the official record during the EVOS cleanup. Segments are divided into subsegments. This segmentation system was used as the geographic base for many response databases. This data was used to provide a standardized geographic base from which the response team could track oil spill cleanup activities.</abstract>
      <purpose>Unknown</purpose>
    </descript>
    <timeperd>
      <timeinfo>
        <sngdate>
          <caldate>19901231</caldate>
        </sngdate>
      </timeinfo>
      <current>Ground Condition</current>
    </timeperd>
    <status>
      <progress>Complete</progress>
      <update>Unknown</update>
    </status>
    <spdom>
      <bounding>
        <westbc>-164</westbc>
        <eastbc>-145</eastbc>
        <northbc>61.15</northbc>
        <southbc>55.3</southbc>
      </bounding>
    </spdom>
    <keywords>
      <theme>
        <themekt>North Pacific Ecosystem Metadatabase</themekt>
        <themekey>Geology</themekey>
      </theme>
      <theme>
        <themekt>Other</themekt>
        <themekey>Exxon Valdez Oil Spill</themekey>
        <themekey>Shoreline</themekey>
        <themekey>Alaska</themekey>
        <themekey>North Pacific Ocean</themekey>
      </theme>
    </keywords>
    <accconst>Unknown</accconst>
    <useconst>Unknown</useconst>
    <ptcontac>
      <cntinfo>
        <cntperp>
          <cntper>Oakley, Karen</cntper>
        </cntperp>
        <cntaddr>
          <addrtype>Mailing and Physical Address</addrtype>
          <address>1011 East Tudor Road</address>
          <city>Anchorage</city>
          <state>AK</state>
          <postal>99503</postal>
          <country>USA</country>
        </cntaddr>
        <cntvoice>907-786-3579</cntvoice>
        <cntfax />
        <cntemail>karen_oakley@nbs.gov</cntemail>
      </cntinfo>
    </ptcontac>
  </idinfo>
  <distinfo>
    <distrib>
      <cntinfo>
        <cntperp>
          <cntper>Oakley, Karen</cntper>
        </cntperp>
        <cntaddr>
          <addrtype>Mailing and Physical Address</addrtype>
          <address>1011 East Tudor Road</address>
          <city>Anchorage</city>
          <state>AK</state>
          <postal>99503</postal>
          <country>USA</country>
        </cntaddr>
        <cntvoice>907-786-3579</cntvoice>
        <cntfax />
        <cntemail>karen_oakley@nbs.gov</cntemail>
      </cntinfo>
    </distrib>
    <distliab>While every effort has been made to ensure that these data are accurate and reliable within the limits of the current state of the art, NOAA cannot assume liability for any damages caused by any errors or omissions in the data, nor as a result of the failure of the data to function on a particular system. NOAA makes no warranty, expressed or implied, nor does the fact of distribution constitute such a warranty.</distliab>
  </distinfo>
  <metainfo>
    <metd>20020424</metd>
    <metc>
      <cntinfo>
        <cntperp>
          <cntper>Kimberly Bahl</cntper>
        </cntperp>
        <cntaddr>
          <addrtype>Mailing and Physical Address</addrtype>
          <address>NOAA / AFSC / PMEL, 7600 Sand Point Way N.E.</address>
          <city>Seattle</city>
          <state>WA</state>
          <postal>98115</postal>
          <country>USA</country>
        </cntaddr>
        <cntvoice>206-526-4314</cntvoice>
        <cntfax>206-526-6485</cntfax>
        <cntemail>kimberly.bahl@noaa.gov</cntemail>
      </cntinfo>
    </metc>
    <metstdn>Content Standards for Digital Geospatial Metadata</metstdn>
    <metstdv>FGDC-STD-001-1998</metstdv>
    <metac>Unknown</metac>
    <metuc>Unknown</metuc>
  </metainfo>
</metadata>
