<metadata>
  <idinfo>
    <citation>
      <citeinfo>
        <origin>U.S. Geological Survey, Geology Division, MS 999</origin>
        <pubdate>Unknown</pubdate>
        <title>Geologic LOng-Range Inclined Asdic (GLORIA) Images</title>
      </citeinfo>
    </citation>
    <descript>
      <abstract>The GLORIA is a long-range, wide-swath sidescan sonar system for use in deep oceanic waters greater than 200 m.  The database consists of about 175 tapes at 1600 bpi containing digital images of the sea floor off the U.S. west coast, Alaska, and Hawaii.  About 55 of the 175 tapes contain raw (unprocessed) images.</abstract>
      <purpose>To create a data base of  images of sea floor off the U.S. west coast, Alaska, and Hawaii.</purpose>
    </descript>
    <timeperd>
      <timeinfo>
        <rngdates>
          <begdate>19840101</begdate>
          <enddate>19981231</enddate>
        </rngdates>
      </timeinfo>
      <current>Ground Condition</current>
    </timeperd>
    <status>
      <progress>In Progress</progress>
      <update>Unknown</update>
    </status>
    <spdom>
      <bounding>
        <westbc>-172</westbc>
        <eastbc>-105</eastbc>
        <northbc>72</northbc>
        <southbc>52</southbc>
      </bounding>
    </spdom>
    <keywords>
      <theme>
        <themekt>North Pacific Ecosystem Metadatabase</themekt>
        <themekey>Oceanography</themekey>
      </theme>
      <theme>
        <themekt>Other</themekt>
        <themekey>Alaska</themekey>
        <themekey>Side-scan Sonar</themekey>
        <themekey>GLORIA</themekey>
        <themekey>Bering Sea</themekey>
        <themekey>Washington, U.S.A.</themekey>
        <themekey>Oregon, USA</themekey>
        <themekey>California, U.S.A.</themekey>
        <themekey>Hawaii</themekey>
        <themekey>Marine Related</themekey>
        <themekey>Geography</themekey>
        <themekey>Arctic</themekey>
        <themekey>North Pacific Ocean</themekey>
      </theme>
    </keywords>
    <accconst>Visit URL or contact Source.</accconst>
    <useconst>None</useconst>
    <ptcontac>
      <cntinfo>
        <cntperp>
          <cntper>Gutmacher, Christina</cntper>
        </cntperp>
        <cntaddr>
          <addrtype>Mailing and Physical Address</addrtype>
          <address>345 Middlefield Road</address>
          <city>Menlo Park</city>
          <state>CA</state>
          <postal>94025</postal>
          <country>USA</country>
        </cntaddr>
        <cntvoice>650-329-5309</cntvoice>
        <cntfax>650-329-5198</cntfax>
        <cntemail>cgutmacher@usgs.gov</cntemail>
      </cntinfo>
    </ptcontac>
  </idinfo>
  <distinfo>
    <distrib>
      <cntinfo>
        <cntperp>
          <cntper>Gutmacher, Christina</cntper>
        </cntperp>
        <cntaddr>
          <addrtype>Mailing and Physical Address</addrtype>
          <address>345 Middlefield Road</address>
          <city>Menlo Park</city>
          <state>CA</state>
          <postal>94025</postal>
          <country>USA</country>
        </cntaddr>
        <cntvoice>650-329-5309</cntvoice>
        <cntfax>650-329-5198</cntfax>
        <cntemail>cgutmacher@usgs.gov</cntemail>
      </cntinfo>
    </distrib>
    <distliab>While every effort has been made to ensure that these data are accurate and reliable within the limits of the current state of the art, NOAA cannot assume liability for any damages caused by any errors or omissions in the data, nor as a result of the failure of the data to function on a particular system. NOAA makes no warranty, expressed or implied, nor does the fact of distribution constitute such a warranty.</distliab>
  </distinfo>
  <metainfo>
    <metd>19980729</metd>
    <metc>
      <cntinfo>
        <cntperp>
          <cntper>Kimberly Bahl</cntper>
        </cntperp>
        <cntaddr>
          <addrtype>Mailing and Physical Address</addrtype>
          <address>NOAA / AFSC / PMEL, 7600 Sand Point Way N.E.</address>
          <city>Seattle</city>
          <state>WA</state>
          <postal>98115</postal>
          <country>USA</country>
        </cntaddr>
        <cntvoice>206-526-4314</cntvoice>
        <cntfax>206-526-6485</cntfax>
        <cntemail>kimberly.bahl@noaa.gov</cntemail>
      </cntinfo>
    </metc>
    <metstdn>Content Standards for Digital Geospatial Metadata</metstdn>
    <metstdv>FGDC-STD-001-1998</metstdv>
    <metac>Visit URL or contact Source.</metac>
    <metuc>None</metuc>
  </metainfo>
</metadata>
