<metadata>
  <idinfo>
    <citation>
      <citeinfo>
        <origin>Japan Meteorological Agency (JMA), Maizuru Marine Observatory</origin>
        <pubdate>September 2001</pubdate>
        <title>PM Line Phytoplankton Data of the Sea of Japan by Maizuru Marine Observatory</title>
      </citeinfo>
    </citation>
    <descript>
      <abstract>Maizuru Marine Observatory of the Japan Meteorological Agency has conducted routine oceanographic research cruises along the PM line for more than 30 years.  PM line oceanographic data set were collected from R.V. Seifu-Maru II-II Ship Observation.  The PM line is based on data taken at three stations; PM4, PM5, and PM6.  Plankton data include diatom cell number and diatom species composition.  The samples were collected at the surface.  

[ Reference: PICES Scientific Report No. 18 2001, Proceedings of the PICES/CoML/IPRC Workshop on "Impact of Climate Variability on Observation and Prediction of Ecosystem and Biodiversity Changes in the North Pacific", http://www.pices.int/publications/scientific_reports/Report18/default.aspx. ]</abstract>
      <purpose>To study the decadal-scale ecosystem change at three of the PM stations located in the offshore Tsushima Current area.</purpose>
    </descript>
    <timeperd>
      <timeinfo>
        <rngdates>
          <begdate>19720101</begdate>
          <enddate>19981231</enddate>
        </rngdates>
      </timeinfo>
      <current>Ground Condition</current>
    </timeperd>
    <status>
      <progress>Complete</progress>
      <update>As Needed</update>
    </status>
    <spdom>
      <bounding>
        <westbc>-134</westbc>
        <eastbc>-135</eastbc>
        <northbc>38.5</northbc>
        <southbc>37</southbc>
      </bounding>
    </spdom>
    <keywords>
      <theme>
        <themekt>North Pacific Ecosystem Metadatabase</themekt>
        <themekey>Plankton</themekey>
      </theme>
      <theme>
        <themekt>Other</themekt>
        <themekey>Diatom</themekey>
        <themekey>Sea of Japan/East Sea</themekey>
        <themekey>North Pacific Ocean</themekey>
      </theme>
    </keywords>
    <accconst>None</accconst>
    <useconst>Contact Source.</useconst>
    <ptcontac>
      <cntinfo>
        <cntperp>
          <cntper>Yoshida, Takashi</cntper>
        </cntperp>
        <cntaddr>
          <addrtype>Mailing Address</addrtype>
          <address>1-3-4 Otemachi, Chiyoda-ku</address>
          <city>Tokyo</city>
          <state />
          <postal>100-8122</postal>
          <country>Japan</country>
        </cntaddr>
        <cntvoice>81-3-3212-8341x5128</cntvoice>
        <cntfax>81-3-3211-3047</cntfax>
        <cntemail>tyoshida@net.kishou.go.jp</cntemail>
      </cntinfo>
    </ptcontac>
  </idinfo>
  <distinfo>
    <distrib>
      <cntinfo>
        <cntperp>
          <cntper>Yoshida, Takashi</cntper>
        </cntperp>
        <cntaddr>
          <addrtype>Mailing Address</addrtype>
          <address>1-3-4 Otemachi, Chiyoda-ku</address>
          <city>Tokyo</city>
          <state />
          <postal>100-8122</postal>
          <country>Japan</country>
        </cntaddr>
        <cntvoice>81-3-3212-8341x5128</cntvoice>
        <cntfax>81-3-3211-3047</cntfax>
        <cntemail>tyoshida@net.kishou.go.jp</cntemail>
      </cntinfo>
    </distrib>
    <distliab>While every effort has been made to ensure that these data are accurate and reliable within the limits of the current state of the art, NOAA cannot assume liability for any damages caused by any errors or omissions in the data, nor as a result of the failure of the data to function on a particular system. NOAA makes no warranty, expressed or implied, nor does the fact of distribution constitute such a warranty.</distliab>
  </distinfo>
  <metainfo>
    <metd>20040112</metd>
    <metc>
      <cntinfo>
        <cntperp>
          <cntper>Kimberly Bahl</cntper>
        </cntperp>
        <cntaddr>
          <addrtype>Mailing and Physical Address</addrtype>
          <address>NOAA / AFSC / PMEL, 7600 Sand Point Way N.E.</address>
          <city>Seattle</city>
          <state>WA</state>
          <postal>98115</postal>
          <country>USA</country>
        </cntaddr>
        <cntvoice>206-526-4314</cntvoice>
        <cntfax>206-526-6485</cntfax>
        <cntemail>kimberly.bahl@noaa.gov</cntemail>
      </cntinfo>
    </metc>
    <metstdn>Content Standards for Digital Geospatial Metadata</metstdn>
    <metstdv>FGDC-STD-001-1998</metstdv>
    <metac>None</metac>
    <metuc>Contact Source.</metuc>
  </metainfo>
</metadata>
