<metadata>
  <idinfo>
    <citation>
      <citeinfo>
        <origin>Scripps Institution of Oceanography (SIO), Marine Life Research Group</origin>
        <pubdate>September 2001</pubdate>
        <title>SIO Shore Station Data</title>
      </citeinfo>
    </citation>
    <descript>
      <abstract>Contains monthly and annual means of sea surface temperature, salinity and density data for the United States West Coast from 1916 to the present.  The data are collected by approximately 20 shore stations located along the West Coast, most in California.  Downloadable raw data are available via ftp site at ftp://ccsweb1.ucsd.edu/pub/shore/.

[ Reference: PICES Scientific Report No. 18 2001, Proceedings of the PICES/CoML/IPRC Workshop on "Impact of Climate Variability on Observation and Prediction of Ecosystem and Biodiversity Changes in the North Pacific", http://www.pices.int/publications/scientific_reports/Report18/default.aspx. ]</abstract>
      <purpose>To understand the</purpose>
    </descript>
    <timeperd>
      <timeinfo>
        <rngdates>
          <begdate>19160819</begdate>
          <enddate />
        </rngdates>
      </timeinfo>
      <current>Ground Condition</current>
    </timeperd>
    <status>
      <progress>In Progress</progress>
      <update>Monthly</update>
    </status>
    <spdom>
      <bounding>
        <westbc>-124</westbc>
        <eastbc>-117.17</eastbc>
        <northbc>43</northbc>
        <southbc>32.83</southbc>
      </bounding>
    </spdom>
    <keywords>
      <theme>
        <themekt>North Pacific Ecosystem Metadatabase</themekt>
        <themekey>Oceanography</themekey>
      </theme>
      <theme>
        <themekt>Other</themekt>
        <themekey>Washington, U.S.A.</themekey>
        <themekey>Oregon, USA</themekey>
        <themekey>California, U.S.A.</themekey>
        <themekey>North Pacific Ocean</themekey>
      </theme>
    </keywords>
    <accconst>None</accconst>
    <useconst>Contact Source.</useconst>
    <ptcontac>
      <cntinfo>
        <cntperp>
          <cntper>Shore Stations Program</cntper>
        </cntperp>
        <cntaddr>
          <addrtype>Mailing Address</addrtype>
          <address>Shore Stations Program, MLRG/0218
9500 Gilman Drive</address>
          <city>San Diego</city>
          <state>CA</state>
          <postal>92093-0218</postal>
          <country>USA</country>
        </cntaddr>
        <cntvoice />
        <cntfax />
        <cntemail>shorestation@ucsd.edu</cntemail>
      </cntinfo>
    </ptcontac>
  </idinfo>
  <distinfo>
    <distrib>
      <cntinfo>
        <cntperp>
          <cntper>Shore Stations Program</cntper>
        </cntperp>
        <cntaddr>
          <addrtype>Mailing Address</addrtype>
          <address>Shore Stations Program, MLRG/0218
9500 Gilman Drive</address>
          <city>San Diego</city>
          <state>CA</state>
          <postal>92093-0218</postal>
          <country>USA</country>
        </cntaddr>
        <cntvoice />
        <cntfax />
        <cntemail>shorestation@ucsd.edu</cntemail>
      </cntinfo>
    </distrib>
    <distliab>While every effort has been made to ensure that these data are accurate and reliable within the limits of the current state of the art, NOAA cannot assume liability for any damages caused by any errors or omissions in the data, nor as a result of the failure of the data to function on a particular system. NOAA makes no warranty, expressed or implied, nor does the fact of distribution constitute such a warranty.</distliab>
  </distinfo>
  <metainfo>
    <metd>20040122</metd>
    <metc>
      <cntinfo>
        <cntperp>
          <cntper>Kimberly Bahl</cntper>
        </cntperp>
        <cntaddr>
          <addrtype>Mailing and Physical Address</addrtype>
          <address>NOAA / AFSC / PMEL, 7600 Sand Point Way N.E.</address>
          <city>Seattle</city>
          <state>WA</state>
          <postal>98115</postal>
          <country>USA</country>
        </cntaddr>
        <cntvoice>206-526-4314</cntvoice>
        <cntfax>206-526-6485</cntfax>
        <cntemail>kimberly.bahl@noaa.gov</cntemail>
      </cntinfo>
    </metc>
    <metstdn>Content Standards for Digital Geospatial Metadata</metstdn>
    <metstdv>FGDC-STD-001-1998</metstdv>
    <metac>None</metac>
    <metuc>Contact Source.</metuc>
  </metainfo>
</metadata>
