<metadata>
  <idinfo>
    <citation>
      <citeinfo>
        <origin>National Oceanic and Atmospheric Administration (NOAA), Office of Oceanic and Atmospheric Research (OAR), Pacific Marine Environmental Laboratory (PMEL)</origin>
        <pubdate>1994</pubdate>
        <title>The Effect of Tropical Instability Waves on CO2 Species Distributions along the Equator in the Eastern Equatorial Pacific during the 1992 ENSO Event</title>
      </citeinfo>
    </citation>
    <descript>
      <abstract>Tropical instability waves have been shown to have a major impact on the variability of temperature and nutrients along the equatorial wave guide. In order to assess
the impact of these features on carbon species distributions during an ENSO event, sea surface temperature, salinity, sigma-t, nitrate, CO fugacity, total inorganic
carbon, total alkalinity, and pH along the equator were measured from 130°W to 100°W during 8-15 May 1992. Concurrent moored measurements of surface
currents and temperature were also made at 0°, 110°W. Results indicate that tropical instability waves, with periods of 15 to 20 days and zonal wavelengths of
700-800 km, controlled the observed spatial variability of the CO species, nitrate and hydrographic parameters at the equator.</abstract>
      <purpose />
    </descript>
    <timeperd>
      <timeinfo />
      <current>Publication Date</current>
    </timeperd>
    <status>
      <progress>Complete</progress>
      <update>None Planned</update>
    </status>
    <spdom>
      <bounding>
        <westbc>-180</westbc>
        <eastbc>-80</eastbc>
        <northbc>10</northbc>
        <southbc>-10</southbc>
      </bounding>
    </spdom>
    <keywords>
      <theme>
        <themekt>Other</themekt>
        <themekey>North Pacific Ocean</themekey>
      </theme>
    </keywords>
    <accconst>Check with Contributor</accconst>
    <useconst>Check with Contributor</useconst>
    <ptcontac>
      <cntinfo>
        <cntperp>
          <cntper>Feely, Richard A.</cntper>
        </cntperp>
        <cntaddr>
          <addrtype>Mailing and Physical Address</addrtype>
          <address>7600 Sand Point Way N.E.</address>
          <city>Seattle</city>
          <state>WA</state>
          <postal>98118</postal>
          <country>USA</country>
        </cntaddr>
        <cntvoice>206-526-6214</cntvoice>
        <cntfax />
        <cntemail>Richard.A.Feely@noaa.gov</cntemail>
      </cntinfo>
    </ptcontac>
  </idinfo>
  <distinfo>
    <distrib>
      <cntinfo>
        <cntperp>
          <cntper>Feely, Richard A.</cntper>
        </cntperp>
        <cntaddr>
          <addrtype>Mailing and Physical Address</addrtype>
          <address>7600 Sand Point Way N.E.</address>
          <city>Seattle</city>
          <state>WA</state>
          <postal>98118</postal>
          <country>USA</country>
        </cntaddr>
        <cntvoice>206-526-6214</cntvoice>
        <cntfax />
        <cntemail>Richard.A.Feely@noaa.gov</cntemail>
      </cntinfo>
    </distrib>
    <distliab>While every effort has been made to ensure that these data are accurate and reliable within the limits of the current state of the art, NOAA cannot assume liability for any damages caused by any errors or omissions in the data, nor as a result of the failure of the data to function on a particular system. NOAA makes no warranty, expressed or implied, nor does the fact of distribution constitute such a warranty.</distliab>
  </distinfo>
  <metainfo>
    <metd>20010308</metd>
    <metc>
      <cntinfo>
        <cntperp>
          <cntper>Kimberly Bahl</cntper>
        </cntperp>
        <cntaddr>
          <addrtype>Mailing and Physical Address</addrtype>
          <address>NOAA / AFSC / PMEL, 7600 Sand Point Way N.E.</address>
          <city>Seattle</city>
          <state>WA</state>
          <postal>98115</postal>
          <country>USA</country>
        </cntaddr>
        <cntvoice>206-526-4314</cntvoice>
        <cntfax>206-526-6485</cntfax>
        <cntemail>kimberly.bahl@noaa.gov</cntemail>
      </cntinfo>
    </metc>
    <metstdn>Content Standards for Digital Geospatial Metadata</metstdn>
    <metstdv>FGDC-STD-001-1998</metstdv>
    <metac>Check with Contributor</metac>
    <metuc>Check with Contributor</metuc>
  </metainfo>
</metadata>
