<metadata>
  <idinfo>
    <citation>
      <citeinfo>
        <origin>Japan Meteorological Agency (JMA), Japan</origin>
        <pubdate />
        <title>Sea Ice Concentration in NEAR-GOOS Regional Real Time Data Base (RRTDB)</title>
      </citeinfo>
    </citation>
    <descript>
      <abstract>
        <p>Sea ice conditions in the north-east Asian marginal seas.  The daily sea ice conditions are analyzed for each 0.05 degree latitudinal and longitudinal squares from 115°E to 165°E between 35°N and 65°N.</p>
        <p>Data sets may be obtained directly from the North-East Asian Regional - Global Ocean Observing System (NEAR-GOOS) Regional Real Time Data Base (RRTDB) at http://goos.kishou.go.jp/ with a user account.  First time users must register to gain database access.</p>
      </abstract>
      <purpose>To offer basic data service to NEAR-GOOS and GOOS communities as part of the NEAR-GOOS project.</purpose>
    </descript>
    <timeperd>
      <timeinfo />
      <current>Ground Condition</current>
    </timeperd>
    <status>
      <progress>In Progress</progress>
      <update>Unknown</update>
    </status>
    <spdom>
      <bounding>
        <westbc>115</westbc>
        <eastbc>165</eastbc>
        <northbc>65</northbc>
        <southbc>35</southbc>
      </bounding>
    </spdom>
    <keywords>
      <theme>
        <themekt>North Pacific Ecosystem Metadatabase</themekt>
        <themekey>Oceanography</themekey>
        <themekey>Ice Physics</themekey>
      </theme>
      <theme>
        <themekt>Other</themekt>
        <themekey>East China Sea</themekey>
        <themekey>Sea of Japan/East Sea</themekey>
        <themekey>Yellow Sea/West Sea</themekey>
        <themekey>Sea Ice</themekey>
        <themekey>North Pacific Ocean</themekey>
      </theme>
    </keywords>
    <accconst>First time users must register to gain database access.</accconst>
    <useconst>None</useconst>
    <ptcontac>
      <cntinfo>
        <cntperp>
          <cntper>Yoshida, Takashi</cntper>
        </cntperp>
        <cntaddr>
          <addrtype>Mailing and Physical Address</addrtype>
          <address>1-3-4 Otemachi, Chiyoda-ku</address>
          <city>Tokyo</city>
          <state />
          <postal>100-8122</postal>
          <country>Japan</country>
        </cntaddr>
        <cntvoice>81-3-3212-8341 x5128</cntvoice>
        <cntfax>81-3-3211-3047</cntfax>
        <cntemail>tyoshida@met.kishou.go.jp</cntemail>
      </cntinfo>
    </ptcontac>
  </idinfo>
  <distinfo>
    <distrib>
      <cntinfo>
        <cntperp>
          <cntper>Yoshida, Takashi</cntper>
        </cntperp>
        <cntaddr>
          <addrtype>Mailing and Physical Address</addrtype>
          <address>1-3-4 Otemachi, Chiyoda-ku</address>
          <city>Tokyo</city>
          <state />
          <postal>100-8122</postal>
          <country>Japan</country>
        </cntaddr>
        <cntvoice>81-3-3212-8341 x5128</cntvoice>
        <cntfax>81-3-3211-3047</cntfax>
        <cntemail>tyoshida@met.kishou.go.jp</cntemail>
      </cntinfo>
    </distrib>
    <distliab>While every effort has been made to ensure that these data are accurate and reliable within the limits of the current state of the art, NOAA cannot assume liability for any damages caused by any errors or omissions in the data, nor as a result of the failure of the data to function on a particular system. NOAA makes no warranty, expressed or implied, nor does the fact of distribution constitute such a warranty.</distliab>
  </distinfo>
  <metainfo>
    <metd>20050418</metd>
    <metc>
      <cntinfo>
        <cntperp>
          <cntper>Kimberly Bahl</cntper>
        </cntperp>
        <cntaddr>
          <addrtype>Mailing and Physical Address</addrtype>
          <address>NOAA / AFSC / PMEL, 7600 Sand Point Way N.E.</address>
          <city>Seattle</city>
          <state>WA</state>
          <postal>98115</postal>
          <country>USA</country>
        </cntaddr>
        <cntvoice>206-526-4314</cntvoice>
        <cntfax>206-526-6485</cntfax>
        <cntemail>kimberly.bahl@noaa.gov</cntemail>
      </cntinfo>
    </metc>
    <metstdn>Content Standards for Digital Geospatial Metadata</metstdn>
    <metstdv>FGDC-STD-001-1998</metstdv>
    <metac>First time users must register to gain database access.</metac>
    <metuc>None</metuc>
  </metainfo>
</metadata>
