<metadata>
  <idinfo>
    <citation>
      <citeinfo>
        <origin>National Oceanic and Atmospheric Administration (NOAA), Office of Oceanic and Atmospheric Research (OAR), Pacific Marine Environmental Laboratory (PMEL)</origin>
        <pubdate>Unknown</pubdate>
        <title>
          1989 April Underway pCO
          <sub>2</sub>
          Data: R/V Discoverer
        </title>
      </citeinfo>
    </citation>
    <descript>
      <abstract>
        Atmospheric and surface sea water pCO2 on board the NOAA ship, Discoverer.  Measurements taken by PMEL scientists from April 7 to 20, 1989.  Underway pCO2 data are available on-line via FTP.  See
        <a href="http://www.pmel.noaa.gov/co2/uwpco2/uwpco2_ftp.html" target="_blank">http://www.pmel.noaa.gov/co2/uwpco2/uwpco2_ftp.html</a>
        to gain data access via a terminal session or go directly to
        <a href="ftp://ftp.pmel.noaa.gov/uwpCO2/" target="_blank">ftp://ftp.pmel.noaa.gov/uwpCO2/</a>
        .
      </abstract>
      <purpose>To create seasonal flux maps.</purpose>
    </descript>
    <timeperd>
      <timeinfo>
        <rngdates>
          <begdate>19890407</begdate>
          <enddate>19890420</enddate>
        </rngdates>
      </timeinfo>
      <current>Sample Date</current>
    </timeperd>
    <status>
      <progress>Complete</progress>
      <update>Unknown</update>
    </status>
    <spdom>
      <bounding>
        <westbc>-148.6</westbc>
        <eastbc>-125.097</eastbc>
        <northbc>47.927</northbc>
        <southbc>-15.353</southbc>
      </bounding>
    </spdom>
    <keywords>
      <theme>
        <themekt>North Pacific Ecosystem Metadatabase</themekt>
        <themekey>Chemistry</themekey>
        <themekey>Oceanography</themekey>
        <themekey>Atmosphere</themekey>
      </theme>
      <theme>
        <themekt>Other</themekt>
        <themekey>Sea Level Pressure</themekey>
        <themekey>Salinity</themekey>
        <themekey>Sea Surface Temperature (SST)</themekey>
        <themekey>Air Temperature</themekey>
        <themekey>Atmospheric Pressure</themekey>
        <themekey>
          Carbon Dioxide (CO
          <sub>2</sub>
          )
        </themekey>
        <themekey>North Pacific Ocean</themekey>
      </theme>
    </keywords>
    <accconst>None</accconst>
    <useconst>Contact Source.</useconst>
    <ptcontac>
      <cntinfo>
        <cntperp>
          <cntper>Cosca, Cathy</cntper>
        </cntperp>
        <cntaddr>
          <addrtype>Mailing and Physical Address</addrtype>
          <address>7600 Sand Point Way N.E.</address>
          <city>Seattle</city>
          <state>WA</state>
          <postal>98115</postal>
          <country>USA</country>
        </cntaddr>
        <cntvoice>206-526-6183</cntvoice>
        <cntfax />
        <cntemail>Cathy.Cosca@noaa.gov</cntemail>
      </cntinfo>
    </ptcontac>
  </idinfo>
  <distinfo>
    <distrib>
      <cntinfo>
        <cntperp>
          <cntper>Cosca, Cathy</cntper>
        </cntperp>
        <cntaddr>
          <addrtype>Mailing and Physical Address</addrtype>
          <address>7600 Sand Point Way N.E.</address>
          <city>Seattle</city>
          <state>WA</state>
          <postal>98115</postal>
          <country>USA</country>
        </cntaddr>
        <cntvoice>206-526-6183</cntvoice>
        <cntfax />
        <cntemail>Cathy.Cosca@noaa.gov</cntemail>
      </cntinfo>
    </distrib>
    <distliab>While every effort has been made to ensure that these data are accurate and reliable within the limits of the current state of the art, NOAA cannot assume liability for any damages caused by any errors or omissions in the data, nor as a result of the failure of the data to function on a particular system. NOAA makes no warranty, expressed or implied, nor does the fact of distribution constitute such a warranty.</distliab>
  </distinfo>
  <metainfo>
    <metd>20041028</metd>
    <metc>
      <cntinfo>
        <cntperp>
          <cntper>Kimberly Bahl</cntper>
        </cntperp>
        <cntaddr>
          <addrtype>Mailing and Physical Address</addrtype>
          <address>NOAA / AFSC / PMEL, 7600 Sand Point Way N.E.</address>
          <city>Seattle</city>
          <state>WA</state>
          <postal>98115</postal>
          <country>USA</country>
        </cntaddr>
        <cntvoice>206-526-4314</cntvoice>
        <cntfax>206-526-6485</cntfax>
        <cntemail>kimberly.bahl@noaa.gov</cntemail>
      </cntinfo>
    </metc>
    <metstdn>Content Standards for Digital Geospatial Metadata</metstdn>
    <metstdv>FGDC-STD-001-1998</metstdv>
    <metac>None</metac>
    <metuc>Contact Source.</metuc>
  </metainfo>
</metadata>
