<metadata>
  <idinfo>
    <citation>
      <citeinfo>
        <origin>University of Alaska Fairbanks (UAF), School of Fisheries and Ocean Sciences (SFOS), Institute of Marine Science (IMS)</origin>
        <pubdate>Unknown</pubdate>
        <title>Institute of Marine Science, U Alaska-Fairbanks Database; Physical, Chemical, Biological and Geological Data</title>
      </citeinfo>
    </citation>
    <descript>
      <abstract>The Institute of Marine Science (IMS) maintains an oceanographic database using the Ingres (tm) relational database management system (RDBMS). It contains physical, chemical, biological and geological data from the Gulf of Alaska, Bering Sea, Chukchi Sea, Beaufort Sea, Prince William Sound, Cook Inlet and other coastal waters. Currently,
the database contains data as far back as 1970 and it is about 500 Mbytes in size.  Access is restricted to IMS researchers. However most data can be extracted from the database and forward to other researchers on a at-cost basis. Copies of most data were submitted to the National Oceanographic Data Center (NODC).

Physical Oceanography
% STD - Salinity, Temperature and Depth. 60% of the database.
% CM - Current Meters.
% TG - Tide Gauges.

Biological Oceanography
% INFAUNA - Benthic Data from the Bering and Chukchi Seas.
% PHYTO - Phytoplankton data from the ISHTAR project.
% ZOOP - Zooplankton data from the ISHTAR, APPRISE and other projects.
% CHL - Chlorophyll data from the ISHTAR project.
% PP - Primary productivity, carbon and nitrogen uptake data from the ISHTAR
project.

Chemical Oceanography
% NUTRIENT - Nutrient chemistry data from the ISHTAR project.
% METAL - Heavy metal concentration data. (very small)

Geological Oceanography
% GRAIN SIZE - Sediment grain size data from the Beaufort and Chukchi seas.

Exxon Oil Spill Data
--------------------
This database is "litigation sensitive." Access is restricted to researchers
working on the Coastal Habitat Injury Assessment (CHIA) project.
% INTERTIDAL
% Invertebrates
% Fishes
% Algae
% Semicircle Density
% Limpet Growth/Survivorship
% Mussel Growth/Survivorship
% Swath Data
% Mussel Histology
% Photo Analysis
% SUBTIDAL
% Shallow Infaunal and Epifaunal Data
% Deep Infaunal Data, 40+ Meters

The Institute of Marine Science (IMS) is the oldest and the largest
unit of the School of Fisheries and Ocean Sciences. It is active in
research and graduate training at the masters and doctoral levels,
supports coastal facilities at Seward and Kasitsna Bay, and operates
the 133-foot research vessel Alpha Helix for the National Science
Foundation.</abstract>
      <purpose>To report on the database maintained by the University of Alaska</purpose>
    </descript>
    <timeperd>
      <timeinfo />
      <current>Ground Condition</current>
    </timeperd>
    <status>
      <progress>Complete</progress>
      <update>None Planned</update>
    </status>
    <spdom>
      <bounding>
        <westbc>174</westbc>
        <eastbc>-130</eastbc>
        <northbc>74</northbc>
        <southbc>56</southbc>
      </bounding>
    </spdom>
    <keywords>
      <theme>
        <themekt>North Pacific Ecosystem Metadatabase</themekt>
        <themekey>Geology</themekey>
      </theme>
      <theme>
        <themekt>Other</themekt>
        <themekey>Alaska Directory</themekey>
        <themekey>Beaufort Sea</themekey>
        <themekey>Chukchi Sea</themekey>
        <themekey>Continental Slope</themekey>
        <themekey>Gulf of Alaska</themekey>
        <themekey>Extra-tropical Cyclones</themekey>
        <themekey>China</themekey>
        <themekey>Bering Sea</themekey>
        <themekey>Antarctica</themekey>
        <themekey>North Pacific Ocean</themekey>
      </theme>
    </keywords>
    <accconst>Contact Source.</accconst>
    <useconst>Contact Source.</useconst>
    <ptcontac>
      <cntinfo>
        <cntperp>
          <cntper>Cermak, Rob</cntper>
        </cntperp>
        <cntaddr>
          <addrtype>Mailing and Physical Address</addrtype>
          <address>245 O'Neill Building, UAF</address>
          <city>Fairbanks</city>
          <state>AK</state>
          <postal>99775</postal>
          <country>USA</country>
        </cntaddr>
        <cntvoice>907-474-7092</cntvoice>
        <cntfax>907-874-7204</cntfax>
        <cntemail>cermak@sfos.uaf.edu</cntemail>
      </cntinfo>
    </ptcontac>
  </idinfo>
  <distinfo>
    <distrib>
      <cntinfo>
        <cntperp>
          <cntper>Cermak, Rob</cntper>
        </cntperp>
        <cntaddr>
          <addrtype>Mailing and Physical Address</addrtype>
          <address>245 O'Neill Building, UAF</address>
          <city>Fairbanks</city>
          <state>AK</state>
          <postal>99775</postal>
          <country>USA</country>
        </cntaddr>
        <cntvoice>907-474-7092</cntvoice>
        <cntfax>907-874-7204</cntfax>
        <cntemail>cermak@sfos.uaf.edu</cntemail>
      </cntinfo>
    </distrib>
    <distliab>While every effort has been made to ensure that these data are accurate and reliable within the limits of the current state of the art, NOAA cannot assume liability for any damages caused by any errors or omissions in the data, nor as a result of the failure of the data to function on a particular system. NOAA makes no warranty, expressed or implied, nor does the fact of distribution constitute such a warranty.</distliab>
  </distinfo>
  <metainfo>
    <metd>19990317</metd>
    <metc>
      <cntinfo>
        <cntperp>
          <cntper>Kimberly Bahl</cntper>
        </cntperp>
        <cntaddr>
          <addrtype>Mailing and Physical Address</addrtype>
          <address>NOAA / AFSC / PMEL, 7600 Sand Point Way N.E.</address>
          <city>Seattle</city>
          <state>WA</state>
          <postal>98115</postal>
          <country>USA</country>
        </cntaddr>
        <cntvoice>206-526-4314</cntvoice>
        <cntfax>206-526-6485</cntfax>
        <cntemail>kimberly.bahl@noaa.gov</cntemail>
      </cntinfo>
    </metc>
    <metstdn>Content Standards for Digital Geospatial Metadata</metstdn>
    <metstdv>FGDC-STD-001-1998</metstdv>
    <metac>Contact Source.</metac>
    <metuc>Contact Source.</metuc>
  </metainfo>
</metadata>
