<metadata>
  <idinfo>
    <citation>
      <citeinfo>
        <origin>National Oceanic and Atmospheric Administration (NOAA), Office of Oceanic and Atmospheric Research (OAR), Pacific Marine Environmental Laboratory (PMEL)</origin>
        <pubdate>1994</pubdate>
        <title>Composition and Sedimentation of Hydrothermal Plume Particles from North Cleft Segment, Juan de Fuca Ridge</title>
      </citeinfo>
    </citation>
    <descript>
      <abstract>In 1990 and 1991, particles from buoyant and neutrally buoyant hydrothermal plumes above hydrothermal vents at the North Cleft segment of the Juan de Fuca
Ridge were sampled to study their changing composition and fluxes away from the vent field. In the rising buoyant plume, &gt;75% of the P, V, Cr, and As scavenging
from seawater by hydrothermal precipitates occurs in the first 50 m above the vent. Cu and Zn are most enriched in buoyant plume particles collected from the first
few meters above the vent. However, the degree of enrichment decreases very rapidly with increased height above the vents due to sedimentation of the more dense
Cu- and Zn-rich sulfide phases. Using the plume data, coupled with the results of our analysis of sediment trap samples, we estimated that more than 99% and
99.9%, respectively, of the total hydrothermal Fe and Mn produced at the vent field are transported beyond the vent field and dispersed in the open ocean.</abstract>
      <purpose />
    </descript>
    <timeperd>
      <timeinfo />
      <current>Publication Date</current>
    </timeperd>
    <status>
      <progress>Complete</progress>
      <update>None Planned</update>
    </status>
    <spdom>
      <bounding>
        <westbc>-130.17</westbc>
        <eastbc>-129.83</eastbc>
        <northbc>45.33</northbc>
        <southbc>44.5</southbc>
      </bounding>
    </spdom>
    <keywords>
      <theme>
        <themekt>Other</themekt>
        <themekey>North Pacific Ocean</themekey>
      </theme>
    </keywords>
    <accconst>Check with Contributor</accconst>
    <useconst>Check with Contributor</useconst>
    <ptcontac>
      <cntinfo>
        <cntperp>
          <cntper>Feely, Richard A.</cntper>
        </cntperp>
        <cntaddr>
          <addrtype>Mailing and Physical Address</addrtype>
          <address>7600 Sand Point Way N.E.</address>
          <city>Seattle</city>
          <state>WA</state>
          <postal>98118</postal>
          <country>USA</country>
        </cntaddr>
        <cntvoice>206-526-6214</cntvoice>
        <cntfax />
        <cntemail>Richard.A.Feely@noaa.gov</cntemail>
      </cntinfo>
    </ptcontac>
  </idinfo>
  <distinfo>
    <distrib>
      <cntinfo>
        <cntperp>
          <cntper>Feely, Richard A.</cntper>
        </cntperp>
        <cntaddr>
          <addrtype>Mailing and Physical Address</addrtype>
          <address>7600 Sand Point Way N.E.</address>
          <city>Seattle</city>
          <state>WA</state>
          <postal>98118</postal>
          <country>USA</country>
        </cntaddr>
        <cntvoice>206-526-6214</cntvoice>
        <cntfax />
        <cntemail>Richard.A.Feely@noaa.gov</cntemail>
      </cntinfo>
    </distrib>
    <distliab>While every effort has been made to ensure that these data are accurate and reliable within the limits of the current state of the art, NOAA cannot assume liability for any damages caused by any errors or omissions in the data, nor as a result of the failure of the data to function on a particular system. NOAA makes no warranty, expressed or implied, nor does the fact of distribution constitute such a warranty.</distliab>
  </distinfo>
  <metainfo>
    <metd>20010308</metd>
    <metc>
      <cntinfo>
        <cntperp>
          <cntper>Kimberly Bahl</cntper>
        </cntperp>
        <cntaddr>
          <addrtype>Mailing and Physical Address</addrtype>
          <address>NOAA / AFSC / PMEL, 7600 Sand Point Way N.E.</address>
          <city>Seattle</city>
          <state>WA</state>
          <postal>98115</postal>
          <country>USA</country>
        </cntaddr>
        <cntvoice>206-526-4314</cntvoice>
        <cntfax>206-526-6485</cntfax>
        <cntemail>kimberly.bahl@noaa.gov</cntemail>
      </cntinfo>
    </metc>
    <metstdn>Content Standards for Digital Geospatial Metadata</metstdn>
    <metstdv>FGDC-STD-001-1998</metstdv>
    <metac>Check with Contributor</metac>
    <metuc>Check with Contributor</metuc>
  </metainfo>
</metadata>
