<metadata>
  <idinfo>
    <citation>
      <citeinfo>
        <origin>University of Washington (UW), International Pacific Halibut Commission (IPHC)</origin>
        <pubdate>Unknown</pubdate>
        <title>Population Dynamics Model Output Since 1974</title>
      </citeinfo>
    </citation>
    <descript>
      <abstract>The commercial and research data collected are input to a complex size, sex and age structured model.  The model produces estimates from 1974 to the present) of exploitable biomass, exploitation rates, fishing mortality, annual surplus production and recruitment.  Estimates of recruitment and exploitable biomass prior to 1974 are available from a VPA type analysis.  

[ Reference: PICES Scientific Report No. 18 2001, Proceedings of the PICES/CoML/IPRC Workshop on "Impact of Climate Variability on Observation and Prediction of Ecosystem and Biodiversity Changes in the North Pacific", http://www.pices.int/publications/scientific_reports/Report18/default.aspx. ]</abstract>
      <purpose>To assess the population dynamics of the Pacific halibut resource.</purpose>
    </descript>
    <timeperd>
      <timeinfo>
        <rngdates>
          <begdate>19740101</begdate>
          <enddate />
        </rngdates>
      </timeinfo>
      <current>Ground Condition</current>
    </timeperd>
    <status>
      <progress>In Progress</progress>
      <update>Unknown</update>
    </status>
    <spdom>
      <bounding>
        <westbc>-170</westbc>
        <eastbc>-124.08</eastbc>
        <northbc>60</northbc>
        <southbc>44.67</southbc>
      </bounding>
    </spdom>
    <keywords>
      <theme>
        <themekt>North Pacific Ecosystem Metadatabase</themekt>
        <themekey>Fish</themekey>
      </theme>
      <theme>
        <themekt>Other</themekt>
        <themekey>Pacific Halibut</themekey>
        <themekey>North Pacific Ocean</themekey>
      </theme>
    </keywords>
    <accconst>Contact Source.</accconst>
    <useconst>Contact Source.</useconst>
    <ptcontac>
      <cntinfo>
        <cntperp>
          <cntper>Leaman, Bruce</cntper>
        </cntperp>
        <cntaddr>
          <addrtype>Mailing Address</addrtype>
          <address>P.O. Box 95009</address>
          <city>Seattle</city>
          <state>WA</state>
          <postal>98145-2009</postal>
          <country>USA</country>
        </cntaddr>
        <cntvoice>206-634-1838</cntvoice>
        <cntfax>206-632-2983</cntfax>
        <cntemail>bruce@iphc.washington.edu</cntemail>
      </cntinfo>
    </ptcontac>
  </idinfo>
  <distinfo>
    <distrib>
      <cntinfo>
        <cntperp>
          <cntper>Leaman, Bruce</cntper>
        </cntperp>
        <cntaddr>
          <addrtype>Mailing Address</addrtype>
          <address>P.O. Box 95009</address>
          <city>Seattle</city>
          <state>WA</state>
          <postal>98145-2009</postal>
          <country>USA</country>
        </cntaddr>
        <cntvoice>206-634-1838</cntvoice>
        <cntfax>206-632-2983</cntfax>
        <cntemail>bruce@iphc.washington.edu</cntemail>
      </cntinfo>
    </distrib>
    <distliab>While every effort has been made to ensure that these data are accurate and reliable within the limits of the current state of the art, NOAA cannot assume liability for any damages caused by any errors or omissions in the data, nor as a result of the failure of the data to function on a particular system. NOAA makes no warranty, expressed or implied, nor does the fact of distribution constitute such a warranty.</distliab>
  </distinfo>
  <metainfo>
    <metd>20040225</metd>
    <metc>
      <cntinfo>
        <cntperp>
          <cntper>Kimberly Bahl</cntper>
        </cntperp>
        <cntaddr>
          <addrtype>Mailing and Physical Address</addrtype>
          <address>NOAA / AFSC / PMEL, 7600 Sand Point Way N.E.</address>
          <city>Seattle</city>
          <state>WA</state>
          <postal>98115</postal>
          <country>USA</country>
        </cntaddr>
        <cntvoice>206-526-4314</cntvoice>
        <cntfax>206-526-6485</cntfax>
        <cntemail>kimberly.bahl@noaa.gov</cntemail>
      </cntinfo>
    </metc>
    <metstdn>Content Standards for Digital Geospatial Metadata</metstdn>
    <metstdv>FGDC-STD-001-1998</metstdv>
    <metac>Contact Source.</metac>
    <metuc>Contact Source.</metuc>
  </metainfo>
</metadata>
