<metadata>
  <idinfo>
    <citation>
      <citeinfo>
        <origin>Alaska Department of Fish and Game (ADF&amp;G), Division of Commercial Fisheries, Management and Development Division</origin>
        <pubdate>1960 - Present</pubdate>
        <title>Volume 12.  Fish &amp; Wildlife  Service Annual Management Report , [1973 - 1975]  Bristol Bay Area</title>
      </citeinfo>
    </citation>
    <descript>
      <abstract>Each annual management report includes a description of the management area and an overview of the fishery.  The commercial salmon fishery section includes information on run strength indicators, economics and market production, run and harvest performance by species and a season summary by fishing district.  The subsistence salmon fishery section provides a discussion of regulations, in season management permit system and harvest.  The herring fishery section outlines stock assessment methods, predicts an overview of herring sac roe, spawn on kelp, capelin and rainbow smelt fisheries, gives a season summary by fisheries and evaluates exploitation rates of ex-vessel values.</abstract>
      <purpose>Annual summary of what happened in the commercial and subsistence salmon fisheries and the herring fishery in the Bristol Bay area</purpose>
    </descript>
    <timeperd>
      <timeinfo>
        <rngdates>
          <begdate>19730101</begdate>
          <enddate>19751231</enddate>
        </rngdates>
      </timeinfo>
      <current>Other</current>
    </timeperd>
    <status>
      <progress>Complete</progress>
      <update>Annually</update>
    </status>
    <spdom>
      <bounding>
        <westbc>-162</westbc>
        <eastbc>-157</eastbc>
        <northbc>59</northbc>
        <southbc>56</southbc>
      </bounding>
    </spdom>
    <keywords>
      <theme>
        <themekt>North Pacific Ecosystem Metadatabase</themekt>
        <themekey>Fish</themekey>
        <themekey>Intertidal</themekey>
        <themekey>Management</themekey>
      </theme>
      <theme>
        <themekt>Other</themekt>
        <themekey>North Pacific Ocean</themekey>
      </theme>
    </keywords>
    <accconst>Request for one or two pages of data and/or short reports can usually be accommodated.</accconst>
    <useconst>Republications of materials in this report series may be authorized by the department</useconst>
    <ptcontac>
      <cntinfo>
        <cntperp>
          <cntper>Regnart, Jeff</cntper>
        </cntperp>
        <cntaddr>
          <addrtype>Mailing and Physical Address</addrtype>
          <address>333 Raspberry Road</address>
          <city>Anchorage</city>
          <state>AK</state>
          <postal>99518-1599</postal>
          <country>USA</country>
        </cntaddr>
        <cntvoice>907-267-2104</cntvoice>
        <cntfax>907-267-2442</cntfax>
        <cntemail>jeffr@fishgame.state.ak.us</cntemail>
      </cntinfo>
    </ptcontac>
  </idinfo>
  <distinfo>
    <distrib>
      <cntinfo>
        <cntperp>
          <cntper>Regnart, Jeff</cntper>
        </cntperp>
        <cntaddr>
          <addrtype>Mailing and Physical Address</addrtype>
          <address>333 Raspberry Road</address>
          <city>Anchorage</city>
          <state>AK</state>
          <postal>99518-1599</postal>
          <country>USA</country>
        </cntaddr>
        <cntvoice>907-267-2104</cntvoice>
        <cntfax>907-267-2442</cntfax>
        <cntemail>jeffr@fishgame.state.ak.us</cntemail>
      </cntinfo>
    </distrib>
    <distliab>While every effort has been made to ensure that these data are accurate and reliable within the limits of the current state of the art, NOAA cannot assume liability for any damages caused by any errors or omissions in the data, nor as a result of the failure of the data to function on a particular system. NOAA makes no warranty, expressed or implied, nor does the fact of distribution constitute such a warranty.</distliab>
  </distinfo>
  <metainfo>
    <metd>19980710</metd>
    <metc>
      <cntinfo>
        <cntperp>
          <cntper>Kimberly Bahl</cntper>
        </cntperp>
        <cntaddr>
          <addrtype>Mailing and Physical Address</addrtype>
          <address>NOAA / AFSC / PMEL, 7600 Sand Point Way N.E.</address>
          <city>Seattle</city>
          <state>WA</state>
          <postal>98115</postal>
          <country>USA</country>
        </cntaddr>
        <cntvoice>206-526-4314</cntvoice>
        <cntfax>206-526-6485</cntfax>
        <cntemail>kimberly.bahl@noaa.gov</cntemail>
      </cntinfo>
    </metc>
    <metstdn>Content Standards for Digital Geospatial Metadata</metstdn>
    <metstdv>FGDC-STD-001-1998</metstdv>
    <metac>Request for one or two pages of data and/or short reports can usually be accommodated.</metac>
    <metuc>Republications of materials in this report series may be authorized by the department</metuc>
  </metainfo>
</metadata>
