<metadata>
  <idinfo>
    <citation>
      <citeinfo>
        <origin>National Climatic Data Center (NCDC), National Environmental Satellite, Data and Information Service (NESDIS), National Oceanic and Atmospheric Administration (NOAA)</origin>
        <pubdate>Unknown</pubdate>
        <title>Surface Marine Data</title>
      </citeinfo>
    </citation>
    <descript>
      <abstract>Synoptic observations taken aboard ships of opportunity, research vessels, and navy ships.  All standard surface meteorological elements are recorded.  In addition, sea surface temperature, ice accretion, and wave direction/height are most often observed.  The data set contains observations received from Global Telecommunications System (GTS) international exchange and ships logs.  Observations usually taken at 4 main GMT synoptic hours but some 3-hourly intermediate observations also are included.  Recent (1970's) adjunct data set contains permanent and drifting buoy data (TD-1132). Data consists of approximately 328 reels CCT at 6250 bpi and the bytes per record are variable.</abstract>
      <purpose>To create a data set containing observations received from Global Telecommunications System (GTS) international exchange and ships logs.</purpose>
    </descript>
    <timeperd>
      <timeinfo>
        <rngdates>
          <begdate>18500101</begdate>
          <enddate>19981231</enddate>
        </rngdates>
      </timeinfo>
      <current>Ground Condition</current>
    </timeperd>
    <status>
      <progress>Complete</progress>
      <update>Unknown</update>
    </status>
    <spdom>
      <bounding>
        <westbc>-180</westbc>
        <eastbc>180</eastbc>
        <northbc>85</northbc>
        <southbc>60</southbc>
      </bounding>
    </spdom>
    <keywords>
      <theme>
        <themekt>North Pacific Ecosystem Metadatabase</themekt>
        <themekey>Meteorology</themekey>
      </theme>
      <theme>
        <themekt>Other</themekt>
        <themekey>Arctic</themekey>
        <themekey>Precipitation</themekey>
        <themekey>Temperature</themekey>
        <themekey>Wind</themekey>
        <themekey>Vessel Icing</themekey>
        <themekey>North Pacific Ocean</themekey>
      </theme>
    </keywords>
    <accconst>None</accconst>
    <useconst>None</useconst>
    <ptcontac>
      <cntinfo>
        <cntperp>
          <cntper>National Climatic Data Center</cntper>
        </cntperp>
        <cntaddr>
          <addrtype>Mailing and Physical Address</addrtype>
          <address>151 Patton Avenue</address>
          <city>Asheville</city>
          <state>NC</state>
          <postal>28801-5001</postal>
          <country>USA</country>
        </cntaddr>
        <cntvoice>828-271-4800</cntvoice>
        <cntfax>828-271-4876</cntfax>
        <cntemail>ncdc.info@noaa.gov</cntemail>
      </cntinfo>
    </ptcontac>
  </idinfo>
  <distinfo>
    <distrib>
      <cntinfo>
        <cntperp>
          <cntper>National Climatic Data Center</cntper>
        </cntperp>
        <cntaddr>
          <addrtype>Mailing and Physical Address</addrtype>
          <address>151 Patton Avenue</address>
          <city>Asheville</city>
          <state>NC</state>
          <postal>28801-5001</postal>
          <country>USA</country>
        </cntaddr>
        <cntvoice>828-271-4800</cntvoice>
        <cntfax>828-271-4876</cntfax>
        <cntemail>ncdc.info@noaa.gov</cntemail>
      </cntinfo>
    </distrib>
    <distliab>While every effort has been made to ensure that these data are accurate and reliable within the limits of the current state of the art, NOAA cannot assume liability for any damages caused by any errors or omissions in the data, nor as a result of the failure of the data to function on a particular system. NOAA makes no warranty, expressed or implied, nor does the fact of distribution constitute such a warranty.</distliab>
  </distinfo>
  <metainfo>
    <metd>19980803</metd>
    <metc>
      <cntinfo>
        <cntperp>
          <cntper>Kimberly Bahl</cntper>
        </cntperp>
        <cntaddr>
          <addrtype>Mailing and Physical Address</addrtype>
          <address>NOAA / AFSC / PMEL, 7600 Sand Point Way N.E.</address>
          <city>Seattle</city>
          <state>WA</state>
          <postal>98115</postal>
          <country>USA</country>
        </cntaddr>
        <cntvoice>206-526-4314</cntvoice>
        <cntfax>206-526-6485</cntfax>
        <cntemail>kimberly.bahl@noaa.gov</cntemail>
      </cntinfo>
    </metc>
    <metstdn>Content Standards for Digital Geospatial Metadata</metstdn>
    <metstdv>FGDC-STD-001-1998</metstdv>
    <metac>None</metac>
    <metuc>None</metuc>
  </metainfo>
</metadata>
