<metadata>
  <idinfo>
    <citation>
      <citeinfo>
        <origin>University of Alaska Fairbanks (UAF), School of Fisheries and Ocean Sciences (SFOS), Institute of Marine Science (IMS)</origin>
        <pubdate>1998</pubdate>
        <title>Naupliar Development of Metridia Pacific (Copepoda Calanoida) Reared in the Laboratory</title>
      </citeinfo>
    </citation>
    <descript>
      <abstract>
        <p>All 6 stages of Metridia pacific are described.  Naupliar development is compared within the genus Metridia and external morphological characteristics are discussed with respect to previous studies on co-occurring nauplii of Calanus, Neocalanus and Pseudocalanus.  A key to the identification of the Naupliar stages is provided.</p>
        <p>Reference: Pinchuk, A.I., and A.J. Paul (1998). Growth of Metridia pacifica (Copepoda: Calanoida) nauplii in the laboratory. Plankton Biology and Ecology, Vol. 45, Issue 2, pp. 195-201 (August 1998).</p>
      </abstract>
      <purpose>To describe the Nauplii taxa and recruitment in the Aleutian basin.  A key to the identification of the Naupliar stages is provided.</purpose>
    </descript>
    <timeperd>
      <timeinfo>
        <rngdates>
          <begdate>19920401</begdate>
          <enddate>19930401</enddate>
        </rngdates>
      </timeinfo>
      <current>Ground Condition</current>
    </timeperd>
    <status>
      <progress>Complete</progress>
      <update>None Planned</update>
    </status>
    <spdom>
      <bounding>
        <westbc>163</westbc>
        <eastbc>-157</eastbc>
        <northbc>65.5</northbc>
        <southbc>52</southbc>
      </bounding>
    </spdom>
    <keywords>
      <theme>
        <themekt>North Pacific Ecosystem Metadatabase</themekt>
        <themekey>Plankton</themekey>
      </theme>
      <theme>
        <themekt>Other</themekt>
        <themekey>Bering Sea</themekey>
        <themekey>Zooplankton</themekey>
        <themekey>Copepods</themekey>
        <themekey>North Pacific Ocean</themekey>
      </theme>
    </keywords>
    <accconst>All existing data are published.</accconst>
    <useconst>None. All existing data are published.</useconst>
    <ptcontac>
      <cntinfo>
        <cntperp>
          <cntper>Paul, A.J.</cntper>
        </cntperp>
        <cntaddr>
          <addrtype>Mailing and Physical Address</addrtype>
          <address>P.O. Box 730</address>
          <city>Seward</city>
          <state>AK</state>
          <postal>99664</postal>
          <country>USA</country>
        </cntaddr>
        <cntvoice>907-224-5261</cntvoice>
        <cntfax>907-224-3392</cntfax>
        <cntemail>ffeajp@hotmail.com</cntemail>
      </cntinfo>
    </ptcontac>
  </idinfo>
  <distinfo>
    <distrib>
      <cntinfo>
        <cntperp>
          <cntper>Paul, A.J.</cntper>
        </cntperp>
        <cntaddr>
          <addrtype>Mailing and Physical Address</addrtype>
          <address>P.O. Box 730</address>
          <city>Seward</city>
          <state>AK</state>
          <postal>99664</postal>
          <country>USA</country>
        </cntaddr>
        <cntvoice>907-224-5261</cntvoice>
        <cntfax>907-224-3392</cntfax>
        <cntemail>ffeajp@hotmail.com</cntemail>
      </cntinfo>
    </distrib>
    <distliab>While every effort has been made to ensure that these data are accurate and reliable within the limits of the current state of the art, NOAA cannot assume liability for any damages caused by any errors or omissions in the data, nor as a result of the failure of the data to function on a particular system. NOAA makes no warranty, expressed or implied, nor does the fact of distribution constitute such a warranty.</distliab>
  </distinfo>
  <metainfo>
    <metd>19980723</metd>
    <metc>
      <cntinfo>
        <cntperp>
          <cntper>Kimberly Bahl</cntper>
        </cntperp>
        <cntaddr>
          <addrtype>Mailing and Physical Address</addrtype>
          <address>NOAA / AFSC / PMEL, 7600 Sand Point Way N.E.</address>
          <city>Seattle</city>
          <state>WA</state>
          <postal>98115</postal>
          <country>USA</country>
        </cntaddr>
        <cntvoice>206-526-4314</cntvoice>
        <cntfax>206-526-6485</cntfax>
        <cntemail>kimberly.bahl@noaa.gov</cntemail>
      </cntinfo>
    </metc>
    <metstdn>Content Standards for Digital Geospatial Metadata</metstdn>
    <metstdv>FGDC-STD-001-1998</metstdv>
    <metac>All existing data are published.</metac>
    <metuc>None. All existing data are published.</metuc>
  </metainfo>
</metadata>
