<metadata>
  <idinfo>
    <citation>
      <citeinfo>
        <origin>National Oceanic and Atmospheric Administration (NOAA)</origin>
        <pubdate>1982 - present</pubdate>
        <title>Thematic Mapper (TM) Landsat Data</title>
      </citeinfo>
    </citation>
    <descript>
      <abstract>Data Type: Remotely Sensed Data;   A TM instrument is flown on Landsat 4 and 5, the last two of the five Landsats. Both satellite's TM radiometers acquire day and night data which are systematically corrected during processing. The standard digital data product is in a band sequential (BSQ) FAST format. Landsat 4 and 5's TM mechanical scanning radiometers operate in 7 channels of the electromagnetic spectrum (band 1 spectral range is .45-.52 micometers, band 2 is .52-.60, band 3 is .63-.69, band 4 is .76-.90, band 5 is 1.55-1.75, band 6 is 10.40-12.50, and band 7 is 2.08-2.35). Six reflective bands are blue, green, red, and near infrared. Two shortwave infrared bands and a band measuring emitted energy 10.4 to 12.5 micrometers and has 120 meter ground resolution. Landsat 4 was launched 7/16/82 with Landsat 5 following on 3/1/84. Paths 57-68 and Rows 17-20 cover Prince William Sound Copper River Region and Glacier Bay Ecosystem Initiative Areas.</abstract>
      <purpose>To be used by private commercial organizations, public agencies, and governmental organizations around the world for urban and regional planning, environmental monitoring, conservation, mineral exploration, and many other applications.</purpose>
    </descript>
    <timeperd>
      <timeinfo>
        <rngdates>
          <begdate>19820101</begdate>
          <enddate>20021231</enddate>
        </rngdates>
      </timeinfo>
      <current>Ground Condition</current>
    </timeperd>
    <status>
      <progress>Complete</progress>
      <update>Unknown</update>
    </status>
    <spdom>
      <bounding>
        <westbc>-148</westbc>
        <eastbc>-136</eastbc>
        <northbc>62.75</northbc>
        <southbc>58.58</southbc>
      </bounding>
    </spdom>
    <keywords>
      <theme>
        <themekt>North Pacific Ecosystem Metadatabase</themekt>
        <themekey>Geology</themekey>
        <themekey>Management</themekey>
      </theme>
      <theme>
        <themekt>Other</themekt>
        <themekey>Remotely Sensed Data</themekey>
        <themekey>LANDSAT</themekey>
        <themekey>Alaska</themekey>
        <themekey>North Pacific Ocean</themekey>
      </theme>
    </keywords>
    <accconst>For data from 1978-1988, contact the GeoData Center.       For data collected after 1988 see NOAA or USGS.</accconst>
    <useconst>Unknown</useconst>
    <ptcontac>
      <cntinfo>
        <cntperp>
          <cntper>Oakley, Karen</cntper>
        </cntperp>
        <cntaddr>
          <addrtype>Mailing and Physical Address</addrtype>
          <address>1011 East Tudor Road</address>
          <city>Anchorage</city>
          <state>AK</state>
          <postal>99503</postal>
          <country>USA</country>
        </cntaddr>
        <cntvoice>907-786-3579</cntvoice>
        <cntfax />
        <cntemail>karen_oakley@nbs.gov</cntemail>
      </cntinfo>
    </ptcontac>
  </idinfo>
  <distinfo>
    <distrib>
      <cntinfo>
        <cntperp>
          <cntper>Oakley, Karen</cntper>
        </cntperp>
        <cntaddr>
          <addrtype>Mailing and Physical Address</addrtype>
          <address>1011 East Tudor Road</address>
          <city>Anchorage</city>
          <state>AK</state>
          <postal>99503</postal>
          <country>USA</country>
        </cntaddr>
        <cntvoice>907-786-3579</cntvoice>
        <cntfax />
        <cntemail>karen_oakley@nbs.gov</cntemail>
      </cntinfo>
    </distrib>
    <distliab>While every effort has been made to ensure that these data are accurate and reliable within the limits of the current state of the art, NOAA cannot assume liability for any damages caused by any errors or omissions in the data, nor as a result of the failure of the data to function on a particular system. NOAA makes no warranty, expressed or implied, nor does the fact of distribution constitute such a warranty.</distliab>
  </distinfo>
  <metainfo>
    <metd>20020502</metd>
    <metc>
      <cntinfo>
        <cntperp>
          <cntper>Kimberly Bahl</cntper>
        </cntperp>
        <cntaddr>
          <addrtype>Mailing and Physical Address</addrtype>
          <address>NOAA / AFSC / PMEL, 7600 Sand Point Way N.E.</address>
          <city>Seattle</city>
          <state>WA</state>
          <postal>98115</postal>
          <country>USA</country>
        </cntaddr>
        <cntvoice>206-526-4314</cntvoice>
        <cntfax>206-526-6485</cntfax>
        <cntemail>kimberly.bahl@noaa.gov</cntemail>
      </cntinfo>
    </metc>
    <metstdn>Content Standards for Digital Geospatial Metadata</metstdn>
    <metstdv>FGDC-STD-001-1998</metstdv>
    <metac>For data from 1978-1988, contact the GeoData Center.       For data collected after 1988 see NOAA or USGS.</metac>
    <metuc>Unknown</metuc>
  </metainfo>
</metadata>
