<metadata>
  <idinfo>
    <citation>
      <citeinfo>
        <origin>Japan Agency for Marine-Earth Science and Technology (JAMSTEC)</origin>
        <pubdate>Unknown</pubdate>
        <title>JAMSTEC Research Vessel MIRAI Cruise Reports and Data Sets</title>
      </citeinfo>
    </citation>
    <descript>
      <abstract>
        <p>JAMSTEC provides it's R/V MIRAI cruise reports and data sets on-line. Cruise dates range from 30 October 1998 to 05 September 2005. Cruise areas are mainly of the Pacific Ocean.</p>
        <p>Data provided include general oceanographical, geophysical, and meteorological observations, and chemical and sediment analyses.</p>
      </abstract>
      <purpose>To provide cruise reports and data to the public.</purpose>
    </descript>
    <timeperd>
      <timeinfo>
        <rngdates>
          <begdate>19981030</begdate>
          <enddate>20050905</enddate>
        </rngdates>
      </timeinfo>
      <current>Sample Date</current>
    </timeperd>
    <status>
      <progress>Planned</progress>
      <update>Unknown</update>
    </status>
    <spdom>
      <bounding>
        <westbc>-180</westbc>
        <eastbc>180</eastbc>
        <northbc>75</northbc>
        <southbc>-58</southbc>
      </bounding>
    </spdom>
    <keywords>
      <theme>
        <themekt>North Pacific Ecosystem Metadatabase</themekt>
        <themekey>Chemistry</themekey>
        <themekey>Meteorology</themekey>
        <themekey>Oceanography</themekey>
        <themekey>Atmosphere</themekey>
      </theme>
      <theme>
        <themekt>Other</themekt>
        <themekey>East China Sea</themekey>
        <themekey>Sea of Japan/East Sea</themekey>
        <themekey>Gulf of Alaska</themekey>
        <themekey>Bering Sea</themekey>
        <themekey>North Pacific Ocean</themekey>
        <themekey>Arctic Ocean</themekey>
      </theme>
    </keywords>
    <accconst>Review http://www.jamstec.go.jp/mirai/eng/general_eng.html</accconst>
    <useconst>Review http://www.jamstec.go.jp/mirai/eng/general_eng.html</useconst>
    <ptcontac>
      <cntinfo>
        <cntperp>
          <cntper>MARITEC</cntper>
        </cntperp>
        <cntaddr>
          <addrtype>Mailing Address</addrtype>
          <address>2-15 Natsushima</address>
          <city>Yokosuka</city>
          <state>Kanagawa</state>
          <postal>237-0061</postal>
          <country>Japan</country>
        </cntaddr>
        <cntvoice>+81-46-866-3811</cntvoice>
        <cntfax>+81-46-867-9455</cntfax>
        <cntemail>dmo@jamstec.go.jp</cntemail>
      </cntinfo>
    </ptcontac>
  </idinfo>
  <distinfo>
    <distrib>
      <cntinfo>
        <cntperp>
          <cntper>MARITEC</cntper>
        </cntperp>
        <cntaddr>
          <addrtype>Mailing Address</addrtype>
          <address>2-15 Natsushima</address>
          <city>Yokosuka</city>
          <state>Kanagawa</state>
          <postal>237-0061</postal>
          <country>Japan</country>
        </cntaddr>
        <cntvoice>+81-46-866-3811</cntvoice>
        <cntfax>+81-46-867-9455</cntfax>
        <cntemail>dmo@jamstec.go.jp</cntemail>
      </cntinfo>
    </distrib>
    <distliab>While every effort has been made to ensure that these data are accurate and reliable within the limits of the current state of the art, NOAA cannot assume liability for any damages caused by any errors or omissions in the data, nor as a result of the failure of the data to function on a particular system. NOAA makes no warranty, expressed or implied, nor does the fact of distribution constitute such a warranty.</distliab>
  </distinfo>
  <metainfo>
    <metd>20050926</metd>
    <metc>
      <cntinfo>
        <cntperp>
          <cntper>Kimberly Bahl</cntper>
        </cntperp>
        <cntaddr>
          <addrtype>Mailing and Physical Address</addrtype>
          <address>NOAA / AFSC / PMEL, 7600 Sand Point Way N.E.</address>
          <city>Seattle</city>
          <state>WA</state>
          <postal>98115</postal>
          <country>USA</country>
        </cntaddr>
        <cntvoice>206-526-4314</cntvoice>
        <cntfax>206-526-6485</cntfax>
        <cntemail>kimberly.bahl@noaa.gov</cntemail>
      </cntinfo>
    </metc>
    <metstdn>Content Standards for Digital Geospatial Metadata</metstdn>
    <metstdv>FGDC-STD-001-1998</metstdv>
    <metac>Review http://www.jamstec.go.jp/mirai/eng/general_eng.html</metac>
    <metuc>Review http://www.jamstec.go.jp/mirai/eng/general_eng.html</metuc>
  </metainfo>
</metadata>
