<metadata>
  <idinfo>
    <citation>
      <citeinfo>
        <origin>Sharon L. Smith, Julio Vidal and Peter V.Z. Lane</origin>
        <pubdate>198204</pubdate>
        <title>PROBES: 1979 - 1980 Zooplankton Data Report - Processes and Resources of the Bering Sea Shelf Data Report PDR 82-011</title>
      </citeinfo>
    </citation>
    <descript>
      <abstract>Southeastern Bering Sea shelf and slope. Counts of individuals and life stages for all major taxa of Zooplankton covering spring, summer and autumn. Data are depth-stratified and extend to 1200 meters.</abstract>
      <purpose>PROBES investigated the food web of the Bering Sea shelf to determine the physical chemical and biological reasons why Pollock fisheries and crab fisheries are located in particular portions of the Bering Sea.</purpose>
    </descript>
    <timeperd>
      <timeinfo>
        <rngdates>
          <begdate>19790101</begdate>
          <enddate>19801231</enddate>
        </rngdates>
      </timeinfo>
      <current>Sample Date</current>
    </timeperd>
    <status>
      <progress>Complete</progress>
      <update>Unknown</update>
    </status>
    <spdom>
      <bounding>
        <westbc>-170</westbc>
        <eastbc>-160</eastbc>
        <northbc>60</northbc>
        <southbc>55</southbc>
      </bounding>
    </spdom>
    <keywords>
      <theme>
        <themekt>Other</themekt>
        <themekey>Zooplankton</themekey>
        <themekey>Bering Sea</themekey>
        <themekey>PROBES</themekey>
        <themekey>North Pacific Ocean</themekey>
      </theme>
    </keywords>
    <accconst>None</accconst>
    <useconst>Acknowledge data collected by grant from NSF. Acknowledge prior publications.</useconst>
    <ptcontac>
      <cntinfo>
        <cntperp>
          <cntper>Smith, Sharon</cntper>
        </cntperp>
        <cntaddr>
          <addrtype>Mailing and Physical Address</addrtype>
          <address>4600 Rickenbacker Causeway</address>
          <city>Miami</city>
          <state>FL</state>
          <postal>33149-1098</postal>
          <country>USA</country>
        </cntaddr>
        <cntvoice>305-361-4819</cntvoice>
        <cntfax>305-361-4765</cntfax>
        <cntemail>ssmith@rsmas.miami.edu</cntemail>
      </cntinfo>
    </ptcontac>
  </idinfo>
  <distinfo>
    <distrib>
      <cntinfo>
        <cntperp>
          <cntper>Smith, Sharon</cntper>
        </cntperp>
        <cntaddr>
          <addrtype>Mailing and Physical Address</addrtype>
          <address>4600 Rickenbacker Causeway</address>
          <city>Miami</city>
          <state>FL</state>
          <postal>33149-1098</postal>
          <country>USA</country>
        </cntaddr>
        <cntvoice>305-361-4819</cntvoice>
        <cntfax>305-361-4765</cntfax>
        <cntemail>ssmith@rsmas.miami.edu</cntemail>
      </cntinfo>
    </distrib>
    <distliab>While every effort has been made to ensure that these data are accurate and reliable within the limits of the current state of the art, NOAA cannot assume liability for any damages caused by any errors or omissions in the data, nor as a result of the failure of the data to function on a particular system. NOAA makes no warranty, expressed or implied, nor does the fact of distribution constitute such a warranty.</distliab>
  </distinfo>
  <metainfo>
    <metd>19970909</metd>
    <metc>
      <cntinfo>
        <cntperp>
          <cntper>Kimberly Bahl</cntper>
        </cntperp>
        <cntaddr>
          <addrtype>Mailing and Physical Address</addrtype>
          <address>NOAA / AFSC / PMEL, 7600 Sand Point Way N.E.</address>
          <city>Seattle</city>
          <state>WA</state>
          <postal>98115</postal>
          <country>USA</country>
        </cntaddr>
        <cntvoice>206-526-4314</cntvoice>
        <cntfax>206-526-6485</cntfax>
        <cntemail>kimberly.bahl@noaa.gov</cntemail>
      </cntinfo>
    </metc>
    <metstdn>Content Standards for Digital Geospatial Metadata</metstdn>
    <metstdv>FGDC-STD-001-1998</metstdv>
    <metac>None</metac>
    <metuc>Acknowledge data collected by grant from NSF. Acknowledge prior publications.</metuc>
  </metainfo>
</metadata>
