<metadata>
  <idinfo>
    <citation>
      <citeinfo>
        <origin>National Oceanic and Atmospheric Administration (NOAA), National Marine Fisheries Service (NMFS), Alaska Fisheries Science Center (AFSC)</origin>
        <pubdate>Unknown</pubdate>
        <title>AFSC Marine Salmon Interactions Monitoring Data Sets: Little Port Walter - Release of 2001 Brood Year Chinook Salmon</title>
      </citeinfo>
    </citation>
    <descript>
      <abstract>On May 19, 2003, 193,594 chinook salmon smolts (2001 brood year) were released with CWTs from LPW.  Of this total, 28,639 (14.8%) were Unuk River stock, and 164,955 (85.2%) were Chickamin River stock.  Unuk River stock were released at a mean weight of 21.5 g, and the Chickamin River stock were released at a mean weight of 19.4 g.  The fish had been tagged with CWTs in October, 2002.</abstract>
      <purpose>To document  the species composition, abundance, and timing of potential prey organisms as food for pink and chum salmon fry first entering nearshore marine waters.  This early marine residency of salmon fry is crucial in determining survival to adult and year-class strength.</purpose>
    </descript>
    <timeperd>
      <timeinfo>
        <sngdate>
          <caldate>20030619</caldate>
        </sngdate>
      </timeinfo>
      <current>Sample Date</current>
    </timeperd>
    <status>
      <progress>Planned</progress>
      <update>Unknown</update>
    </status>
    <spdom>
      <bounding>
        <westbc>-134.65</westbc>
        <eastbc>-134.65</eastbc>
        <northbc>56.38</northbc>
        <southbc>56.38</southbc>
      </bounding>
    </spdom>
    <keywords>
      <theme>
        <themekt>North Pacific Ecosystem Metadatabase</themekt>
        <themekey>Fish</themekey>
      </theme>
      <theme>
        <themekt>Other</themekt>
        <themekey>Chinook Salmon</themekey>
        <themekey>Little Port Walter, Alaska</themekey>
        <themekey>North Pacific Ocean</themekey>
      </theme>
    </keywords>
    <accconst>Contact Source.</accconst>
    <useconst>Contact Source.</useconst>
    <ptcontac>
      <cntinfo>
        <cntperp>
          <cntper>Heard, William R.</cntper>
        </cntperp>
        <cntaddr>
          <addrtype>Mailing and Physical Address</addrtype>
          <address>11305 Glacier Highway</address>
          <city>Juneau</city>
          <state>AK</state>
          <postal>99801-8626</postal>
          <country>USA</country>
        </cntaddr>
        <cntvoice>907-789-6003</cntvoice>
        <cntfax />
        <cntemail>bill.heard@noaa.gov</cntemail>
      </cntinfo>
    </ptcontac>
  </idinfo>
  <distinfo>
    <distrib>
      <cntinfo>
        <cntperp>
          <cntper>Heard, William R.</cntper>
        </cntperp>
        <cntaddr>
          <addrtype>Mailing and Physical Address</addrtype>
          <address>11305 Glacier Highway</address>
          <city>Juneau</city>
          <state>AK</state>
          <postal>99801-8626</postal>
          <country>USA</country>
        </cntaddr>
        <cntvoice>907-789-6003</cntvoice>
        <cntfax />
        <cntemail>bill.heard@noaa.gov</cntemail>
      </cntinfo>
    </distrib>
    <distliab>While every effort has been made to ensure that these data are accurate and reliable within the limits of the current state of the art, NOAA cannot assume liability for any damages caused by any errors or omissions in the data, nor as a result of the failure of the data to function on a particular system. NOAA makes no warranty, expressed or implied, nor does the fact of distribution constitute such a warranty.</distliab>
  </distinfo>
  <metainfo>
    <metd>20041027</metd>
    <metc>
      <cntinfo>
        <cntperp>
          <cntper>Kimberly Bahl</cntper>
        </cntperp>
        <cntaddr>
          <addrtype>Mailing and Physical Address</addrtype>
          <address>NOAA / AFSC / PMEL, 7600 Sand Point Way N.E.</address>
          <city>Seattle</city>
          <state>WA</state>
          <postal>98115</postal>
          <country>USA</country>
        </cntaddr>
        <cntvoice>206-526-4314</cntvoice>
        <cntfax>206-526-6485</cntfax>
        <cntemail>kimberly.bahl@noaa.gov</cntemail>
      </cntinfo>
    </metc>
    <metstdn>Content Standards for Digital Geospatial Metadata</metstdn>
    <metstdv>FGDC-STD-001-1998</metstdv>
    <metac>Contact Source.</metac>
    <metuc>Contact Source.</metuc>
  </metainfo>
</metadata>
