<metadata>
  <idinfo>
    <citation>
      <citeinfo>
        <origin>National Snow and Ice Data Center (NSIDC)</origin>
        <pubdate>19940420</pubdate>
        <title>DMSP F8 Special Sensor Microwave/Imager (SSM/I) Sea Ice Concentration Grids for the Polar Regions on CD-ROM</title>
      </citeinfo>
    </citation>
    <descript>
      <abstract>DMSP F8 SSM/I ice concentrations are daily first-year, multi-year, and 
total ice, 25 x 25 km polar stereographic grids, north and south polar 
regions, output from two algorithms: NASA Team algorithm (Cavalieri et 
al. 1986; 1994 in prep.), and Comiso "Bootstrap" algorithm (Comiso 1994
in prep.).  Input data are orbital antenna temperatures processed to gridded 
brightness temperatures.  Defense Meteorological Satellite Program (DMSP) 
F8 platform carried this first functional Special Sensor Microwave/Imager 
instrument, a linearly-polarized passive microwave radiometric system at 
85.5 GHz V/H, 37.0 GHz V/H, 22.2 GHz V, 19.3 GHz V/H. Two CD-ROMs contain 
all F8 SSM/I ice concentrations, 9 July 1987 - 31 December 1991 (NP 
files = 137202 bytes, SP files = 105922 bytes, in HDF.  Software to read
and manipulate HDF are available from National Center for Supercomputing
Applications (NCSA) via ftp (ftp.ncsa.uiuc.edu). Other public domain and 
commercial software packages, such as IDL, are available that can read and 
manipulate HDF.  SSM/I CD-ROMs are presently being distributed at no charge, 
with first priority for the NASA and NASA-funded research communities.  
This distribution policy is subject to change without notice; please inquire.  
NSIDC is processing DMSP F11 SSM/I in the same grid/projection.

The primary archive and distribution source for DMSP SSM/I swath
(orbital) data (level 1b) is NOAA/NESDIS Satellite Data Services Division,
Princeton Executive Square, Room 100, Washington, DC 20233; telephone
301-763-8402.</abstract>
      <purpose>To show the DMSP F8 Special Sensor Microwave/Imager (SSM/I) Sea Ice Concentration Grids for the Polar Regions on CD-ROM</purpose>
    </descript>
    <timeperd>
      <timeinfo>
        <rngdates>
          <begdate>19940418</begdate>
          <enddate />
        </rngdates>
      </timeinfo>
      <current>Publication Date</current>
    </timeperd>
    <status>
      <progress>Complete</progress>
      <update>None Planned</update>
    </status>
    <spdom>
      <bounding>
        <westbc>178</westbc>
        <eastbc>-168</eastbc>
        <northbc>67.5</northbc>
        <southbc>52</southbc>
      </bounding>
    </spdom>
    <keywords>
      <theme>
        <themekt>Other</themekt>
        <themekey>Ice Concentration</themekey>
        <themekey>Bering Sea</themekey>
        <themekey>Sea Ice</themekey>
        <themekey>Alaska</themekey>
        <themekey>Arctic</themekey>
        <themekey>North Pacific Ocean</themekey>
      </theme>
    </keywords>
    <accconst>Check with Contributor</accconst>
    <useconst>Check with Contributor</useconst>
    <ptcontac>
      <cntinfo>
        <cntperp>
          <cntper>NSIDC User Services</cntper>
        </cntperp>
        <cntaddr>
          <addrtype>Mailing and Physical Address</addrtype>
          <address>Campus Box 449 - CIRES</address>
          <city>Boulder</city>
          <state>CO</state>
          <postal>80309-0449</postal>
          <country>USA</country>
        </cntaddr>
        <cntvoice>303-492-6199</cntvoice>
        <cntfax>303-492-2468</cntfax>
        <cntemail>nsidc@nsidc.org</cntemail>
      </cntinfo>
    </ptcontac>
  </idinfo>
  <distinfo>
    <distrib>
      <cntinfo>
        <cntperp>
          <cntper>NSIDC User Services</cntper>
        </cntperp>
        <cntaddr>
          <addrtype>Mailing and Physical Address</addrtype>
          <address>Campus Box 449 - CIRES</address>
          <city>Boulder</city>
          <state>CO</state>
          <postal>80309-0449</postal>
          <country>USA</country>
        </cntaddr>
        <cntvoice>303-492-6199</cntvoice>
        <cntfax>303-492-2468</cntfax>
        <cntemail>nsidc@nsidc.org</cntemail>
      </cntinfo>
    </distrib>
    <distliab>While every effort has been made to ensure that these data are accurate and reliable within the limits of the current state of the art, NOAA cannot assume liability for any damages caused by any errors or omissions in the data, nor as a result of the failure of the data to function on a particular system. NOAA makes no warranty, expressed or implied, nor does the fact of distribution constitute such a warranty.</distliab>
  </distinfo>
  <metainfo>
    <metd>19990208</metd>
    <metc>
      <cntinfo>
        <cntperp>
          <cntper>Kimberly Bahl</cntper>
        </cntperp>
        <cntaddr>
          <addrtype>Mailing and Physical Address</addrtype>
          <address>NOAA / AFSC / PMEL, 7600 Sand Point Way N.E.</address>
          <city>Seattle</city>
          <state>WA</state>
          <postal>98115</postal>
          <country>USA</country>
        </cntaddr>
        <cntvoice>206-526-4314</cntvoice>
        <cntfax>206-526-6485</cntfax>
        <cntemail>kimberly.bahl@noaa.gov</cntemail>
      </cntinfo>
    </metc>
    <metstdn>Content Standards for Digital Geospatial Metadata</metstdn>
    <metstdv>FGDC-STD-001-1998</metstdv>
    <metac>Check with Contributor</metac>
    <metuc>Check with Contributor</metuc>
  </metainfo>
</metadata>
