<metadata>
  <idinfo>
    <citation>
      <citeinfo>
        <origin>Fisheries and Oceans Canada - Ocean Science And Productivity, Pacific</origin>
        <pubdate>Unpublished material</pubdate>
        <title>Northwest Pacific Moored Sediment Trap Data - Russian Collaboration, 1991-1992</title>
      </citeinfo>
    </citation>
    <descript>
      <abstract>Time series data from 3 moored sediment traps deployed in the NW Pacific Ocean in 1991-1992 at 4000-5000m.  Collaborative data collected on Russian vessels.</abstract>
      <purpose>Biogeochemical flux in the deep ocean.</purpose>
      <supplinf>Risk Justification: Custodian will be leaving soon and has a large quantity of data not secured in a regional data centre.
Risk of Loss: High
Impact Justification: Does not affect a wide variety of users.
Impact of Loss: Low
Recommended Action: Bring data to archives.
Additional Info: See also entry under, Northwest Pacific, 1991-1992 (GEMS); data from cruises to deploy and retrieve sediment traps.
Four sediment traps were deployed; one did not work.</supplinf>
    </descript>
    <timeperd>
      <timeinfo>
        <rngdates>
          <begdate>1991</begdate>
          <enddate>1992</enddate>
        </rngdates>
      </timeinfo>
      <current>ground condition</current>
    </timeperd>
    <status>
      <progress>Complete</progress>
      <update>None planned</update>
    </status>
    <spdom>
      <bounding>
        <westbc>-140</westbc>
        <eastbc>-126</eastbc>
        <northbc>55</northbc>
        <southbc>48</southbc>
      </bounding>
    </spdom>
    <keywords>
      <theme>
        <themekt>NASA/GCMD Earth Science Keywords</themekt>
        <themekey>Earth Science &gt; Oceans &gt; Ocean Chemistry &gt; Biogeochemical Cycles</themekey>
        <themekey>Earth Science &gt; Oceans &gt; Marine Sediments &gt; Sediment Compostion</themekey>
      </theme>
    </keywords>
    <accconst>Private</accconst>
    <useconst>Data not yet published, collaborative.</useconst>
    <ptcontac>
      <cntinfo>
        <cntperp>
          <cntper>C.S. Wong</cntper>
          <cntorg>Ocean Science and Productivity</cntorg>
        </cntperp>
        <cntaddr>
          <addrtype>mailing and physical</addrtype>
          <address>Institute of Ocean Sciences, P.O. Box 6000, 9860 West Saanich Road</address>
          <city>Sidney</city>
          <state>British Columbia</state>
          <postal>V8L 4B2</postal>
          <country>Canada</country>
        </cntaddr>
        <cntvoice>(250)363-6407</cntvoice>
        <cntfax>(250) 363-6476</cntfax>
        <cntemail>wongcs@pac.dfo-mpo.gc.ca</cntemail>
      </cntinfo>
    </ptcontac>
    <native>Expected Growth Rate: N/A</native>
  </idinfo>
  <dataqual>
    <logic>For C:N, biogenic silicate, CaCO3: subsamples of one sample, collected at P26, are analyzed with each set of data to check for continuity.  Zooplankton that likely swam into the trap are removed. Silicate concentrations are compared to prepared standards.</logic>
    <complete>Electronic Data Complications: Lotus 1-2-3 spreadsheets should be converted to Excel</complete>
    <lineage>
      <procstep>
        <procdesc>IOS and POI (Vladivostok)</procdesc>
        <procdate>1991</procdate>
      </procstep>
    </lineage>
  </dataqual>
  <distinfo>
    <distrib>
      <cntinfo>
        <cntperp>
          <cntper>C.S. Wong</cntper>
          <cntorg>Ocean Science and Productivity</cntorg>
        </cntperp>
        <cntaddr>
          <addrtype>mailing and physical</addrtype>
          <address>Institute of Ocean Sciences, P.O. Box 6000, 9860 West Saanich Road</address>
          <city>Sidney</city>
          <state>British Columbia</state>
          <postal>V8L 4B2</postal>
          <country>Canada</country>
        </cntaddr>
        <cntvoice>(250)363-6407</cntvoice>
        <cntfax>(250) 363-6476</cntfax>
        <cntemail>wongcs@pac.dfo-mpo.gc.ca</cntemail>
      </cntinfo>
    </distrib>
    <resdesc>PAC-OSAP-007-6965</resdesc>
    <distliab>[unknown]</distliab>
    <stdorder>
      <nondig>Hardcopy Original Exists: Y
Hardcopy Locations: Janet Barwell-Clarke, Rm 1408, IOS
Hardcopy Description: Binder of data sheets
Hardcopy Volume: one 1 in. binder
Physical Sample Exists: Y
Physical Sample Locations: Janet Barwell-Clarke, Rm 1411, IOS
Physical Sample Volume: about one hundred.
Physical Sample Description: Vials of dried sediment in various formats: some are on filters, some are not.</nondig>
      <fees>Ask Custodian</fees>
    </stdorder>
    <stdorder>
      <digform>
        <digtinfo>
          <formname>Excel or Lotus 1-2-3- spreadsheets</formname>
          <transize>0.2</transize>
        </digtinfo>
        <digtopt>
          <offoptn>
            <offmedia>VMS network hard drive</offmedia>
            <recfmt>unknown</recfmt>
          </offoptn>
        </digtopt>
      </digform>
      <fees>Ask Custodian</fees>
      <ordering>Electronic Data Doc Locations: Header information in file
Dataset Locations: IOS Climate chemistry shared hard drive</ordering>
    </stdorder>
    <techpreq>Backup by Custodian: N
Backup by Automation: Y</techpreq>
  </distinfo>
  <metainfo>
    <metd>20080211</metd>
    <metc>
      <cntinfo>
        <cntorgp>
          <cntorg>Fisheries and Oceans Canada
Canadian Hydrographic Service</cntorg>
          <cntper>Chelsea Stanley and Matt McCormick</cntper>
        </cntorgp>
        <cntaddr>
          <addrtype>mailing</addrtype>
          <address>Institute of Ocean Sciences
P.O. Box 6000
9860 West Saanich Road</address>
          <city>Sidney</city>
          <state>British Columbia</state>
          <postal>V8L 4B2</postal>
          <country>Canada</country>
        </cntaddr>
        <cntvoice>(250) 363-6358</cntvoice>
        <cntfax>(250) 363-6823</cntfax>
        <cntemail>ChartSales@pac.dfo-mpo.gc.ca</cntemail>
        <hours>M-F, 08:30-16:30 Pacific Time</hours>
      </cntinfo>
    </metc>
    <metstdn>FGDC Content Standard for Digital Geospatial Metadata</metstdn>
    <metstdv>FGDC-STD-1998-1</metstdv>
  </metainfo>
</metadata>
