<metadata>
  <idinfo>
    <citation>
      <citeinfo>
        <origin>Washington Sea Grant Program</origin>
        <pubdate>20030124</pubdate>
        <title>El Ni￱o Winners and Losers - Alaska Sea Grant Radio Show</title>
      </citeinfo>
    </citation>
    <descript>
      <abstract>This winter's El Ni￱o weather pattern has sent storm after storm into the U.S West Coast and brought heavy snows to New England states. The weather phenomenon also is influencing a warmer-than-normal winter as far north as Alaska. And as Doug Schneider reports in this week's Arctic Science Journeys Radio, the North Pacific's latest El Ni￱o may have important long-term impacts on Alaska's commercial fisheries.</abstract>
      <purpose>Six months ago, when scientists first noticed ocean temperatures rising in the equatorial South Pacific Ocean, they predicted the United States would experience a mild El Ni￱o in the coming winter. As winter approached, the periodic phenomenon that alters weather patterns sent a string of storms surging into California, Oregon and Washingtonﾗstorms that have dumped heavy snows as far east as the New England states.</purpose>
    </descript>
    <timeperd>
      <timeinfo>
        <sngdate>
          <caldate>20030124</caldate>
        </sngdate>
      </timeinfo>
      <current>Publication Date</current>
    </timeperd>
    <status>
      <progress>Complete</progress>
      <update>None Planned</update>
    </status>
    <spdom>
      <bounding>
        <westbc>-167</westbc>
        <eastbc>-159</eastbc>
        <northbc>59</northbc>
        <southbc>55.5</southbc>
      </bounding>
    </spdom>
    <keywords>
      <theme>
        <themekt>North Pacific Ecosystem Metadatabase</themekt>
        <themekey>Meteorology</themekey>
        <themekey>Fish</themekey>
        <themekey>Oceanography</themekey>
      </theme>
      <theme>
        <themekt>Other</themekt>
        <themekey>El Ni￱o</themekey>
        <themekey>Sea Surface Temperature (SST)</themekey>
        <themekey>Pacific Ocean</themekey>
        <themekey>Pelagic Fishes</themekey>
        <themekey>Groundfish</themekey>
        <themekey>North Pacific Ocean</themekey>
      </theme>
    </keywords>
    <accconst>None</accconst>
    <useconst>None</useconst>
    <ptcontac>
      <cntinfo>
        <cntperp>
          <cntper>Washington Sea Grant Program</cntper>
        </cntperp>
        <cntaddr>
          <addrtype>Mailing and Physical Address</addrtype>
          <address>3716 Brooklyn Avenue NE</address>
          <city>Seattle</city>
          <state>WA</state>
          <postal>98105</postal>
          <country>USA</country>
        </cntaddr>
        <cntvoice>206-685-9215</cntvoice>
        <cntfax>206-685-0380</cntfax>
        <cntemail>seagrant@u.washington.edu</cntemail>
      </cntinfo>
    </ptcontac>
  </idinfo>
  <distinfo>
    <distrib>
      <cntinfo>
        <cntperp>
          <cntper>Washington Sea Grant Program</cntper>
        </cntperp>
        <cntaddr>
          <addrtype>Mailing and Physical Address</addrtype>
          <address>3716 Brooklyn Avenue NE</address>
          <city>Seattle</city>
          <state>WA</state>
          <postal>98105</postal>
          <country>USA</country>
        </cntaddr>
        <cntvoice>206-685-9215</cntvoice>
        <cntfax>206-685-0380</cntfax>
        <cntemail>seagrant@u.washington.edu</cntemail>
      </cntinfo>
    </distrib>
    <distliab>While every effort has been made to ensure that these data are accurate and reliable within the limits of the current state of the art, NOAA cannot assume liability for any damages caused by any errors or omissions in the data, nor as a result of the failure of the data to function on a particular system. NOAA makes no warranty, expressed or implied, nor does the fact of distribution constitute such a warranty.</distliab>
  </distinfo>
  <metainfo>
    <metd>20040714</metd>
    <metc>
      <cntinfo>
        <cntperp>
          <cntper>Kimberly Bahl</cntper>
        </cntperp>
        <cntaddr>
          <addrtype>Mailing and Physical Address</addrtype>
          <address>NOAA / AFSC / PMEL, 7600 Sand Point Way N.E.</address>
          <city>Seattle</city>
          <state>WA</state>
          <postal>98115</postal>
          <country>USA</country>
        </cntaddr>
        <cntvoice>206-526-4314</cntvoice>
        <cntfax>206-526-6485</cntfax>
        <cntemail>kimberly.bahl@noaa.gov</cntemail>
      </cntinfo>
    </metc>
    <metstdn>Content Standards for Digital Geospatial Metadata</metstdn>
    <metstdv>FGDC-STD-001-1998</metstdv>
    <metac>None</metac>
    <metuc>None</metuc>
  </metainfo>
</metadata>
