<metadata>
  <idinfo>
    <citation>
      <citeinfo>
        <origin>Pacific Oceanological Institute (POI)</origin>
        <pubdate>19990110</pubdate>
        <title>The Use of Parameters of Variability for the Long-term and Super Long-term Ice Sheet Forecasts on the Far Western Seas</title>
      </citeinfo>
    </citation>
    <descript>
      <abstract>For the purpose of long-term planning the background long-term and super long-term forecasts of expected ice conditions in the seas represents the undoubted interest.  On their basis it is possible to arrive at certain conclusions about the possible character of ice processes development and to attempt to detail the forecast.</abstract>
      <purpose>A report showing the use of parameters of variability  for the long-term and super long-term ice sheet forecasts on the Far Weastern seas.</purpose>
    </descript>
    <timeperd>
      <timeinfo>
        <rngdates>
          <begdate>19991001</begdate>
          <enddate />
        </rngdates>
      </timeinfo>
      <current>Publication Date</current>
    </timeperd>
    <status>
      <progress>Complete</progress>
      <update>None Planned</update>
    </status>
    <spdom>
      <bounding>
        <westbc>175</westbc>
        <eastbc>-175</eastbc>
        <northbc>67</northbc>
        <southbc>53</southbc>
      </bounding>
    </spdom>
    <keywords>
      <theme>
        <themekt>Other</themekt>
        <themekey>Pacific West Coast</themekey>
        <themekey>Ice</themekey>
        <themekey>Forecasts</themekey>
        <themekey>North Pacific Ocean</themekey>
      </theme>
    </keywords>
    <accconst>None</accconst>
    <useconst>None</useconst>
    <ptcontac>
      <cntinfo>
        <cntperp>
          <cntper>Plotnikov, Vladimir V.</cntper>
        </cntperp>
        <cntaddr>
          <addrtype>Mailing and Physical Address</addrtype>
          <address>43 Baltiyskaya Street</address>
          <city>Vladivostok</city>
          <state />
          <postal>690041</postal>
          <country>Russia</country>
        </cntaddr>
        <cntvoice />
        <cntfax />
        <cntemail>serg@meteo.dvgu.ru</cntemail>
      </cntinfo>
    </ptcontac>
  </idinfo>
  <distinfo>
    <distrib>
      <cntinfo>
        <cntperp>
          <cntper>Plotnikov, Vladimir V.</cntper>
        </cntperp>
        <cntaddr>
          <addrtype>Mailing and Physical Address</addrtype>
          <address>43 Baltiyskaya Street</address>
          <city>Vladivostok</city>
          <state />
          <postal>690041</postal>
          <country>Russia</country>
        </cntaddr>
        <cntvoice />
        <cntfax />
        <cntemail>serg@meteo.dvgu.ru</cntemail>
      </cntinfo>
    </distrib>
    <distliab>While every effort has been made to ensure that these data are accurate and reliable within the limits of the current state of the art, NOAA cannot assume liability for any damages caused by any errors or omissions in the data, nor as a result of the failure of the data to function on a particular system. NOAA makes no warranty, expressed or implied, nor does the fact of distribution constitute such a warranty.</distliab>
  </distinfo>
  <metainfo>
    <metd>19991112</metd>
    <metc>
      <cntinfo>
        <cntperp>
          <cntper>Kimberly Bahl</cntper>
        </cntperp>
        <cntaddr>
          <addrtype>Mailing and Physical Address</addrtype>
          <address>NOAA / AFSC / PMEL, 7600 Sand Point Way N.E.</address>
          <city>Seattle</city>
          <state>WA</state>
          <postal>98115</postal>
          <country>USA</country>
        </cntaddr>
        <cntvoice>206-526-4314</cntvoice>
        <cntfax>206-526-6485</cntfax>
        <cntemail>kimberly.bahl@noaa.gov</cntemail>
      </cntinfo>
    </metc>
    <metstdn>Content Standards for Digital Geospatial Metadata</metstdn>
    <metstdv>FGDC-STD-001-1998</metstdv>
    <metac>None</metac>
    <metuc>None</metuc>
  </metainfo>
</metadata>
