<metadata>
  <idinfo>
    <citation>
      <citeinfo>
        <origin>National Oceanic and Atmospheric Administration (NOAA), Office of Oceanic and Atmospheric Research (OAR), Pacific Marine Environmental Laboratory (PMEL)</origin>
        <pubdate>1990</pubdate>
        <title>Changes in Submarine Hydrothermal 3He/heat Ratios as an Indicator of Magnetic/tectonic Activity</title>
      </citeinfo>
    </citation>
    <descript>
      <abstract>An important question in submarine hydrothermal research concerns the connection between hydrothermal discharge from a spreading
centre and variations in local magmatic and tectonic activity. Because it is likely that tectonic stretching and concomitant shallow magmatic
activity triggered the cataclysmic venting that created the Juan de Fuca Ridge "megaplumes," we have for three years monitored the He
concentration and temperature anomaly of the underlying steady-state plume at the site of the original megaplume. We report here that the
apparent He/heat ratio in the steady-state plume has progressively decreased from 4.4 to 2.4 to 1.3 ￗ 10 cm STP cal, changing from
a uniquely high ratio to one characteristic of established vent fields on other ridge segments. We propose that the initially high He/heat
ratio, sampled within days of the megaplume eruption, resulted from magma degassing into a hydrothermal circulation system of high
permeability and short fluid residence time. Thus, high He/heat ratios may indicate venting created or profoundly perturbed by a
magmatic-tectonic event, and lower ratios may typify systems at equilibrium.</abstract>
      <purpose />
    </descript>
    <timeperd>
      <timeinfo />
      <current>Publication Date</current>
    </timeperd>
    <status>
      <progress>Complete</progress>
      <update>None Planned</update>
    </status>
    <spdom>
      <bounding>
        <westbc>-135</westbc>
        <eastbc>-123</eastbc>
        <northbc>53</northbc>
        <southbc>39</southbc>
      </bounding>
    </spdom>
    <keywords>
      <theme>
        <themekt>Other</themekt>
        <themekey>North Pacific Ocean</themekey>
      </theme>
    </keywords>
    <accconst>Check with Contributor</accconst>
    <useconst>Check with Contributor</useconst>
    <ptcontac>
      <cntinfo>
        <cntperp>
          <cntper>Baker, Edward T.</cntper>
        </cntperp>
        <cntaddr>
          <addrtype>Mailing and Physical Address</addrtype>
          <address>7600 Sand Point Way N.E.</address>
          <city>Seattle</city>
          <state>WA</state>
          <postal>98115</postal>
          <country>USA</country>
        </cntaddr>
        <cntvoice>206-526-6251</cntvoice>
        <cntfax />
        <cntemail>Edward.Baker@noaa.gov</cntemail>
      </cntinfo>
    </ptcontac>
  </idinfo>
  <distinfo>
    <distrib>
      <cntinfo>
        <cntperp>
          <cntper>Baker, Edward T.</cntper>
        </cntperp>
        <cntaddr>
          <addrtype>Mailing and Physical Address</addrtype>
          <address>7600 Sand Point Way N.E.</address>
          <city>Seattle</city>
          <state>WA</state>
          <postal>98115</postal>
          <country>USA</country>
        </cntaddr>
        <cntvoice>206-526-6251</cntvoice>
        <cntfax />
        <cntemail>Edward.Baker@noaa.gov</cntemail>
      </cntinfo>
    </distrib>
    <distliab>While every effort has been made to ensure that these data are accurate and reliable within the limits of the current state of the art, NOAA cannot assume liability for any damages caused by any errors or omissions in the data, nor as a result of the failure of the data to function on a particular system. NOAA makes no warranty, expressed or implied, nor does the fact of distribution constitute such a warranty.</distliab>
  </distinfo>
  <metainfo>
    <metd>20010307</metd>
    <metc>
      <cntinfo>
        <cntperp>
          <cntper>Kimberly Bahl</cntper>
        </cntperp>
        <cntaddr>
          <addrtype>Mailing and Physical Address</addrtype>
          <address>NOAA / AFSC / PMEL, 7600 Sand Point Way N.E.</address>
          <city>Seattle</city>
          <state>WA</state>
          <postal>98115</postal>
          <country>USA</country>
        </cntaddr>
        <cntvoice>206-526-4314</cntvoice>
        <cntfax>206-526-6485</cntfax>
        <cntemail>kimberly.bahl@noaa.gov</cntemail>
      </cntinfo>
    </metc>
    <metstdn>Content Standards for Digital Geospatial Metadata</metstdn>
    <metstdv>FGDC-STD-001-1998</metstdv>
    <metac>Check with Contributor</metac>
    <metuc>Check with Contributor</metuc>
  </metainfo>
</metadata>
