<metadata>
  <idinfo>
    <citation>
      <citeinfo>
        <origin>University of Alaska, Anchorage, Alaska Natural Heritage Program</origin>
        <pubdate>1995</pubdate>
        <title>Alaska Biological Conservation Database</title>
      </citeinfo>
    </citation>
    <descript>
      <abstract>Data Type: Vegetation/Land Cover/Soils;  The Alaska Biological Conservation Database (BCD) is part of a standardized network among all fifty states, five Canadian Provinces, and eleven countries that provide information on population numbers, distribution, geography, ecology, rarity ranking and protection status for rare and sensitive plant and animal species, plant communities, and critical habitats. This database is a relational database management system application that contains many linked databases of which three are separate databases with a spatial component. These databases are the element occurrence database, the site database and the managed area database. Of these three data sets only the Element occurrence database has been automated in ARC/INFO GIS format to date.</abstract>
      <purpose>Unknown</purpose>
    </descript>
    <timeperd>
      <timeinfo>
        <sngdate>
          <caldate>19950101</caldate>
        </sngdate>
      </timeinfo>
      <current>Ground Condition</current>
    </timeperd>
    <status>
      <progress>Complete</progress>
      <update>Unknown</update>
    </status>
    <spdom>
      <bounding>
        <westbc>172</westbc>
        <eastbc>-130</eastbc>
        <northbc>71.24</northbc>
        <southbc>51</southbc>
      </bounding>
    </spdom>
    <keywords>
      <theme>
        <themekt>North Pacific Ecosystem Metadatabase</themekt>
        <themekey>Biological Effects</themekey>
        <themekey>Biology</themekey>
        <themekey>Geology</themekey>
      </theme>
      <theme>
        <themekt>Other</themekt>
        <themekey>Alaska</themekey>
        <themekey>Vegetation</themekey>
        <themekey>North Pacific Ocean</themekey>
      </theme>
    </keywords>
    <accconst>Data can be obtained through written request form and formal data inquiry procedures that are in alignment with University of Alaska Draft</accconst>
    <useconst>Some locational data relating to threatened and Endangerred Species or sensitive data have associated use restrictions.</useconst>
    <ptcontac>
      <cntinfo>
        <cntperp>
          <cntper>Oakley, Karen</cntper>
        </cntperp>
        <cntaddr>
          <addrtype>Mailing and Physical Address</addrtype>
          <address>1011 East Tudor Road</address>
          <city>Anchorage</city>
          <state>AK</state>
          <postal>99503</postal>
          <country>USA</country>
        </cntaddr>
        <cntvoice>907-786-3579</cntvoice>
        <cntfax />
        <cntemail>karen_oakley@nbs.gov</cntemail>
      </cntinfo>
    </ptcontac>
  </idinfo>
  <distinfo>
    <distrib>
      <cntinfo>
        <cntperp>
          <cntper>Oakley, Karen</cntper>
        </cntperp>
        <cntaddr>
          <addrtype>Mailing and Physical Address</addrtype>
          <address>1011 East Tudor Road</address>
          <city>Anchorage</city>
          <state>AK</state>
          <postal>99503</postal>
          <country>USA</country>
        </cntaddr>
        <cntvoice>907-786-3579</cntvoice>
        <cntfax />
        <cntemail>karen_oakley@nbs.gov</cntemail>
      </cntinfo>
    </distrib>
    <distliab>While every effort has been made to ensure that these data are accurate and reliable within the limits of the current state of the art, NOAA cannot assume liability for any damages caused by any errors or omissions in the data, nor as a result of the failure of the data to function on a particular system. NOAA makes no warranty, expressed or implied, nor does the fact of distribution constitute such a warranty.</distliab>
  </distinfo>
  <metainfo>
    <metd>20020502</metd>
    <metc>
      <cntinfo>
        <cntperp>
          <cntper>Kimberly Bahl</cntper>
        </cntperp>
        <cntaddr>
          <addrtype>Mailing and Physical Address</addrtype>
          <address>NOAA / AFSC / PMEL, 7600 Sand Point Way N.E.</address>
          <city>Seattle</city>
          <state>WA</state>
          <postal>98115</postal>
          <country>USA</country>
        </cntaddr>
        <cntvoice>206-526-4314</cntvoice>
        <cntfax>206-526-6485</cntfax>
        <cntemail>kimberly.bahl@noaa.gov</cntemail>
      </cntinfo>
    </metc>
    <metstdn>Content Standards for Digital Geospatial Metadata</metstdn>
    <metstdv>FGDC-STD-001-1998</metstdv>
    <metac>Data can be obtained through written request form and formal data inquiry procedures that are in alignment with University of Alaska Draft</metac>
    <metuc>Some locational data relating to threatened and Endangerred Species or sensitive data have associated use restrictions.</metuc>
  </metainfo>
</metadata>
