<metadata>
  <idinfo>
    <citation>
      <citeinfo>
        <origin>University of Washington (UW), Applied Physics Laboratory (APL)</origin>
        <pubdate>19840101</pubdate>
        <title>Factors Bearing on the Present Status and Future of the Eastern Bering Sea Fur Seal Population with Special Emphasis on the Effect of Terminating the Sub-adult Male Harvest on St. Paul Island.</title>
      </citeinfo>
    </citation>
    <descript>
      <abstract>This report explores two aspects of the relationship of seal abundance to the activities of man.  The first considers the probable effects of harvest termination on future fur seal abundance via possible direct reduction effects, behavioral effects, food competition and genetic effects.  The second explores the relationship between the present seal population decline on the Pribilof Islands and entanglement in discarded fishery netting and other flotsam.</abstract>
      <purpose>A report which shows bearing on the present status and future of the eastern Bering Sea fur seal population with special emphasis on the effect of terminating the sub-adult male harvest on St. Paul Island.</purpose>
    </descript>
    <timeperd>
      <timeinfo>
        <rngdates>
          <begdate>19840301</begdate>
          <enddate />
        </rngdates>
      </timeinfo>
      <current>Publication Date</current>
    </timeperd>
    <status>
      <progress>Complete</progress>
      <update>Unknown</update>
    </status>
    <spdom>
      <bounding>
        <westbc>178</westbc>
        <eastbc>-168</eastbc>
        <northbc>67.5</northbc>
        <southbc>52</southbc>
      </bounding>
    </spdom>
    <keywords>
      <theme>
        <themekt>Other</themekt>
        <themekey>Bering Sea</themekey>
        <themekey>Alaska</themekey>
        <themekey>SSM</themekey>
        <themekey>Seals</themekey>
        <themekey>North Pacific Ocean</themekey>
      </theme>
    </keywords>
    <accconst>Check with Contributor about how to obtain data.</accconst>
    <useconst>Check with Contributor about how to obtain data.</useconst>
    <ptcontac>
      <cntinfo>
        <cntperp>
          <cntper>Swartzman, Gordon L.</cntper>
        </cntperp>
        <cntaddr>
          <addrtype>Mailing and Physical Address</addrtype>
          <address>Box 355640</address>
          <city>Seattle</city>
          <state>WA</state>
          <postal>98105</postal>
          <country>USA</country>
        </cntaddr>
        <cntvoice>206-543-0061</cntvoice>
        <cntfax>206-543-6785</cntfax>
        <cntemail>gordie@apl.washington.edu</cntemail>
      </cntinfo>
    </ptcontac>
  </idinfo>
  <distinfo>
    <distrib>
      <cntinfo>
        <cntperp>
          <cntper>Swartzman, Gordon L.</cntper>
        </cntperp>
        <cntaddr>
          <addrtype>Mailing and Physical Address</addrtype>
          <address>Box 355640</address>
          <city>Seattle</city>
          <state>WA</state>
          <postal>98105</postal>
          <country>USA</country>
        </cntaddr>
        <cntvoice>206-543-0061</cntvoice>
        <cntfax>206-543-6785</cntfax>
        <cntemail>gordie@apl.washington.edu</cntemail>
      </cntinfo>
    </distrib>
    <distliab>While every effort has been made to ensure that these data are accurate and reliable within the limits of the current state of the art, NOAA cannot assume liability for any damages caused by any errors or omissions in the data, nor as a result of the failure of the data to function on a particular system. NOAA makes no warranty, expressed or implied, nor does the fact of distribution constitute such a warranty.</distliab>
  </distinfo>
  <metainfo>
    <metd>19990128</metd>
    <metc>
      <cntinfo>
        <cntperp>
          <cntper>Kimberly Bahl</cntper>
        </cntperp>
        <cntaddr>
          <addrtype>Mailing and Physical Address</addrtype>
          <address>NOAA / AFSC / PMEL, 7600 Sand Point Way N.E.</address>
          <city>Seattle</city>
          <state>WA</state>
          <postal>98115</postal>
          <country>USA</country>
        </cntaddr>
        <cntvoice>206-526-4314</cntvoice>
        <cntfax>206-526-6485</cntfax>
        <cntemail>kimberly.bahl@noaa.gov</cntemail>
      </cntinfo>
    </metc>
    <metstdn>Content Standards for Digital Geospatial Metadata</metstdn>
    <metstdv>FGDC-STD-001-1998</metstdv>
    <metac>Check with Contributor about how to obtain data.</metac>
    <metuc>Check with Contributor about how to obtain data.</metuc>
  </metainfo>
</metadata>
