<metadata>
  <idinfo>
    <citation>
      <citeinfo>
        <origin>Fisheries and Ocean Canada - Pacific Region, Pacific Biological Station</origin>
        <pubdate>Unknown</pubdate>
        <title>Mark Recovery Program  (Canada)</title>
      </citeinfo>
    </citation>
    <descript>
      <abstract>Mark Recovery Program  (Canada)

Measurement Details
Coded-wire tagged and/or adipose-clipped Chinook, coho, pink, sockeye, chum and steelhead are sampled for age, sexual maturity, length, weight and color for stock composition, exploitation and survival rates, hatchery contribution and run-timing.

Geographic Area
Coastal British Columbia

Other Comments
Data are complete for Chinook and coho from 1975, steelhead from 1976, and chum from 1979.  Pink and sockeye data are intermittent back to 1984 and 1978, respectively.
  [ A TCODE project ]</abstract>
      <purpose />
    </descript>
    <timeperd>
      <timeinfo>
        <rngdates>
          <begdate>19750101</begdate>
          <enddate>19991231</enddate>
        </rngdates>
      </timeinfo>
      <current>Sample Date</current>
    </timeperd>
    <status>
      <progress>Complete</progress>
      <update>As Needed</update>
    </status>
    <spdom>
      <bounding>
        <westbc>165</westbc>
        <eastbc>-165</eastbc>
        <northbc>67</northbc>
        <southbc>52</southbc>
      </bounding>
    </spdom>
    <keywords>
      <theme>
        <themekt>Other</themekt>
        <themekey>Coastal Waters</themekey>
        <themekey>North Pacific Ocean</themekey>
      </theme>
    </keywords>
    <accconst>Contact custodian in writing</accconst>
    <useconst>None</useconst>
    <ptcontac>
      <cntinfo>
        <cntperp>
          <cntper>Adkins, Brenda</cntper>
        </cntperp>
        <cntaddr>
          <addrtype>Mailing and Physical Address</addrtype>
          <address>Pacific Biological Station</address>
          <city>Nanaimo</city>
          <state>BC</state>
          <postal>V9R 5K6</postal>
          <country>Canada</country>
        </cntaddr>
        <cntvoice />
        <cntfax />
        <cntemail>adkinsb@pbs.dfo.ca</cntemail>
      </cntinfo>
    </ptcontac>
  </idinfo>
  <distinfo>
    <distrib>
      <cntinfo>
        <cntperp>
          <cntper>Adkins, Brenda</cntper>
        </cntperp>
        <cntaddr>
          <addrtype>Mailing and Physical Address</addrtype>
          <address>Pacific Biological Station</address>
          <city>Nanaimo</city>
          <state>BC</state>
          <postal>V9R 5K6</postal>
          <country>Canada</country>
        </cntaddr>
        <cntvoice />
        <cntfax />
        <cntemail>adkinsb@pbs.dfo.ca</cntemail>
      </cntinfo>
    </distrib>
    <distliab>While every effort has been made to ensure that these data are accurate and reliable within the limits of the current state of the art, NOAA cannot assume liability for any damages caused by any errors or omissions in the data, nor as a result of the failure of the data to function on a particular system. NOAA makes no warranty, expressed or implied, nor does the fact of distribution constitute such a warranty.</distliab>
  </distinfo>
  <metainfo>
    <metd>19990810</metd>
    <metc>
      <cntinfo>
        <cntperp>
          <cntper>Kimberly Bahl</cntper>
        </cntperp>
        <cntaddr>
          <addrtype>Mailing and Physical Address</addrtype>
          <address>NOAA / AFSC / PMEL, 7600 Sand Point Way N.E.</address>
          <city>Seattle</city>
          <state>WA</state>
          <postal>98115</postal>
          <country>USA</country>
        </cntaddr>
        <cntvoice>206-526-4314</cntvoice>
        <cntfax>206-526-6485</cntfax>
        <cntemail>kimberly.bahl@noaa.gov</cntemail>
      </cntinfo>
    </metc>
    <metstdn>Content Standards for Digital Geospatial Metadata</metstdn>
    <metstdv>FGDC-STD-001-1998</metstdv>
    <metac>Contact custodian in writing</metac>
    <metuc>None</metuc>
  </metainfo>
</metadata>
