<metadata>
  <idinfo>
    <citation>
      <citeinfo>
        <origin>
          C. Hans Nelson: U. S. Geological Survey (USGS), Menlo Park, California 94025, U.S.A.
          <br />
          William Dupre: Dept. of Geology, University of Houston, Houston, Texas 77004, U.S.A.
          <br />
          Michael Field: U. S. Geological Survey (USGS), Menlo Park, California 94025, U.S.A.
          <br />
          James D. Howard: Skidaway Institute of Oceanography, Savannah, Georgia, U.S.A.
          <br />
        </origin>
        <pubdate>19820301</pubdate>
        <title>Variation in Sand Body Types on the Eastern Bering Sea Epicontinental Shelf</title>
      </citeinfo>
    </citation>
    <descript>
      <abstract>
        <p>The eastern epicontinental shelf of the Bering Sea is characterized by variations in river and glacial sediment supply, wave energy, tidal range, tidal, geostrophic and storm-induced currents.  These factors, combined with the effects of the Holocene-rise in sea level, have resulted in the formation of a complex assemblage of generally linear sand bodies of similar morphology and lithology, but different origins.</p>
        <p>[Reference: Nelson, C.H., William Duprt, Michael Field and J.D. Howard, 1982. Variation in sand body types on the eastern Bering Sea epicontinental shelf. Geologie Mijnb., 61(1):37-48.]</p>
        <p>This volume may be found at many university libraries.</p>
      </abstract>
      <purpose>To support reconstruction of ancient epicontinental shelf facies and hydrocarbon exploration.</purpose>
    </descript>
    <timeperd>
      <timeinfo />
      <current>Publication Date</current>
    </timeperd>
    <status>
      <progress>Complete</progress>
      <update>Unknown</update>
    </status>
    <spdom>
      <bounding>
        <westbc>-173</westbc>
        <eastbc>-160</eastbc>
        <northbc>66</northbc>
        <southbc>59</southbc>
      </bounding>
    </spdom>
    <keywords>
      <theme>
        <themekt>North Pacific Ecosystem Metadatabase</themekt>
        <themekey>Geology</themekey>
      </theme>
      <theme>
        <themekt>Other</themekt>
        <themekey>Sediments</themekey>
        <themekey>Bering Sea Shelf</themekey>
        <themekey>Alaska</themekey>
        <themekey>North Pacific Ocean</themekey>
      </theme>
    </keywords>
    <accconst>None</accconst>
    <useconst>None</useconst>
    <ptcontac>
      <cntinfo>
        <cntperp>
          <cntper>Natural Sciences Library</cntper>
        </cntperp>
        <cntaddr>
          <addrtype>Mailing and Physical Address</addrtype>
          <address>Allen Library South, Ground and 1st floors
Box 352900</address>
          <city>Seattle</city>
          <state>WA</state>
          <postal>98195-2900</postal>
          <country>USA</country>
        </cntaddr>
        <cntvoice>206-543-1243</cntvoice>
        <cntfax>206-685-1665</cntfax>
        <cntemail>natsci@u.washington.edu</cntemail>
      </cntinfo>
    </ptcontac>
  </idinfo>
  <distinfo>
    <distrib>
      <cntinfo>
        <cntperp>
          <cntper>Natural Sciences Library</cntper>
        </cntperp>
        <cntaddr>
          <addrtype>Mailing and Physical Address</addrtype>
          <address>Allen Library South, Ground and 1st floors
Box 352900</address>
          <city>Seattle</city>
          <state>WA</state>
          <postal>98195-2900</postal>
          <country>USA</country>
        </cntaddr>
        <cntvoice>206-543-1243</cntvoice>
        <cntfax>206-685-1665</cntfax>
        <cntemail>natsci@u.washington.edu</cntemail>
      </cntinfo>
    </distrib>
    <distliab>While every effort has been made to ensure that these data are accurate and reliable within the limits of the current state of the art, NOAA cannot assume liability for any damages caused by any errors or omissions in the data, nor as a result of the failure of the data to function on a particular system. NOAA makes no warranty, expressed or implied, nor does the fact of distribution constitute such a warranty.</distliab>
  </distinfo>
  <metainfo>
    <metd>19990201</metd>
    <metc>
      <cntinfo>
        <cntperp>
          <cntper>Kimberly Bahl</cntper>
        </cntperp>
        <cntaddr>
          <addrtype>Mailing and Physical Address</addrtype>
          <address>NOAA / AFSC / PMEL, 7600 Sand Point Way N.E.</address>
          <city>Seattle</city>
          <state>WA</state>
          <postal>98115</postal>
          <country>USA</country>
        </cntaddr>
        <cntvoice>206-526-4314</cntvoice>
        <cntfax>206-526-6485</cntfax>
        <cntemail>kimberly.bahl@noaa.gov</cntemail>
      </cntinfo>
    </metc>
    <metstdn>Content Standards for Digital Geospatial Metadata</metstdn>
    <metstdv>FGDC-STD-001-1998</metstdv>
    <metac>None</metac>
    <metuc>None</metuc>
  </metainfo>
</metadata>
