<metadata>
  <idinfo>
    <citation>
      <citeinfo>
        <origin>National Oceanic and Atmospheric Administration (NOAA), National Environmental Satellite, Data and Information Service (NESDIS), Office of Satellite Data Processing and Distributing (OSDPD)</origin>
        <pubdate>Unknown</pubdate>
        <title>Visible Cloud Threshold Table</title>
      </citeinfo>
    </citation>
    <descript>
      <abstract>The data set consists of bidirectional reflectance values derived from radiance measurements from one of the visible channels of AVHRR and channel 20 of the HIRS/2 instrument for a cloud-free atmosphere over ocean. They are
stored in the data set as functions of the solar zenith angle, satellite zenith angle, and the relative azimuth angle.

The data set consists of 19 logical records, each being equal to 3888 bytes. The first record of the file is a directory which identifies the satellite ID (1 to N), the date of creation, and the date of the most recent modification. The next two records contain the 'test values' of bidirectional reflectance for a cloud-free atmosphere (i.e. the threshold values) for the visible channel of the AVHRR and channel 20 of the HIRS/2 instrument, respectively. Records 4-19 contain the best threshold values of the reflectance for the two instruments for up to 8 satellites. The AVHRR thresholds are in the first record of each pair, the HIRS/2 in the second. The satellite is defined in the directory record.</abstract>
      <purpose>To archive bidirectional reflectance data.</purpose>
    </descript>
    <timeperd>
      <timeinfo>
        <rngdates>
          <begdate>19790101</begdate>
          <enddate />
        </rngdates>
      </timeinfo>
      <current>Ground Condition</current>
    </timeperd>
    <status>
      <progress>In Progress</progress>
      <update>Unknown</update>
    </status>
    <spdom>
      <bounding>
        <westbc>-180</westbc>
        <eastbc>180</eastbc>
        <northbc>90</northbc>
        <southbc>-90</southbc>
      </bounding>
    </spdom>
    <keywords>
      <theme>
        <themekt>Other</themekt>
        <themekey>High Resolution Infrared Radiation Sounder (HIRS)</themekey>
        <themekey>Advanced Very High Resolution Radiometer (AVHRR)</themekey>
        <themekey>Clouds</themekey>
        <themekey>Albedo</themekey>
        <themekey>North Pacific Ocean</themekey>
      </theme>
    </keywords>
    <accconst>Contact Source.</accconst>
    <useconst>Check with Source.</useconst>
    <ptcontac>
      <cntinfo>
        <cntperp>
          <cntper>Sapper, John F.</cntper>
        </cntperp>
        <cntaddr>
          <addrtype>Mailing and Physical Address</addrtype>
          <address>5200 AUTH RD</address>
          <city>Suitland</city>
          <state>MD</state>
          <postal>20746-4304</postal>
          <country>USA</country>
        </cntaddr>
        <cntvoice>301-457-0914x148</cntvoice>
        <cntfax>301-457-0918</cntfax>
        <cntemail>John.Sapper@noaa.gov</cntemail>
      </cntinfo>
    </ptcontac>
  </idinfo>
  <distinfo>
    <distrib>
      <cntinfo>
        <cntperp>
          <cntper>Sapper, John F.</cntper>
        </cntperp>
        <cntaddr>
          <addrtype>Mailing and Physical Address</addrtype>
          <address>5200 AUTH RD</address>
          <city>Suitland</city>
          <state>MD</state>
          <postal>20746-4304</postal>
          <country>USA</country>
        </cntaddr>
        <cntvoice>301-457-0914x148</cntvoice>
        <cntfax>301-457-0918</cntfax>
        <cntemail>John.Sapper@noaa.gov</cntemail>
      </cntinfo>
    </distrib>
    <distliab>While every effort has been made to ensure that these data are accurate and reliable within the limits of the current state of the art, NOAA cannot assume liability for any damages caused by any errors or omissions in the data, nor as a result of the failure of the data to function on a particular system. NOAA makes no warranty, expressed or implied, nor does the fact of distribution constitute such a warranty.</distliab>
  </distinfo>
  <metainfo>
    <metd>20040827</metd>
    <metc>
      <cntinfo>
        <cntperp>
          <cntper>Kimberly Bahl</cntper>
        </cntperp>
        <cntaddr>
          <addrtype>Mailing and Physical Address</addrtype>
          <address>NOAA / AFSC / PMEL, 7600 Sand Point Way N.E.</address>
          <city>Seattle</city>
          <state>WA</state>
          <postal>98115</postal>
          <country>USA</country>
        </cntaddr>
        <cntvoice>206-526-4314</cntvoice>
        <cntfax>206-526-6485</cntfax>
        <cntemail>kimberly.bahl@noaa.gov</cntemail>
      </cntinfo>
    </metc>
    <metstdn>Content Standards for Digital Geospatial Metadata</metstdn>
    <metstdv>FGDC-STD-001-1998</metstdv>
    <metac>Contact Source.</metac>
    <metuc>Check with Source.</metuc>
  </metainfo>
</metadata>
