<metadata>
  <idinfo>
    <citation>
      <citeinfo>
        <origin>West Coast &amp; Polar Regions Undersea Research Center (WC&amp;PRURC)</origin>
        <pubdate>200012</pubdate>
        <title>The West Coast &amp; Polar Regions Undersea Research Center's Publications List</title>
      </citeinfo>
    </citation>
    <descript>
      <abstract>Please refer to the URL above to find a publication at NURP</abstract>
      <purpose>Purpose is to show records of all refereed publications in the NURP database</purpose>
    </descript>
    <timeperd>
      <timeinfo>
        <sngdate>
          <caldate>20001231</caldate>
        </sngdate>
      </timeinfo>
      <current>Publication Date</current>
    </timeperd>
    <status>
      <progress>In Progress</progress>
      <update>Weekly</update>
    </status>
    <spdom>
      <bounding>
        <westbc>-180</westbc>
        <eastbc>180</eastbc>
        <northbc>90</northbc>
        <southbc>-90</southbc>
      </bounding>
    </spdom>
    <keywords>
      <theme>
        <themekt>Other</themekt>
        <themekey>Publications</themekey>
        <themekey>NURP</themekey>
        <themekey>North Pacific Ocean</themekey>
      </theme>
    </keywords>
    <accconst>Contact Contributor</accconst>
    <useconst>Contact Contributor</useconst>
    <ptcontac>
      <cntinfo>
        <cntperp>
          <cntper>Kapla, Dana</cntper>
        </cntperp>
        <cntaddr>
          <addrtype>Mailing and Physical Address</addrtype>
          <address>PO Box 757220</address>
          <city>Fairbanks</city>
          <state>AK</state>
          <postal>99775-7220</postal>
          <country>USA</country>
        </cntaddr>
        <cntvoice>907-474-5870</cntvoice>
        <cntfax>907-474-5804</cntfax>
        <cntemail>westnurc@guru.uaf.edu</cntemail>
      </cntinfo>
    </ptcontac>
  </idinfo>
  <distinfo>
    <distrib>
      <cntinfo>
        <cntperp>
          <cntper>Kapla, Dana</cntper>
        </cntperp>
        <cntaddr>
          <addrtype>Mailing and Physical Address</addrtype>
          <address>PO Box 757220</address>
          <city>Fairbanks</city>
          <state>AK</state>
          <postal>99775-7220</postal>
          <country>USA</country>
        </cntaddr>
        <cntvoice>907-474-5870</cntvoice>
        <cntfax>907-474-5804</cntfax>
        <cntemail>westnurc@guru.uaf.edu</cntemail>
      </cntinfo>
    </distrib>
    <distliab>While every effort has been made to ensure that these data are accurate and reliable within the limits of the current state of the art, NOAA cannot assume liability for any damages caused by any errors or omissions in the data, nor as a result of the failure of the data to function on a particular system. NOAA makes no warranty, expressed or implied, nor does the fact of distribution constitute such a warranty.</distliab>
  </distinfo>
  <metainfo>
    <metd>20010118</metd>
    <metc>
      <cntinfo>
        <cntperp>
          <cntper>Kimberly Bahl</cntper>
        </cntperp>
        <cntaddr>
          <addrtype>Mailing and Physical Address</addrtype>
          <address>NOAA / AFSC / PMEL, 7600 Sand Point Way N.E.</address>
          <city>Seattle</city>
          <state>WA</state>
          <postal>98115</postal>
          <country>USA</country>
        </cntaddr>
        <cntvoice>206-526-4314</cntvoice>
        <cntfax>206-526-6485</cntfax>
        <cntemail>kimberly.bahl@noaa.gov</cntemail>
      </cntinfo>
    </metc>
    <metstdn>Content Standards for Digital Geospatial Metadata</metstdn>
    <metstdv>FGDC-STD-001-1998</metstdv>
    <metac>Contact Contributor</metac>
    <metuc>Contact Contributor</metuc>
  </metainfo>
</metadata>
