<metadata>
  <idinfo>
    <citation>
      <citeinfo>
        <origin>University of Washington (UW), School of Oceanography</origin>
        <pubdate>September 2001</pubdate>
        <title>Phytoplankton Data from the Gulf of Alaska, British Columbia and the Pacific Coast of the U.S.</title>
      </citeinfo>
    </citation>
    <descript>
      <abstract>Phytoplankton data include standing stock and species, and primary production.  The data go back to 1958 and includes cruises to Weather Station P from 1959-1970; American Mail Line cruises along a great circle route from Seattle to Yokohama in 1968-1972; and Japanese, Russian, and U.S. cruises at various times between 1958 and 1974.  The area was divided into geographic zones and the phytoplankton data were tabulated by season for each zone.  [ Part of the Outer Continental Shelf Environmental Assessment Program (OCSEAP) for Alaska. ]

[ Reference: PICES Scientific Report No. 18 2001, Proceedings of the PICES/CoML/IPRC Workshop on "Impact of Climate Variability on Observation and Prediction of Ecosystem and Biodiversity Changes in the North Pacific", http://www.pices.int/publications/scientific_reports/Report18/default.aspx. ]</abstract>
      <purpose>To describe the temporal and geographic variation in phytoplankton standing stock and species, primary production, and related physical and chemical factors, and use the data in a model of phytoplankton productivity tested with changes in the physiological constants and external parameters.</purpose>
    </descript>
    <timeperd>
      <timeinfo>
        <rngdates>
          <begdate>19590601</begdate>
          <enddate>19740731</enddate>
        </rngdates>
      </timeinfo>
      <current>Ground Condition</current>
    </timeperd>
    <status>
      <progress>Complete</progress>
      <update>Unknown</update>
    </status>
    <spdom>
      <bounding>
        <westbc>-180</westbc>
        <eastbc>-125.5</eastbc>
        <northbc>57.5</northbc>
        <southbc>43</southbc>
      </bounding>
    </spdom>
    <keywords>
      <theme>
        <themekt>North Pacific Ecosystem Metadatabase</themekt>
        <themekey>Plankton</themekey>
      </theme>
      <theme>
        <themekt>Other</themekt>
        <themekey>Gulf of Alaska</themekey>
        <themekey>British Columbia, Canada</themekey>
        <themekey>U.S. Pacific Coast</themekey>
        <themekey>Harmful Algal Bloom Species</themekey>
        <themekey>North Pacific Ocean</themekey>
      </theme>
    </keywords>
    <accconst>None</accconst>
    <useconst>Contact Source.</useconst>
    <ptcontac>
      <cntinfo>
        <cntperp>
          <cntper>National Oceanographic Data Center</cntper>
        </cntperp>
        <cntaddr>
          <addrtype>Mailing Address</addrtype>
          <address>1315 East-West Highway</address>
          <city>Silver Spring</city>
          <state>MD</state>
          <postal>20910</postal>
          <country>USA</country>
        </cntaddr>
        <cntvoice>301-713-3277</cntvoice>
        <cntfax>301-713-3302</cntfax>
        <cntemail>NODC.Services@noaa.gov</cntemail>
      </cntinfo>
    </ptcontac>
  </idinfo>
  <distinfo>
    <distrib>
      <cntinfo>
        <cntperp>
          <cntper>National Oceanographic Data Center</cntper>
        </cntperp>
        <cntaddr>
          <addrtype>Mailing Address</addrtype>
          <address>1315 East-West Highway</address>
          <city>Silver Spring</city>
          <state>MD</state>
          <postal>20910</postal>
          <country>USA</country>
        </cntaddr>
        <cntvoice>301-713-3277</cntvoice>
        <cntfax>301-713-3302</cntfax>
        <cntemail>NODC.Services@noaa.gov</cntemail>
      </cntinfo>
    </distrib>
    <distliab>While every effort has been made to ensure that these data are accurate and reliable within the limits of the current state of the art, NOAA cannot assume liability for any damages caused by any errors or omissions in the data, nor as a result of the failure of the data to function on a particular system. NOAA makes no warranty, expressed or implied, nor does the fact of distribution constitute such a warranty.</distliab>
  </distinfo>
  <metainfo>
    <metd>20040114</metd>
    <metc>
      <cntinfo>
        <cntperp>
          <cntper>Kimberly Bahl</cntper>
        </cntperp>
        <cntaddr>
          <addrtype>Mailing and Physical Address</addrtype>
          <address>NOAA / AFSC / PMEL, 7600 Sand Point Way N.E.</address>
          <city>Seattle</city>
          <state>WA</state>
          <postal>98115</postal>
          <country>USA</country>
        </cntaddr>
        <cntvoice>206-526-4314</cntvoice>
        <cntfax>206-526-6485</cntfax>
        <cntemail>kimberly.bahl@noaa.gov</cntemail>
      </cntinfo>
    </metc>
    <metstdn>Content Standards for Digital Geospatial Metadata</metstdn>
    <metstdv>FGDC-STD-001-1998</metstdv>
    <metac>None</metac>
    <metuc>Contact Source.</metuc>
  </metainfo>
</metadata>
