<metadata>
  <idinfo>
    <citation>
      <citeinfo>
        <origin>William Dupre of the Dept. of Geology, University of Houston, Houston, Texas 77004, U.S.A.</origin>
        <pubdate>1982</pubdate>
        <title>Depositional Environments of the Yukon Delta, Northeastern Bering Sea</title>
      </citeinfo>
    </citation>
    <descript>
      <abstract>
        <p>The Yukon River provides approximately 90% of the sediment presently entering the northeastern Bering sea.  Most of the sediment is initially deposited in Norton Sound, a broad, microtidal embayment typically less than 20 m deep.  The shallowness of the depositional basin has allowed extensive reworking of the deltaic sediments by a variety of process.  These include waves, tidally and wind-induced currents and oceanic currents, as well as processes associated with movement and deformation of sea ice.  The relative importance of these processes varies systematically throughout the year.  The seasonal variability is best described by the definition of an ice-dominated, river-dominated and storm dominated regimen, each consisting of a characteristic suit of geologic processes.</p>
        <p>The morphology of the Yukon Delta also reflects the climatic extremes of this high-latitude, epicontinental sea.  The subaqueous profile of the delta differs from most previously described deltas in that the shoreline is separated from the prograding margin of the delta by a 'sub-ice platform' which is typically 2-3 m deep and extends up to 25 km offshore.  The platform is crossed by a series of 'sub-ice channels' which extends up to 25 km beyond the mouths of the major distributaries.  The platform and associated subaqueous channels are related to the presence of shorefast ice which fringes the delta for half of the year, and appear to be characteristic of ice-dominated deltas formed in high-latitudes.</p>
        <p>[Reference: Dupreﾴ, W.R. (1982), Depositonal environments of the Yukon delta, northeastern Bering Sea; Geologie en Mijnbouw (Netherlands Journal of Geosciences), v. 61, p. 63-70.]</p>
        <p>This volume may be found at many university libraries.</p>
        <p>University of Washington, Natural Sciences Library http://www.lib.washington.edu/natsci/</p>
      </abstract>
      <purpose>To report depositional environments of the Yukon delta, northeastern Bering Sea.</purpose>
    </descript>
    <timeperd>
      <timeinfo />
      <current>Publication Date</current>
    </timeperd>
    <status>
      <progress>Complete</progress>
      <update>Unknown</update>
    </status>
    <spdom>
      <bounding>
        <westbc>-166</westbc>
        <eastbc>-162</eastbc>
        <northbc>64.1</northbc>
        <southbc>62.2</southbc>
      </bounding>
    </spdom>
    <keywords>
      <theme>
        <themekt>North Pacific Ecosystem Metadatabase</themekt>
        <themekey>Geology</themekey>
      </theme>
      <theme>
        <themekt>Other</themekt>
        <themekey>Yukon Delta</themekey>
        <themekey>Bering Sea</themekey>
        <themekey>Alaska</themekey>
        <themekey>Norton Sound</themekey>
        <themekey>Sediments</themekey>
        <themekey>North Pacific Ocean</themekey>
      </theme>
    </keywords>
    <accconst>None</accconst>
    <useconst>None</useconst>
    <ptcontac>
      <cntinfo>
        <cntperp>
          <cntper>Natural Sciences Library</cntper>
        </cntperp>
        <cntaddr>
          <addrtype>Mailing and Physical Address</addrtype>
          <address>Allen Library South
Box 352900</address>
          <city>Seattle</city>
          <state>WA</state>
          <postal>98195-2900</postal>
          <country>USA</country>
        </cntaddr>
        <cntvoice>206-543-1243</cntvoice>
        <cntfax>206-685-1655</cntfax>
        <cntemail>natsci@u.washington.edu</cntemail>
      </cntinfo>
    </ptcontac>
  </idinfo>
  <distinfo>
    <distrib>
      <cntinfo>
        <cntperp>
          <cntper>Natural Sciences Library</cntper>
        </cntperp>
        <cntaddr>
          <addrtype>Mailing and Physical Address</addrtype>
          <address>Allen Library South
Box 352900</address>
          <city>Seattle</city>
          <state>WA</state>
          <postal>98195-2900</postal>
          <country>USA</country>
        </cntaddr>
        <cntvoice>206-543-1243</cntvoice>
        <cntfax>206-685-1655</cntfax>
        <cntemail>natsci@u.washington.edu</cntemail>
      </cntinfo>
    </distrib>
    <distliab>While every effort has been made to ensure that these data are accurate and reliable within the limits of the current state of the art, NOAA cannot assume liability for any damages caused by any errors or omissions in the data, nor as a result of the failure of the data to function on a particular system. NOAA makes no warranty, expressed or implied, nor does the fact of distribution constitute such a warranty.</distliab>
  </distinfo>
  <metainfo>
    <metd>19990129</metd>
    <metc>
      <cntinfo>
        <cntperp>
          <cntper>Kimberly Bahl</cntper>
        </cntperp>
        <cntaddr>
          <addrtype>Mailing and Physical Address</addrtype>
          <address>NOAA / AFSC / PMEL, 7600 Sand Point Way N.E.</address>
          <city>Seattle</city>
          <state>WA</state>
          <postal>98115</postal>
          <country>USA</country>
        </cntaddr>
        <cntvoice>206-526-4314</cntvoice>
        <cntfax>206-526-6485</cntfax>
        <cntemail>kimberly.bahl@noaa.gov</cntemail>
      </cntinfo>
    </metc>
    <metstdn>Content Standards for Digital Geospatial Metadata</metstdn>
    <metstdv>FGDC-STD-001-1998</metstdv>
    <metac>None</metac>
    <metuc>None</metuc>
  </metainfo>
</metadata>
