<metadata>
  <idinfo>
    <citation>
      <citeinfo>
        <origin>National Oceanic and Atmospheric Administration (NOAA), Office of Oceanic and Atmospheric Research (OAR), Pacific Marine Environmental Laboratory (PMEL)</origin>
        <pubdate>19811231</pubdate>
        <title>Distribution and Elemental Composition of Suspended Matter in Alaskan Coastal Waters</title>
      </citeinfo>
    </citation>
    <descript>
      <abstract>As part of a multiyear program responding to the needs of petroleum development of the Alaskan outer continental shelf, a comprehensive study of the distribution and chemical composition of suspended material was initiated. The purpose of the study was to determine the chemical nature and transport pathways of particulate materials that would
act as effective scavengers of petroleum compounds in the marine waters of the Alaskan continental shelf. This report summarizes the major results of studies conducted in four separate continental shelf regions: the northeast Gulf of Alaska, lower Cook Inlet, southeastern Bering Sea Shelf, and Norton Sound.</abstract>
      <purpose>A report to show the distribution and elemental composition of suspended matter in Alaskan coastal waters</purpose>
    </descript>
    <timeperd>
      <timeinfo>
        <rngdates>
          <begdate>19811231</begdate>
          <enddate />
        </rngdates>
      </timeinfo>
      <current>Publication Date</current>
    </timeperd>
    <status>
      <progress>Complete</progress>
      <update>Unknown</update>
    </status>
    <spdom>
      <bounding>
        <westbc>178</westbc>
        <eastbc>-168</eastbc>
        <northbc>67.5</northbc>
        <southbc>52</southbc>
      </bounding>
    </spdom>
    <keywords>
      <theme>
        <themekt>Other</themekt>
        <themekey>Bering Sea</themekey>
        <themekey>Alaska</themekey>
        <themekey>Continental Shelf</themekey>
        <themekey>Norton Sound</themekey>
        <themekey>North Pacific Ocean</themekey>
      </theme>
    </keywords>
    <accconst>Check with this URLs : http://www.pmel.noaa.gov/pubs/publications.shtml</accconst>
    <useconst>Refer to webstite URL: http://www.pmel.noaa.gov/pubs/publications.shtml</useconst>
    <ptcontac>
      <cntinfo>
        <cntperp>
          <cntper>Feely, Richard A.</cntper>
        </cntperp>
        <cntaddr>
          <addrtype>Mailing and Physical Address</addrtype>
          <address>7600 Sand Point Way N.E.</address>
          <city>Seattle</city>
          <state>WA</state>
          <postal>98115</postal>
          <country>USA</country>
        </cntaddr>
        <cntvoice>206-526-6214</cntvoice>
        <cntfax />
        <cntemail>Richard.A.Feely@noaa.gov</cntemail>
      </cntinfo>
    </ptcontac>
  </idinfo>
  <distinfo>
    <distrib>
      <cntinfo>
        <cntperp>
          <cntper>Feely, Richard A.</cntper>
        </cntperp>
        <cntaddr>
          <addrtype>Mailing and Physical Address</addrtype>
          <address>7600 Sand Point Way N.E.</address>
          <city>Seattle</city>
          <state>WA</state>
          <postal>98115</postal>
          <country>USA</country>
        </cntaddr>
        <cntvoice>206-526-6214</cntvoice>
        <cntfax />
        <cntemail>Richard.A.Feely@noaa.gov</cntemail>
      </cntinfo>
    </distrib>
    <distliab>While every effort has been made to ensure that these data are accurate and reliable within the limits of the current state of the art, NOAA cannot assume liability for any damages caused by any errors or omissions in the data, nor as a result of the failure of the data to function on a particular system. NOAA makes no warranty, expressed or implied, nor does the fact of distribution constitute such a warranty.</distliab>
  </distinfo>
  <metainfo>
    <metd>19990203</metd>
    <metc>
      <cntinfo>
        <cntperp>
          <cntper>Kimberly Bahl</cntper>
        </cntperp>
        <cntaddr>
          <addrtype>Mailing and Physical Address</addrtype>
          <address>NOAA / AFSC / PMEL, 7600 Sand Point Way N.E.</address>
          <city>Seattle</city>
          <state>WA</state>
          <postal>98115</postal>
          <country>USA</country>
        </cntaddr>
        <cntvoice>206-526-4314</cntvoice>
        <cntfax>206-526-6485</cntfax>
        <cntemail>kimberly.bahl@noaa.gov</cntemail>
      </cntinfo>
    </metc>
    <metstdn>Content Standards for Digital Geospatial Metadata</metstdn>
    <metstdv>FGDC-STD-001-1998</metstdv>
    <metac>Check with this URLs : http://www.pmel.noaa.gov/pubs/publications.shtml</metac>
    <metuc>Refer to webstite URL: http://www.pmel.noaa.gov/pubs/publications.shtml</metuc>
  </metainfo>
</metadata>
