<metadata>
  <idinfo>
    <citation>
      <citeinfo>
        <origin>Gerald A. Sanger of the Northwest Fisheries Center, National Marine Fisheries Service (NMFS), National Oceanic and Atmospheric Administration (NOAA)</origin>
        <pubdate>19740701</pubdate>
        <title>Tufted Puffin (Lunda cirrhata)</title>
      </citeinfo>
    </citation>
    <descript>
      <abstract>
        <p>This is a characteristic species of the boreal Pacific Ocean.  The breeding distribution cuts an enormous arch around the northern part of the Pacific Ocean from adjoining countries to overseas countries, from Peter the Great Bay and northern Hokkaido, as far as the Santa Barbara Islands and Baja California.  In the north it breeds as far as Cape Lisburn and in the Kolyuchin Islands in the Southern Okhotsk Sea.</p>
        <p>An excerpt from Chapter 1, "Sketches on the distribution and migrations of different species of marine birds." Pages 92-97, including 2 figures translated by Gerald Sanger available at the NOAA Seattle NMML Library.</p>
        <p>[Reference: V. P. Shuntov, "Marine birds and the biological structure of the ocean," Pacific Ocean Research Institute of Fisheries and Oceanography (TINRO), Far East Book Publishers, Vladivostok, 1972.]  (V. P. Shuntov, "Morskiye ptitsy i biologicheskaya struktvra okeana ," TIKHOOKEANSKI NAUKHNO-ISSLEDOVATYEL'SKI INSTITUT RYBNOGO KHOZYAISTVA I OKEANOGRAAFII (TINRO)</p>
      </abstract>
      <purpose>A general report on the Tufted Puffin.</purpose>
    </descript>
    <timeperd>
      <timeinfo />
      <current>Publication Date</current>
    </timeperd>
    <status>
      <progress>Complete</progress>
      <update>Unknown</update>
    </status>
    <spdom>
      <bounding>
        <westbc>150</westbc>
        <eastbc>-120</eastbc>
        <northbc>70</northbc>
        <southbc>35</southbc>
      </bounding>
    </spdom>
    <keywords>
      <theme>
        <themekt>North Pacific Ecosystem Metadatabase</themekt>
        <themekey>Birds</themekey>
      </theme>
      <theme>
        <themekt>Other</themekt>
        <themekey>Migrations</themekey>
        <themekey>Distribution</themekey>
        <themekey>Kolyuchin Islands, Okhotsk Sea</themekey>
        <themekey>Alaska</themekey>
        <themekey>Baja California</themekey>
        <themekey>Santa Barbara, California</themekey>
        <themekey>Hokkaido</themekey>
        <themekey>Peter the Great Bay</themekey>
        <themekey>Aleutian Islands</themekey>
        <themekey>Kamchatka</themekey>
        <themekey>Sea of Okhotsk</themekey>
        <themekey>Sea of Japan/East Sea</themekey>
        <themekey>Tufted Puffins</themekey>
        <themekey>Cape Lisburn, Alaska</themekey>
        <themekey>Bering Sea</themekey>
        <themekey>North Pacific Ocean</themekey>
      </theme>
    </keywords>
    <accconst>None</accconst>
    <useconst>None</useconst>
    <ptcontac>
      <cntinfo>
        <cntperp>
          <cntper>NMML Library</cntper>
        </cntperp>
        <cntaddr>
          <addrtype>Mailing and Physical Address</addrtype>
          <address>7600 Sand Point Way N.E.</address>
          <city>Seattle</city>
          <state>WA</state>
          <postal>98115</postal>
          <country>USA</country>
        </cntaddr>
        <cntvoice>206-526-4013</cntvoice>
        <cntfax>206-526-6615</cntfax>
        <cntemail>nmml.library@noaa.gov</cntemail>
      </cntinfo>
    </ptcontac>
  </idinfo>
  <distinfo>
    <distrib>
      <cntinfo>
        <cntperp>
          <cntper>NMML Library</cntper>
        </cntperp>
        <cntaddr>
          <addrtype>Mailing and Physical Address</addrtype>
          <address>7600 Sand Point Way N.E.</address>
          <city>Seattle</city>
          <state>WA</state>
          <postal>98115</postal>
          <country>USA</country>
        </cntaddr>
        <cntvoice>206-526-4013</cntvoice>
        <cntfax>206-526-6615</cntfax>
        <cntemail>nmml.library@noaa.gov</cntemail>
      </cntinfo>
    </distrib>
    <distliab>While every effort has been made to ensure that these data are accurate and reliable within the limits of the current state of the art, NOAA cannot assume liability for any damages caused by any errors or omissions in the data, nor as a result of the failure of the data to function on a particular system. NOAA makes no warranty, expressed or implied, nor does the fact of distribution constitute such a warranty.</distliab>
  </distinfo>
  <metainfo>
    <metd>19990127</metd>
    <metc>
      <cntinfo>
        <cntperp>
          <cntper>Kimberly Bahl</cntper>
        </cntperp>
        <cntaddr>
          <addrtype>Mailing and Physical Address</addrtype>
          <address>NOAA / AFSC / PMEL, 7600 Sand Point Way N.E.</address>
          <city>Seattle</city>
          <state>WA</state>
          <postal>98115</postal>
          <country>USA</country>
        </cntaddr>
        <cntvoice>206-526-4314</cntvoice>
        <cntfax>206-526-6485</cntfax>
        <cntemail>kimberly.bahl@noaa.gov</cntemail>
      </cntinfo>
    </metc>
    <metstdn>Content Standards for Digital Geospatial Metadata</metstdn>
    <metstdv>FGDC-STD-001-1998</metstdv>
    <metac>None</metac>
    <metuc>None</metuc>
  </metainfo>
</metadata>
