<metadata>
  <idinfo>
    <citation>
      <citeinfo>
        <origin>Sea Fisheries Institute</origin>
        <pubdate>19990110</pubdate>
        <title>Results of the Population Studies of Walleye Pollock (Theragra chalcogramma) in the Bering Sea. In: Proceedings of the International Scientific Symposium on the Bering Sea Fisheries. NOAA Tech. Memo. NMFS F/NWC-163:216-230</title>
      </citeinfo>
    </citation>
    <descript>
      <abstract>Anolyn's of morphemetric and merits features of pollock from the region of Bering Sea (donut hole and South eastern shelf). Materials were collected on board of fish vessels between Jan and March 1987.</abstract>
      <purpose>To show the results of the population studies of walleye Pollock, in the Bering Sea, in proceeding of the international scripture Symposium on the Bering Sea, Alaska, USA.  NOAA Tech NHFS F/NHC -163 pp. 216 - 230.</purpose>
    </descript>
    <timeperd>
      <timeinfo>
        <rngdates>
          <begdate>19870101</begdate>
          <enddate>19870331</enddate>
        </rngdates>
      </timeinfo>
      <current>Sample Date</current>
    </timeperd>
    <status>
      <progress>Complete</progress>
      <update>None Planned</update>
    </status>
    <spdom>
      <bounding>
        <westbc>175</westbc>
        <eastbc>-177</eastbc>
        <northbc>57</northbc>
        <southbc>55</southbc>
      </bounding>
    </spdom>
    <keywords>
      <theme>
        <themekt>North Pacific Ecosystem Metadatabase</themekt>
        <themekey>Fish</themekey>
      </theme>
      <theme>
        <themekt>Other</themekt>
        <themekey>Walleye Pollock</themekey>
        <themekey>Mooring</themekey>
        <themekey>North Pacific Ocean</themekey>
      </theme>
    </keywords>
    <accconst>None</accconst>
    <useconst>None</useconst>
    <ptcontac>
      <cntinfo>
        <cntperp>
          <cntper>Janusz, Jerzy</cntper>
        </cntperp>
        <cntaddr>
          <addrtype>Mailing and Physical Address</addrtype>
          <address>Kolcataja Street</address>
          <city>Gdynia</city>
          <state />
          <postal>81-332</postal>
          <country>Poland</country>
        </cntaddr>
        <cntvoice>48-58-620-1728</cntvoice>
        <cntfax>48-58-620-2831</cntfax>
        <cntemail>jjanusz@miryb.mir.gdynia.pl</cntemail>
      </cntinfo>
    </ptcontac>
  </idinfo>
  <distinfo>
    <distrib>
      <cntinfo>
        <cntperp>
          <cntper>Janusz, Jerzy</cntper>
        </cntperp>
        <cntaddr>
          <addrtype>Mailing and Physical Address</addrtype>
          <address>Kolcataja Street</address>
          <city>Gdynia</city>
          <state />
          <postal>81-332</postal>
          <country>Poland</country>
        </cntaddr>
        <cntvoice>48-58-620-1728</cntvoice>
        <cntfax>48-58-620-2831</cntfax>
        <cntemail>jjanusz@miryb.mir.gdynia.pl</cntemail>
      </cntinfo>
    </distrib>
    <distliab>While every effort has been made to ensure that these data are accurate and reliable within the limits of the current state of the art, NOAA cannot assume liability for any damages caused by any errors or omissions in the data, nor as a result of the failure of the data to function on a particular system. NOAA makes no warranty, expressed or implied, nor does the fact of distribution constitute such a warranty.</distliab>
  </distinfo>
  <metainfo>
    <metd>19991115</metd>
    <metc>
      <cntinfo>
        <cntperp>
          <cntper>Kimberly Bahl</cntper>
        </cntperp>
        <cntaddr>
          <addrtype>Mailing and Physical Address</addrtype>
          <address>NOAA / AFSC / PMEL, 7600 Sand Point Way N.E.</address>
          <city>Seattle</city>
          <state>WA</state>
          <postal>98115</postal>
          <country>USA</country>
        </cntaddr>
        <cntvoice>206-526-4314</cntvoice>
        <cntfax>206-526-6485</cntfax>
        <cntemail>kimberly.bahl@noaa.gov</cntemail>
      </cntinfo>
    </metc>
    <metstdn>Content Standards for Digital Geospatial Metadata</metstdn>
    <metstdv>FGDC-STD-001-1998</metstdv>
    <metac>None</metac>
    <metuc>None</metuc>
  </metainfo>
</metadata>
