<metadata>
  <idinfo>
    <citation>
      <citeinfo>
        <origin>Japan Coast Guard, Japan</origin>
        <pubdate />
        <title>30 Second Interval Tide Data at Tide Station Yokosuka, Japan in NEAR-GOOS Regional Delayed Mode Data Base (RDMDB)</title>
      </citeinfo>
    </citation>
    <descript>
      <abstract>
        <p>30 second interval sea level data from tide station Yokosuka, Japan.  Observed data include sea level, air pressure, temperature, and sea level.</p>
        <p>Data sets may be obtained directly from the North-East Asian Regional - Global Ocean Observing System (NEAR-GOOS) Regional Delayed Mode Data Base (RDMDB) at http://near-goos1.jodc.go.jp/ with a user account.  First time users must register to gain database access.</p>
      </abstract>
      <purpose>To offer basic data service to NEAR-GOOS and GOOS communities as part of the NEAR-GOOS project.</purpose>
    </descript>
    <timeperd>
      <timeinfo>
        <rngdates>
          <begdate>19961016</begdate>
          <enddate />
        </rngdates>
      </timeinfo>
      <current>Ground Condition</current>
    </timeperd>
    <status>
      <progress>In Progress</progress>
      <update>Monthly</update>
    </status>
    <spdom>
      <bounding>
        <westbc>139.65</westbc>
        <eastbc>139.65</eastbc>
        <northbc>35.28</northbc>
        <southbc>35.28</southbc>
      </bounding>
    </spdom>
    <keywords>
      <theme>
        <themekt>North Pacific Ecosystem Metadatabase</themekt>
        <themekey>Oceanography</themekey>
      </theme>
      <theme>
        <themekt>Other</themekt>
        <themekey>Tide</themekey>
        <themekey>Northwestern Pacific Ocean</themekey>
        <themekey>Yokosuka, Japan</themekey>
        <themekey>North Pacific Ocean</themekey>
      </theme>
    </keywords>
    <accconst>First time users must register to gain database access.</accconst>
    <useconst>None</useconst>
    <ptcontac>
      <cntinfo>
        <cntperp>
          <cntper>Okano, Hirofumi</cntper>
        </cntperp>
        <cntaddr>
          <addrtype>Mailing and Physical Address</addrtype>
          <address>5-3-1 Tsukiji, Chuo-ku</address>
          <city>Tokyo</city>
          <state />
          <postal>104-0045</postal>
          <country>Japan</country>
        </cntaddr>
        <cntvoice>81-3-3541-4295</cntvoice>
        <cntfax>81-3-3545-2885</cntfax>
        <cntemail>mail@jodc.go.jp</cntemail>
      </cntinfo>
    </ptcontac>
  </idinfo>
  <distinfo>
    <distrib>
      <cntinfo>
        <cntperp>
          <cntper>Okano, Hirofumi</cntper>
        </cntperp>
        <cntaddr>
          <addrtype>Mailing and Physical Address</addrtype>
          <address>5-3-1 Tsukiji, Chuo-ku</address>
          <city>Tokyo</city>
          <state />
          <postal>104-0045</postal>
          <country>Japan</country>
        </cntaddr>
        <cntvoice>81-3-3541-4295</cntvoice>
        <cntfax>81-3-3545-2885</cntfax>
        <cntemail>mail@jodc.go.jp</cntemail>
      </cntinfo>
    </distrib>
    <distliab>While every effort has been made to ensure that these data are accurate and reliable within the limits of the current state of the art, NOAA cannot assume liability for any damages caused by any errors or omissions in the data, nor as a result of the failure of the data to function on a particular system. NOAA makes no warranty, expressed or implied, nor does the fact of distribution constitute such a warranty.</distliab>
  </distinfo>
  <metainfo>
    <metd>20050418</metd>
    <metc>
      <cntinfo>
        <cntperp>
          <cntper>Kimberly Bahl</cntper>
        </cntperp>
        <cntaddr>
          <addrtype>Mailing and Physical Address</addrtype>
          <address>NOAA / AFSC / PMEL, 7600 Sand Point Way N.E.</address>
          <city>Seattle</city>
          <state>WA</state>
          <postal>98115</postal>
          <country>USA</country>
        </cntaddr>
        <cntvoice>206-526-4314</cntvoice>
        <cntfax>206-526-6485</cntfax>
        <cntemail>kimberly.bahl@noaa.gov</cntemail>
      </cntinfo>
    </metc>
    <metstdn>Content Standards for Digital Geospatial Metadata</metstdn>
    <metstdv>FGDC-STD-001-1998</metstdv>
    <metac>First time users must register to gain database access.</metac>
    <metuc>None</metuc>
  </metainfo>
</metadata>
