<metadata>
  <idinfo>
    <citation>
      <citeinfo>
        <origin>National Oceanic and Atmospheric Administration (NOAA), National Marine Fisheries Service (NMFS), Alaska Fisheries Science Center (AFSC)</origin>
        <pubdate>Unknown</pubdate>
        <title>AFSC Marine Salmon Interactions Monitoring Data Sets: Auke Bay - Water Temperature and Salinity</title>
      </citeinfo>
    </citation>
    <descript>
      <abstract>A 20-m temperature-salinity profile is measured with a CTD each time plankton samples are collected.  The hydrographic structure of the surface water column used by juvenile salmon is thus monitored from its spring structure of a freshwater lens over a colder, more saline (denser) layer to a summer mixed structure throughout the period that juvenile salmon use the nearshore and strait habitats.</abstract>
      <purpose>To monitor marine salmon interactions.</purpose>
    </descript>
    <timeperd>
      <timeinfo />
      <current>Sample Date</current>
    </timeperd>
    <status>
      <progress />
      <update />
    </status>
    <spdom>
      <bounding>
        <westbc>-134.68</westbc>
        <eastbc>-134.68</eastbc>
        <northbc>58.37</northbc>
        <southbc>58.37</southbc>
      </bounding>
    </spdom>
    <keywords>
      <theme>
        <themekt>Other</themekt>
        <themekey>North Pacific Ocean</themekey>
      </theme>
    </keywords>
    <accconst>Contact Source.</accconst>
    <useconst>Contact Source.</useconst>
    <ptcontac>
      <cntinfo>
        <cntperp>
          <cntper>Heard, William R.</cntper>
        </cntperp>
        <cntaddr>
          <addrtype>Mailing and Physical Address</addrtype>
          <address>11305 Glacier Highway</address>
          <city>Juneau</city>
          <state>AK</state>
          <postal>99801-8626</postal>
          <country>USA</country>
        </cntaddr>
        <cntvoice>907-789-6003</cntvoice>
        <cntfax />
        <cntemail>bill.heard@noaa.gov</cntemail>
      </cntinfo>
    </ptcontac>
  </idinfo>
  <distinfo>
    <distrib>
      <cntinfo>
        <cntperp>
          <cntper>Heard, William R.</cntper>
        </cntperp>
        <cntaddr>
          <addrtype>Mailing and Physical Address</addrtype>
          <address>11305 Glacier Highway</address>
          <city>Juneau</city>
          <state>AK</state>
          <postal>99801-8626</postal>
          <country>USA</country>
        </cntaddr>
        <cntvoice>907-789-6003</cntvoice>
        <cntfax />
        <cntemail>bill.heard@noaa.gov</cntemail>
      </cntinfo>
    </distrib>
    <distliab>While every effort has been made to ensure that these data are accurate and reliable within the limits of the current state of the art, NOAA cannot assume liability for any damages caused by any errors or omissions in the data, nor as a result of the failure of the data to function on a particular system. NOAA makes no warranty, expressed or implied, nor does the fact of distribution constitute such a warranty.</distliab>
  </distinfo>
  <metainfo>
    <metd>20041027</metd>
    <metc>
      <cntinfo>
        <cntperp>
          <cntper>Kimberly Bahl</cntper>
        </cntperp>
        <cntaddr>
          <addrtype>Mailing and Physical Address</addrtype>
          <address>NOAA / AFSC / PMEL, 7600 Sand Point Way N.E.</address>
          <city>Seattle</city>
          <state>WA</state>
          <postal>98115</postal>
          <country>USA</country>
        </cntaddr>
        <cntvoice>206-526-4314</cntvoice>
        <cntfax>206-526-6485</cntfax>
        <cntemail>kimberly.bahl@noaa.gov</cntemail>
      </cntinfo>
    </metc>
    <metstdn>Content Standards for Digital Geospatial Metadata</metstdn>
    <metstdv>FGDC-STD-001-1998</metstdv>
    <metac>Contact Source.</metac>
    <metuc>Contact Source.</metuc>
  </metainfo>
</metadata>
