<metadata>
  <idinfo>
    <citation>
      <citeinfo>
        <origin>Alaska Department of Fish and Game (ADF&amp;G), Division of Commercial Fisheries, Management and Development Division</origin>
        <pubdate>72-88  thru  87-98</pubdate>
        <title>No. 091 - Prince William Sound tagging research, 1982  By Michael L. McCurdy.  August  1983  55 pp.</title>
      </citeinfo>
    </citation>
    <descript>
      <abstract>Included (but are not limited to): (1)  Salmon abundance, catch and escapement studies  (2) annual smolt studies  (3) tagging studies  (4) annual federal aid reports  (5) special short-term or interim reports on equipment or methodologies, stock identification, management, life history, etc and (6) some annual  U.S./ Canada reports.</abstract>
      <purpose>Publications in this series are usually technically oriented and additionally have the following characteristics:  (1)  timely reporting of mostly final data, although minor future adjustments are acceptable (2) content usually annual iterative or interim in nature (3) data in a basic form (but not raw data) may be archived</purpose>
    </descript>
    <timeperd>
      <timeinfo>
        <rngdates>
          <begdate>19820101</begdate>
          <enddate>19821231</enddate>
        </rngdates>
      </timeinfo>
      <current>Other</current>
    </timeperd>
    <status>
      <progress>Complete</progress>
      <update>Annually</update>
    </status>
    <spdom>
      <bounding>
        <westbc>-162</westbc>
        <eastbc>-157</eastbc>
        <northbc>59</northbc>
        <southbc>56</southbc>
      </bounding>
    </spdom>
    <keywords>
      <theme>
        <themekt>North Pacific Ecosystem Metadatabase</themekt>
        <themekey>Biological Effects</themekey>
        <themekey>Biology</themekey>
        <themekey>Fish</themekey>
        <themekey>Intertidal</themekey>
      </theme>
      <theme>
        <themekt>Other</themekt>
        <themekey>North Pacific Ocean</themekey>
      </theme>
    </keywords>
    <accconst>Request for one or two pages of data and/or short reports can usually be accommodated.</accconst>
    <useconst>Republications of materials in this report series may be authorized by the department</useconst>
    <ptcontac>
      <cntinfo>
        <cntperp>
          <cntper>Savikko, Kurt</cntper>
        </cntperp>
        <cntaddr>
          <addrtype>Mailing and Physical Address</addrtype>
          <address>P.O. Box 25526</address>
          <city>Juneau</city>
          <state>AK</state>
          <postal>99802-5526</postal>
          <country>USA</country>
        </cntaddr>
        <cntvoice>907-465-6104</cntvoice>
        <cntfax>907-465-4168</cntfax>
        <cntemail>Kurts@fishgame.state.ak.us</cntemail>
      </cntinfo>
    </ptcontac>
  </idinfo>
  <distinfo>
    <distrib>
      <cntinfo>
        <cntperp>
          <cntper>Savikko, Kurt</cntper>
        </cntperp>
        <cntaddr>
          <addrtype>Mailing and Physical Address</addrtype>
          <address>P.O. Box 25526</address>
          <city>Juneau</city>
          <state>AK</state>
          <postal>99802-5526</postal>
          <country>USA</country>
        </cntaddr>
        <cntvoice>907-465-6104</cntvoice>
        <cntfax>907-465-4168</cntfax>
        <cntemail>Kurts@fishgame.state.ak.us</cntemail>
      </cntinfo>
    </distrib>
    <distliab>While every effort has been made to ensure that these data are accurate and reliable within the limits of the current state of the art, NOAA cannot assume liability for any damages caused by any errors or omissions in the data, nor as a result of the failure of the data to function on a particular system. NOAA makes no warranty, expressed or implied, nor does the fact of distribution constitute such a warranty.</distliab>
  </distinfo>
  <metainfo>
    <metd>19980716</metd>
    <metc>
      <cntinfo>
        <cntperp>
          <cntper>Kimberly Bahl</cntper>
        </cntperp>
        <cntaddr>
          <addrtype>Mailing and Physical Address</addrtype>
          <address>NOAA / AFSC / PMEL, 7600 Sand Point Way N.E.</address>
          <city>Seattle</city>
          <state>WA</state>
          <postal>98115</postal>
          <country>USA</country>
        </cntaddr>
        <cntvoice>206-526-4314</cntvoice>
        <cntfax>206-526-6485</cntfax>
        <cntemail>kimberly.bahl@noaa.gov</cntemail>
      </cntinfo>
    </metc>
    <metstdn>Content Standards for Digital Geospatial Metadata</metstdn>
    <metstdv>FGDC-STD-001-1998</metstdv>
    <metac>Request for one or two pages of data and/or short reports can usually be accommodated.</metac>
    <metuc>Republications of materials in this report series may be authorized by the department</metuc>
  </metainfo>
</metadata>
