<metadata>
  <idinfo>
    <citation>
      <citeinfo>
        <origin>Alaska Department of Fish and Game (ADF&amp;G), Division of Commercial Fisheries, Management and Development Division</origin>
        <pubdate>1988 - Present</pubdate>
        <title>94-20 Sonar Enumeration of Pacific Salmon into Nushagak River, 1993.  James D. Miller, Linda K. Brannian and Beverly A. Cross.  May  1994</title>
      </citeinfo>
    </citation>
    <descript>
      <abstract>Includes (but are not limited to:) (1) Alaska Board of Fisheries and Fishery Management council reports (2) Season summaries (3) White papers (4) management plans (5) annual test fish results (6) legislative reports (7) forecast (8) area management reports (9) annual shellfish surveys (10) some annual U.S./Canada;  and since the 1993, the following studies have been published in this series:  (11) Salmon abundance, catch and escapements studies (12) annual smolt reports (13) tagging studies and (14) special short-term or interim reports on equipment or methodologies, stock identification, management, life history, etc..</abstract>
      <purpose>This series is primarily informational, serving to: (1) promote intradepartmental exchange of information and (2) meet ad hoc reporting functions of the department to other agencies, governmental and regulatory bodies, the fishing industry and the public.  Reports in this series may achieve original observations (raw data) or contain preliminary or incomplete data.  These reports do not receive full editorial and peer review.  Reports may be highly individualized.</purpose>
    </descript>
    <timeperd>
      <timeinfo>
        <rngdates>
          <begdate>19930101</begdate>
          <enddate>19931231</enddate>
        </rngdates>
      </timeinfo>
      <current>Other</current>
    </timeperd>
    <status>
      <progress>Complete</progress>
      <update>Annually</update>
    </status>
    <spdom>
      <bounding>
        <westbc>-162</westbc>
        <eastbc>-157</eastbc>
        <northbc>59</northbc>
        <southbc>56</southbc>
      </bounding>
    </spdom>
    <keywords>
      <theme>
        <themekt>North Pacific Ecosystem Metadatabase</themekt>
        <themekey>Biological Effects</themekey>
        <themekey>Biology</themekey>
        <themekey>Fish</themekey>
        <themekey>Intertidal</themekey>
        <themekey>Management</themekey>
      </theme>
      <theme>
        <themekt>Other</themekt>
        <themekey>North Pacific Ocean</themekey>
      </theme>
    </keywords>
    <accconst>Requests for one or two pages of data and/or short reports can usually be accommodated.</accconst>
    <useconst>Republications of materials in this report series may be authorized by the department</useconst>
    <ptcontac>
      <cntinfo>
        <cntperp>
          <cntper>Regnart, Jeff</cntper>
        </cntperp>
        <cntaddr>
          <addrtype>Mailing and Physical Address</addrtype>
          <address>333 Raspberry Road</address>
          <city>Anchorage</city>
          <state>AK</state>
          <postal>99518-1599</postal>
          <country>USA</country>
        </cntaddr>
        <cntvoice>907-267-2141</cntvoice>
        <cntfax>907-267-2442</cntfax>
        <cntemail>jeffr@fishgame.state.ak.us</cntemail>
      </cntinfo>
    </ptcontac>
  </idinfo>
  <distinfo>
    <distrib>
      <cntinfo>
        <cntperp>
          <cntper>Regnart, Jeff</cntper>
        </cntperp>
        <cntaddr>
          <addrtype>Mailing and Physical Address</addrtype>
          <address>333 Raspberry Road</address>
          <city>Anchorage</city>
          <state>AK</state>
          <postal>99518-1599</postal>
          <country>USA</country>
        </cntaddr>
        <cntvoice>907-267-2141</cntvoice>
        <cntfax>907-267-2442</cntfax>
        <cntemail>jeffr@fishgame.state.ak.us</cntemail>
      </cntinfo>
    </distrib>
    <distliab>While every effort has been made to ensure that these data are accurate and reliable within the limits of the current state of the art, NOAA cannot assume liability for any damages caused by any errors or omissions in the data, nor as a result of the failure of the data to function on a particular system. NOAA makes no warranty, expressed or implied, nor does the fact of distribution constitute such a warranty.</distliab>
  </distinfo>
  <metainfo>
    <metd>19980713</metd>
    <metc>
      <cntinfo>
        <cntperp>
          <cntper>Kimberly Bahl</cntper>
        </cntperp>
        <cntaddr>
          <addrtype>Mailing and Physical Address</addrtype>
          <address>NOAA / AFSC / PMEL, 7600 Sand Point Way N.E.</address>
          <city>Seattle</city>
          <state>WA</state>
          <postal>98115</postal>
          <country>USA</country>
        </cntaddr>
        <cntvoice>206-526-4314</cntvoice>
        <cntfax>206-526-6485</cntfax>
        <cntemail>kimberly.bahl@noaa.gov</cntemail>
      </cntinfo>
    </metc>
    <metstdn>Content Standards for Digital Geospatial Metadata</metstdn>
    <metstdv>FGDC-STD-001-1998</metstdv>
    <metac>Requests for one or two pages of data and/or short reports can usually be accommodated.</metac>
    <metuc>Republications of materials in this report series may be authorized by the department</metuc>
  </metainfo>
</metadata>
