<metadata>
  <idinfo>
    <citation>
      <citeinfo>
        <origin>
          C. Hans Nelson: U. S. Geological Survey (USGS), Menlo Park, California 94025, U.S.A.
          <br />
          Kirk R. Johnson
        </origin>
        <pubdate>19870228</pubdate>
        <title>Whales and Walruses as Tillers of the Sea Floor</title>
      </citeinfo>
    </citation>
    <descript>
      <abstract>
        <p>As gray whales and Pacific walruses gather food from the bottom of the northeastern Bering Sea, they produce pits and furrows to a degree that rivals the disturbances caused by geologic processes.</p>
        <p>[Reference: Nelson, C.H. and K.R. Johnson. 1987. Whales and Walruses as Tillers of the Sea Floor.  Scientific American. 256(2)122-117.]</p>
      </abstract>
      <purpose>To determine the origins of pits and furrows seen in data from side-scan sonography.</purpose>
    </descript>
    <timeperd>
      <timeinfo />
      <current>Publication Date</current>
    </timeperd>
    <status>
      <progress>Complete</progress>
      <update>Unknown</update>
    </status>
    <spdom>
      <bounding>
        <westbc>-172</westbc>
        <eastbc>-160.5</eastbc>
        <northbc>66.5</northbc>
        <southbc>62.7</southbc>
      </bounding>
    </spdom>
    <keywords>
      <theme>
        <themekt>North Pacific Ecosystem Metadatabase</themekt>
        <themekey>Mammals</themekey>
        <themekey>Benthic</themekey>
      </theme>
      <theme>
        <themekt>Other</themekt>
        <themekey>Sonography</themekey>
        <themekey>Whales</themekey>
        <themekey>Pacific Ocean</themekey>
        <themekey>Walruses</themekey>
        <themekey>Northeastern Bering Sea</themekey>
        <themekey>Alaska</themekey>
        <themekey>North Pacific Ocean</themekey>
      </theme>
    </keywords>
    <accconst>None</accconst>
    <useconst>None</useconst>
    <ptcontac>
      <cntinfo>
        <cntperp>
          <cntper>Nelson, C. Hans</cntper>
        </cntperp>
        <cntaddr>
          <addrtype>Mailing and Physical Address</addrtype>
          <address>U.S. Geological Survey</address>
          <city>Menlo Park</city>
          <state>CA</state>
          <postal>94025</postal>
          <country>USA</country>
        </cntaddr>
        <cntvoice />
        <cntfax />
        <cntemail />
      </cntinfo>
    </ptcontac>
  </idinfo>
  <distinfo>
    <distrib>
      <cntinfo>
        <cntperp>
          <cntper>Nelson, C. Hans</cntper>
        </cntperp>
        <cntaddr>
          <addrtype>Mailing and Physical Address</addrtype>
          <address>U.S. Geological Survey</address>
          <city>Menlo Park</city>
          <state>CA</state>
          <postal>94025</postal>
          <country>USA</country>
        </cntaddr>
        <cntvoice />
        <cntfax />
        <cntemail />
      </cntinfo>
    </distrib>
    <distliab>While every effort has been made to ensure that these data are accurate and reliable within the limits of the current state of the art, NOAA cannot assume liability for any damages caused by any errors or omissions in the data, nor as a result of the failure of the data to function on a particular system. NOAA makes no warranty, expressed or implied, nor does the fact of distribution constitute such a warranty.</distliab>
  </distinfo>
  <metainfo>
    <metd>19990201</metd>
    <metc>
      <cntinfo>
        <cntperp>
          <cntper>Kimberly Bahl</cntper>
        </cntperp>
        <cntaddr>
          <addrtype>Mailing and Physical Address</addrtype>
          <address>NOAA / AFSC / PMEL, 7600 Sand Point Way N.E.</address>
          <city>Seattle</city>
          <state>WA</state>
          <postal>98115</postal>
          <country>USA</country>
        </cntaddr>
        <cntvoice>206-526-4314</cntvoice>
        <cntfax>206-526-6485</cntfax>
        <cntemail>kimberly.bahl@noaa.gov</cntemail>
      </cntinfo>
    </metc>
    <metstdn>Content Standards for Digital Geospatial Metadata</metstdn>
    <metstdv>FGDC-STD-001-1998</metstdv>
    <metac>None</metac>
    <metuc>None</metuc>
  </metainfo>
</metadata>
