<metadata>
  <idinfo>
    <citation>
      <citeinfo>
        <origin>
          <li>Nancy D. Davis, Janet L. Armstrong, and Katherine W. Myers of University of Washington (UW), School of Aquatic and Fishery Sciences</li>
          <li>North Pacific Anadromous Fish Commission</li>
        </origin>
        <pubdate>20041001</pubdate>
        <title>Bering Sea Salmon Diet Overlap in Fall 2002 and Potential for Interactions Among Salmon</title>
      </citeinfo>
    </citation>
    <descript>
      <abstract>
        <p>Food habits data from Pacific salmon collected from the Bering Sea in fall 2002 were analyzed and contrasted with data collected in summer 1991-2002 for seasonal (summer-fall 2002) and long-term comparisons of salmon diets. Samples were grouped into three major habitats: (1) eastern Bering Sea shelf (&lt;200-m depth contour), (2) central Bering Sea basin (&gt;200-m depth contour), and (3) Aleutian Islands. In fall diet overlap values (modified Schoenerﾒs index) were low to moderate for sockeye and chum salmon (49%, basin), sockeye and chinook (21%, basin), and chum and chinook (28% basin, 30% shelf). Diet overlap between sockeye and chum salmon was very high (80%) in the Aleutian Islands, where both species consumed macro-zooplankton (crustaceans and pteropods), and was reduced when chum salmon consumed gelatinous zooplankton (medusae and ctenophores). In contrast, chinook salmon consumed predominately small nekton (squid and fish). Shifts in prey composition of sockeye, chum, and chinook salmon between seasons, habitats, and salmon age groups were likely due to changes in prey availability. If prey availability is reduced by poor ocean conditions, then increased food competition could decrease growth and survival of salmon in the Bering Sea and Aleutian Islands.</p>
        <p>[Reference: Davis, N.D., J.L. Armstrong., and K.W. Myers. 2004. Bering Sea salmon diet overlap in fall 2002 and potential for interactions among salmon. NPAFC Doc. 779. Sch. Aquat. Fish. Sci., Univ. Washington, Seattle. 30 p.]</p>
      </abstract>
      <purpose>To report food habits of Pacific salmon in the Bering Sea.</purpose>
    </descript>
    <timeperd>
      <timeinfo>
        <rngdates>
          <begdate>19910601</begdate>
          <enddate>20021008</enddate>
        </rngdates>
      </timeinfo>
      <current>Sample Date</current>
    </timeperd>
    <status>
      <progress>Complete</progress>
      <update>Unknown</update>
    </status>
    <spdom>
      <bounding>
        <westbc>17.33</westbc>
        <eastbc>-166</eastbc>
        <northbc>62</northbc>
        <southbc>51</southbc>
      </bounding>
    </spdom>
    <keywords>
      <theme>
        <themekt>North Pacific Ecosystem Metadatabase</themekt>
        <themekey>Fish</themekey>
      </theme>
      <theme>
        <themekt>Other</themekt>
        <themekey>Salmon</themekey>
        <themekey>Diet</themekey>
        <themekey>Bering Sea</themekey>
        <themekey>North Pacific Ocean</themekey>
      </theme>
    </keywords>
    <accconst>None</accconst>
    <useconst>None</useconst>
    <ptcontac>
      <cntinfo>
        <cntperp>
          <cntper>NPAFC Secretariat</cntper>
        </cntperp>
        <cntaddr>
          <addrtype>Mailing and Physical Address</addrtype>
          <address>889 West Pender Street, Suite 502</address>
          <city>Vancouver</city>
          <state>BC</state>
          <postal>V6C 3B2</postal>
          <country>Canada</country>
        </cntaddr>
        <cntvoice>604-775-5550</cntvoice>
        <cntfax>604-775-5577</cntfax>
        <cntemail>secretariat@npafc.org</cntemail>
      </cntinfo>
    </ptcontac>
  </idinfo>
  <distinfo>
    <distrib>
      <cntinfo>
        <cntperp>
          <cntper>NPAFC Secretariat</cntper>
        </cntperp>
        <cntaddr>
          <addrtype>Mailing and Physical Address</addrtype>
          <address>889 West Pender Street, Suite 502</address>
          <city>Vancouver</city>
          <state>BC</state>
          <postal>V6C 3B2</postal>
          <country>Canada</country>
        </cntaddr>
        <cntvoice>604-775-5550</cntvoice>
        <cntfax>604-775-5577</cntfax>
        <cntemail>secretariat@npafc.org</cntemail>
      </cntinfo>
    </distrib>
    <distliab>While every effort has been made to ensure that these data are accurate and reliable within the limits of the current state of the art, NOAA cannot assume liability for any damages caused by any errors or omissions in the data, nor as a result of the failure of the data to function on a particular system. NOAA makes no warranty, expressed or implied, nor does the fact of distribution constitute such a warranty.</distliab>
  </distinfo>
  <metainfo>
    <metd>20050225</metd>
    <metc>
      <cntinfo>
        <cntperp>
          <cntper>Kimberly Bahl</cntper>
        </cntperp>
        <cntaddr>
          <addrtype>Mailing and Physical Address</addrtype>
          <address>NOAA / AFSC / PMEL, 7600 Sand Point Way N.E.</address>
          <city>Seattle</city>
          <state>WA</state>
          <postal>98115</postal>
          <country>USA</country>
        </cntaddr>
        <cntvoice>206-526-4314</cntvoice>
        <cntfax>206-526-6485</cntfax>
        <cntemail>kimberly.bahl@noaa.gov</cntemail>
      </cntinfo>
    </metc>
    <metstdn>Content Standards for Digital Geospatial Metadata</metstdn>
    <metstdv>FGDC-STD-001-1998</metstdv>
    <metac>None</metac>
    <metuc>None</metuc>
  </metainfo>
</metadata>
