<metadata>
  <idinfo>
    <citation>
      <citeinfo>
        <origin>National Oceanic and Atmospheric Administration (NOAA), Office of Oceanic and Atmospheric Research (OAR), Pacific Marine Environmental Laboratory (PMEL)</origin>
        <pubdate>19971231</pubdate>
        <title>Marine Climatology of the Bering Sea</title>
      </citeinfo>
    </citation>
    <descript>
      <abstract>The climate of the Bering Sea is strongly related to the presence and movement of marginal sea ice. In winter, weather elements are continental and arctic in character, being replaced by maritime influences from the south in summer. In winter this results in north to easterly winds, a tendency for clear skies, and substantial diurnal temperature range. Summer is characterized by a progression of storms through the Bering rather than fixed weather types, producing increased cloudiness, reduced diurnal temperature range, and winds rotating through the compass with a slight tendency for southwest.</abstract>
      <purpose>To report on the marine Climatology of the Bering Sea</purpose>
    </descript>
    <timeperd>
      <timeinfo>
        <rngdates>
          <begdate>19811231</begdate>
          <enddate />
        </rngdates>
      </timeinfo>
      <current>Publication Date</current>
    </timeperd>
    <status>
      <progress>Complete</progress>
      <update>None Planned</update>
    </status>
    <spdom>
      <bounding>
        <westbc>178</westbc>
        <eastbc>-168</eastbc>
        <northbc>67.5</northbc>
        <southbc>52</southbc>
      </bounding>
    </spdom>
    <keywords>
      <theme>
        <themekt>Other</themekt>
        <themekey>Bering Sea</themekey>
        <themekey>Climate</themekey>
        <themekey>Alaska</themekey>
        <themekey>Marine Related</themekey>
        <themekey>North Pacific Ocean</themekey>
      </theme>
    </keywords>
    <accconst>Check with this URLs : http://www.pmel.noaa.gov/pubs/publications.shtml</accconst>
    <useconst>Refer to webstite URL: http://www.pmel.noaa.gov/pubs/publications.shtml</useconst>
    <ptcontac>
      <cntinfo>
        <cntperp>
          <cntper>Overland, James E.</cntper>
        </cntperp>
        <cntaddr>
          <addrtype>Mailing and Physical Address</addrtype>
          <address>7600 Sand Point Way N.E.</address>
          <city>Seattle</city>
          <state>WA</state>
          <postal>98115</postal>
          <country>USA</country>
        </cntaddr>
        <cntvoice>206-526-6795</cntvoice>
        <cntfax>206-526-6485</cntfax>
        <cntemail>James.E.Overland@noaa.gov</cntemail>
      </cntinfo>
    </ptcontac>
  </idinfo>
  <distinfo>
    <distrib>
      <cntinfo>
        <cntperp>
          <cntper>Overland, James E.</cntper>
        </cntperp>
        <cntaddr>
          <addrtype>Mailing and Physical Address</addrtype>
          <address>7600 Sand Point Way N.E.</address>
          <city>Seattle</city>
          <state>WA</state>
          <postal>98115</postal>
          <country>USA</country>
        </cntaddr>
        <cntvoice>206-526-6795</cntvoice>
        <cntfax>206-526-6485</cntfax>
        <cntemail>James.E.Overland@noaa.gov</cntemail>
      </cntinfo>
    </distrib>
    <distliab>While every effort has been made to ensure that these data are accurate and reliable within the limits of the current state of the art, NOAA cannot assume liability for any damages caused by any errors or omissions in the data, nor as a result of the failure of the data to function on a particular system. NOAA makes no warranty, expressed or implied, nor does the fact of distribution constitute such a warranty.</distliab>
  </distinfo>
  <metainfo>
    <metd>19990203</metd>
    <metc>
      <cntinfo>
        <cntperp>
          <cntper>Kimberly Bahl</cntper>
        </cntperp>
        <cntaddr>
          <addrtype>Mailing and Physical Address</addrtype>
          <address>NOAA / AFSC / PMEL, 7600 Sand Point Way N.E.</address>
          <city>Seattle</city>
          <state>WA</state>
          <postal>98115</postal>
          <country>USA</country>
        </cntaddr>
        <cntvoice>206-526-4314</cntvoice>
        <cntfax>206-526-6485</cntfax>
        <cntemail>kimberly.bahl@noaa.gov</cntemail>
      </cntinfo>
    </metc>
    <metstdn>Content Standards for Digital Geospatial Metadata</metstdn>
    <metstdv>FGDC-STD-001-1998</metstdv>
    <metac>Check with this URLs : http://www.pmel.noaa.gov/pubs/publications.shtml</metac>
    <metuc>Refer to webstite URL: http://www.pmel.noaa.gov/pubs/publications.shtml</metuc>
  </metainfo>
</metadata>
