<metadata>
  <idinfo>
    <citation>
      <citeinfo>
        <origin>Fisheries and Ocean Canada - Pacific Region, Pacific Biological Station</origin>
        <pubdate>Unknown</pubdate>
        <title>Groundfish Fishery Sales Slips of the Domestic Fishery, BC, Canada</title>
      </citeinfo>
    </citation>
    <descript>
      <abstract>Time series of commercially important groundfish species fishery sales slips in the British Columbia between 1950 and 1996.    

[ Reference: PICES Scientific Report No. 18 2001, Proceedings of the PICES/CoML/IPRC Workshop on "Impact of Climate Variability on Observation and Prediction of Ecosystem and Biodiversity Changes in the North Pacific", http://www.pices.int/publications/scientific_reports/Report18/default.aspx. ]</abstract>
      <purpose>To archive fishery sales.</purpose>
    </descript>
    <timeperd>
      <timeinfo />
      <current>Ground Condition</current>
    </timeperd>
    <status>
      <progress>In Progress</progress>
      <update>Unknown</update>
    </status>
    <spdom>
      <bounding>
        <westbc>-140</westbc>
        <eastbc>-125</eastbc>
        <northbc>60</northbc>
        <southbc>48</southbc>
      </bounding>
    </spdom>
    <keywords>
      <theme>
        <themekt>North Pacific Ecosystem Metadatabase</themekt>
        <themekey>Fish</themekey>
      </theme>
      <theme>
        <themekt>Other</themekt>
        <themekey>Groundfish</themekey>
        <themekey>British Columbia, Canada</themekey>
        <themekey>North Pacific Ocean</themekey>
      </theme>
    </keywords>
    <accconst>Contact Source.</accconst>
    <useconst>Contact Source.</useconst>
    <ptcontac>
      <cntinfo>
        <cntperp>
          <cntper>Bijsterveld, Lia</cntper>
        </cntperp>
        <cntaddr>
          <addrtype>Mailing Address</addrtype>
          <address>Suite 200 401 Burrard Street</address>
          <city>Vancouver</city>
          <state>BC</state>
          <postal>V6C 3S4</postal>
          <country>Canada</country>
        </cntaddr>
        <cntvoice>604-666-6501</cntvoice>
        <cntfax>604-666-9008</cntfax>
        <cntemail>bijsterveldl@pac.dfo-mpo.gc.ca</cntemail>
      </cntinfo>
    </ptcontac>
  </idinfo>
  <distinfo>
    <distrib>
      <cntinfo>
        <cntperp>
          <cntper>Bijsterveld, Lia</cntper>
        </cntperp>
        <cntaddr>
          <addrtype>Mailing Address</addrtype>
          <address>Suite 200 401 Burrard Street</address>
          <city>Vancouver</city>
          <state>BC</state>
          <postal>V6C 3S4</postal>
          <country>Canada</country>
        </cntaddr>
        <cntvoice>604-666-6501</cntvoice>
        <cntfax>604-666-9008</cntfax>
        <cntemail>bijsterveldl@pac.dfo-mpo.gc.ca</cntemail>
      </cntinfo>
    </distrib>
    <distliab>While every effort has been made to ensure that these data are accurate and reliable within the limits of the current state of the art, NOAA cannot assume liability for any damages caused by any errors or omissions in the data, nor as a result of the failure of the data to function on a particular system. NOAA makes no warranty, expressed or implied, nor does the fact of distribution constitute such a warranty.</distliab>
  </distinfo>
  <metainfo>
    <metd>20040311</metd>
    <metc>
      <cntinfo>
        <cntperp>
          <cntper>Kimberly Bahl</cntper>
        </cntperp>
        <cntaddr>
          <addrtype>Mailing and Physical Address</addrtype>
          <address>NOAA / AFSC / PMEL, 7600 Sand Point Way N.E.</address>
          <city>Seattle</city>
          <state>WA</state>
          <postal>98115</postal>
          <country>USA</country>
        </cntaddr>
        <cntvoice>206-526-4314</cntvoice>
        <cntfax>206-526-6485</cntfax>
        <cntemail>kimberly.bahl@noaa.gov</cntemail>
      </cntinfo>
    </metc>
    <metstdn>Content Standards for Digital Geospatial Metadata</metstdn>
    <metstdv>FGDC-STD-001-1998</metstdv>
    <metac>Contact Source.</metac>
    <metuc>Contact Source.</metuc>
  </metainfo>
</metadata>
