<metadata>
  <idinfo>
    <citation>
      <citeinfo>
        <origin>Dalhousie University, Department of Biology</origin>
        <pubdate>Planned</pubdate>
        <title>Assessing Diets of Prey Forage Fish using Fatty Acid</title>
      </citeinfo>
    </citation>
    <descript>
      <abstract>Fatty acid content will be removed from prey forage fish, then tissues will be stored in chloroform.

An NPMR project</abstract>
      <purpose>Data in support of NPMR proposal "Assess diets of prey forage fish using fatty acid."</purpose>
    </descript>
    <timeperd>
      <timeinfo>
        <rngdates>
          <begdate>19990701</begdate>
          <enddate>20010731</enddate>
        </rngdates>
      </timeinfo>
      <current>Ground Condition</current>
    </timeperd>
    <status>
      <progress>Planned</progress>
      <update>Unknown</update>
    </status>
    <spdom>
      <bounding>
        <westbc>167</westbc>
        <eastbc>-163</eastbc>
        <northbc>67</northbc>
        <southbc>53</southbc>
      </bounding>
    </spdom>
    <keywords>
      <theme>
        <themekt>North Pacific Ecosystem Metadatabase</themekt>
        <themekey>Biology</themekey>
        <themekey>Birds</themekey>
        <themekey>Fish</themekey>
        <themekey>Mammals</themekey>
      </theme>
      <theme>
        <themekt>Other</themekt>
        <themekey>Seabirds</themekey>
        <themekey>ReFER</themekey>
        <themekey>Red King Crab</themekey>
        <themekey>Pribilof</themekey>
        <themekey>Far-Eastern</themekey>
        <themekey>Bogoslof Island</themekey>
        <themekey>North Pacific Ocean</themekey>
      </theme>
    </keywords>
    <accconst>None</accconst>
    <useconst>None</useconst>
    <ptcontac>
      <cntinfo>
        <cntperp>
          <cntper>Iverson, Sara J.</cntper>
        </cntperp>
        <cntaddr>
          <addrtype>Mailing and Physical Address</addrtype>
          <address>Dalhousie University - Halifax, Nova Scotia</address>
          <city>Halifax</city>
          <state>Nova Scotia</state>
          <postal>B3H 4J1</postal>
          <country>Canada</country>
        </cntaddr>
        <cntvoice>902-494-2566</cntvoice>
        <cntfax>902-494-3736</cntfax>
        <cntemail>siverson@is.dal.ca</cntemail>
      </cntinfo>
    </ptcontac>
  </idinfo>
  <distinfo>
    <distrib>
      <cntinfo>
        <cntperp>
          <cntper>Iverson, Sara J.</cntper>
        </cntperp>
        <cntaddr>
          <addrtype>Mailing and Physical Address</addrtype>
          <address>Dalhousie University - Halifax, Nova Scotia</address>
          <city>Halifax</city>
          <state>Nova Scotia</state>
          <postal>B3H 4J1</postal>
          <country>Canada</country>
        </cntaddr>
        <cntvoice>902-494-2566</cntvoice>
        <cntfax>902-494-3736</cntfax>
        <cntemail>siverson@is.dal.ca</cntemail>
      </cntinfo>
    </distrib>
    <distliab>While every effort has been made to ensure that these data are accurate and reliable within the limits of the current state of the art, NOAA cannot assume liability for any damages caused by any errors or omissions in the data, nor as a result of the failure of the data to function on a particular system. NOAA makes no warranty, expressed or implied, nor does the fact of distribution constitute such a warranty.</distliab>
  </distinfo>
  <metainfo>
    <metd>20000502</metd>
    <metc>
      <cntinfo>
        <cntperp>
          <cntper>Kimberly Bahl</cntper>
        </cntperp>
        <cntaddr>
          <addrtype>Mailing and Physical Address</addrtype>
          <address>NOAA / AFSC / PMEL, 7600 Sand Point Way N.E.</address>
          <city>Seattle</city>
          <state>WA</state>
          <postal>98115</postal>
          <country>USA</country>
        </cntaddr>
        <cntvoice>206-526-4314</cntvoice>
        <cntfax>206-526-6485</cntfax>
        <cntemail>kimberly.bahl@noaa.gov</cntemail>
      </cntinfo>
    </metc>
    <metstdn>Content Standards for Digital Geospatial Metadata</metstdn>
    <metstdv>FGDC-STD-001-1998</metstdv>
    <metac>None</metac>
    <metuc>None</metuc>
  </metainfo>
</metadata>
