<metadata>
  <idinfo>
    <citation>
      <citeinfo>
        <origin>National Oceanic and Atmospheric Administration (NOAA), Office of Oceanic and Atmospheric Research (OAR), Pacific Marine Environmental Laboratory (PMEL)</origin>
        <pubdate>1998</pubdate>
        <title>The Status of the Bering Sea in the First Eight Months of 1997</title>
      </citeinfo>
    </citation>
    <descript>
      <abstract>No abstract was givien, contact provider for more information</abstract>
      <purpose>No purpose was givien, contact provider for more information</purpose>
    </descript>
    <timeperd>
      <timeinfo>
        <rngdates>
          <begdate>19970101</begdate>
          <enddate>19970830</enddate>
        </rngdates>
      </timeinfo>
      <current>Sample Date</current>
    </timeperd>
    <status>
      <progress>Complete</progress>
      <update>None Planned</update>
    </status>
    <spdom>
      <bounding>
        <westbc>163</westbc>
        <eastbc>-157</eastbc>
        <northbc>65</northbc>
        <southbc>52</southbc>
      </bounding>
    </spdom>
    <keywords>
      <theme>
        <themekt>Other</themekt>
        <themekey>Bering Sea</themekey>
        <themekey>North Pacific Ocean</themekey>
      </theme>
    </keywords>
    <accconst>Contact Contributor</accconst>
    <useconst>Contact Contributor</useconst>
    <ptcontac>
      <cntinfo>
        <cntperp>
          <cntper>Stabeno, Phyllis J.</cntper>
        </cntperp>
        <cntaddr>
          <addrtype>Mailing and Physical Address</addrtype>
          <address>7600 Sand Point Way N.E.</address>
          <city>Seattle</city>
          <state>WA</state>
          <postal>98115</postal>
          <country>USA</country>
        </cntaddr>
        <cntvoice>206-526-6453</cntvoice>
        <cntfax>206-526-6485</cntfax>
        <cntemail>Phyllis.Stabeno@noaa.gov</cntemail>
      </cntinfo>
    </ptcontac>
  </idinfo>
  <distinfo>
    <distrib>
      <cntinfo>
        <cntperp>
          <cntper>Stabeno, Phyllis J.</cntper>
        </cntperp>
        <cntaddr>
          <addrtype>Mailing and Physical Address</addrtype>
          <address>7600 Sand Point Way N.E.</address>
          <city>Seattle</city>
          <state>WA</state>
          <postal>98115</postal>
          <country>USA</country>
        </cntaddr>
        <cntvoice>206-526-6453</cntvoice>
        <cntfax>206-526-6485</cntfax>
        <cntemail>Phyllis.Stabeno@noaa.gov</cntemail>
      </cntinfo>
    </distrib>
    <distliab>While every effort has been made to ensure that these data are accurate and reliable within the limits of the current state of the art, NOAA cannot assume liability for any damages caused by any errors or omissions in the data, nor as a result of the failure of the data to function on a particular system. NOAA makes no warranty, expressed or implied, nor does the fact of distribution constitute such a warranty.</distliab>
  </distinfo>
  <metainfo>
    <metd>20010220</metd>
    <metc>
      <cntinfo>
        <cntperp>
          <cntper>Kimberly Bahl</cntper>
        </cntperp>
        <cntaddr>
          <addrtype>Mailing and Physical Address</addrtype>
          <address>NOAA / AFSC / PMEL, 7600 Sand Point Way N.E.</address>
          <city>Seattle</city>
          <state>WA</state>
          <postal>98115</postal>
          <country>USA</country>
        </cntaddr>
        <cntvoice>206-526-4314</cntvoice>
        <cntfax>206-526-6485</cntfax>
        <cntemail>kimberly.bahl@noaa.gov</cntemail>
      </cntinfo>
    </metc>
    <metstdn>Content Standards for Digital Geospatial Metadata</metstdn>
    <metstdv>FGDC-STD-001-1998</metstdv>
    <metac>Contact Contributor</metac>
    <metuc>Contact Contributor</metuc>
  </metainfo>
</metadata>
