<metadata>
  <idinfo>
    <citation>
      <citeinfo>
        <origin>National Oceanic and Atmospheric Administration (NOAA), Office of Oceanic and Atmospheric Research (OAR), Pacific Marine Environmental Laboratory (PMEL)</origin>
        <pubdate>1998</pubdate>
        <title>The Relationship between P/Fe and V/Fe Ratios in Hydrothermal Precipitates and Dissolved Phosphate in Seawater</title>
      </citeinfo>
    </citation>
    <descript>
      <abstract>A strong positive relationship between the molar P/Fe ratio in fresh hydrothermal Fe ferrihydrite precipitates and seawater-dissolved phosphate has been
demonstrated using samples from the Atlantic and Pacific Oceans. We ascribe this relationship to scavenging of dissolved phosphate from seawater during the
formation of hydrothermal Fe-rich particles above hydrothermal vents. In contrast, molar V/Fe ratios in hydrothermal particles are inversely correlated with
dissolved phosphate. These results indicate that inter-ocean variations in dissolved phosphate control the P/Fe and V/Fe ratios in hydrothermal Fe precipitates, one
of the precursors of metalliferous sediment.</abstract>
      <purpose />
    </descript>
    <timeperd>
      <timeinfo />
      <current>Publication Date</current>
    </timeperd>
    <status>
      <progress>Complete</progress>
      <update>None Planned</update>
    </status>
    <spdom>
      <bounding>
        <westbc>110</westbc>
        <eastbc>20</eastbc>
        <northbc>72</northbc>
        <southbc>-78.25</southbc>
      </bounding>
    </spdom>
    <keywords>
      <theme>
        <themekt>Other</themekt>
        <themekey>North Pacific Ocean</themekey>
      </theme>
    </keywords>
    <accconst>Check with Contributor</accconst>
    <useconst>Check with Contributor</useconst>
    <ptcontac>
      <cntinfo>
        <cntperp>
          <cntper>Feely, Richard A.</cntper>
        </cntperp>
        <cntaddr>
          <addrtype>Mailing and Physical Address</addrtype>
          <address>7600 Sand Point Way N.E.</address>
          <city>Seattle</city>
          <state>WA</state>
          <postal>98118</postal>
          <country>USA</country>
        </cntaddr>
        <cntvoice>206-526-6214</cntvoice>
        <cntfax />
        <cntemail>Richard.A.Feely@noaa.gov</cntemail>
      </cntinfo>
    </ptcontac>
  </idinfo>
  <distinfo>
    <distrib>
      <cntinfo>
        <cntperp>
          <cntper>Feely, Richard A.</cntper>
        </cntperp>
        <cntaddr>
          <addrtype>Mailing and Physical Address</addrtype>
          <address>7600 Sand Point Way N.E.</address>
          <city>Seattle</city>
          <state>WA</state>
          <postal>98118</postal>
          <country>USA</country>
        </cntaddr>
        <cntvoice>206-526-6214</cntvoice>
        <cntfax />
        <cntemail>Richard.A.Feely@noaa.gov</cntemail>
      </cntinfo>
    </distrib>
    <distliab>While every effort has been made to ensure that these data are accurate and reliable within the limits of the current state of the art, NOAA cannot assume liability for any damages caused by any errors or omissions in the data, nor as a result of the failure of the data to function on a particular system. NOAA makes no warranty, expressed or implied, nor does the fact of distribution constitute such a warranty.</distliab>
  </distinfo>
  <metainfo>
    <metd>20010308</metd>
    <metc>
      <cntinfo>
        <cntperp>
          <cntper>Kimberly Bahl</cntper>
        </cntperp>
        <cntaddr>
          <addrtype>Mailing and Physical Address</addrtype>
          <address>NOAA / AFSC / PMEL, 7600 Sand Point Way N.E.</address>
          <city>Seattle</city>
          <state>WA</state>
          <postal>98115</postal>
          <country>USA</country>
        </cntaddr>
        <cntvoice>206-526-4314</cntvoice>
        <cntfax>206-526-6485</cntfax>
        <cntemail>kimberly.bahl@noaa.gov</cntemail>
      </cntinfo>
    </metc>
    <metstdn>Content Standards for Digital Geospatial Metadata</metstdn>
    <metstdv>FGDC-STD-001-1998</metstdv>
    <metac>Check with Contributor</metac>
    <metuc>Check with Contributor</metuc>
  </metainfo>
</metadata>
