<metadata>
  <idinfo>
    <citation>
      <citeinfo>
        <origin>National Oceanic and Atmospheric Administration (NOAA), National Marine Fisheries Service (NMFS), Alaska Fisheries Science Center (AFSC), National Marine Mammal Laboratory (NMML)</origin>
        <pubdate>1995</pubdate>
        <title>Steller Sea Lion Locations</title>
      </citeinfo>
    </citation>
    <descript>
      <abstract>Data Type: Mammals;   National Marine Fisheries, Marine Mammal Lab in cooperation with the Alaska Department of Fish and Game collects and catalogs location data for sea lion rookeries and haulouts and critical habitats and collects associated data pertaining to ongoing research on population study, wintering habitats, annual pup counts, and studies related to rookeries, behavior, tagging, reproduction, and feeding Satellite radio telemetry data is also collected in the eastern Gulf of Alaska, at Cape St. Elias, Kodiak and in Southeast Alaska. A variety of systems such as ARC/INFO and CAMRIS (Computer Aided Mapping and Resources Inventory System) and various database systems have been used to store and analyze this data over time. As of 1994, the Alaska Department of Fish and Game has launched an effort to begin using ARC/INFO to analyze the distribution and abundance data to evaluate sea lion critical habitats. This data is the GIS application of the same data set in National Marine Fisheries, Marine Fisheries Lab, metadata record #070.</abstract>
      <purpose>Unknown</purpose>
    </descript>
    <timeperd>
      <timeinfo>
        <sngdate>
          <caldate>19950101</caldate>
        </sngdate>
      </timeinfo>
      <current>Ground Condition</current>
    </timeperd>
    <status>
      <progress>Complete</progress>
      <update>Unknown</update>
    </status>
    <spdom>
      <bounding>
        <westbc>-152.4</westbc>
        <eastbc>-134</eastbc>
        <northbc>59.79</northbc>
        <southbc>54</southbc>
      </bounding>
    </spdom>
    <keywords>
      <theme>
        <themekt>North Pacific Ecosystem Metadatabase</themekt>
        <themekey>Mammals</themekey>
        <themekey>Management</themekey>
        <themekey>Geology</themekey>
      </theme>
      <theme>
        <themekt>Other</themekt>
        <themekey>Steller Sea Lions</themekey>
        <themekey>Alaska</themekey>
        <themekey>North Pacific Ocean</themekey>
      </theme>
    </keywords>
    <accconst>Unknown</accconst>
    <useconst>Unknown</useconst>
    <ptcontac>
      <cntinfo>
        <cntperp>
          <cntper>Oakley, Karen</cntper>
        </cntperp>
        <cntaddr>
          <addrtype>Mailing and Physical Address</addrtype>
          <address>1011 East Tudor Road</address>
          <city>Anchorage</city>
          <state>AK</state>
          <postal>99503</postal>
          <country>USA</country>
        </cntaddr>
        <cntvoice>907-786-3579</cntvoice>
        <cntfax />
        <cntemail>karen_oakley@nbs.gov</cntemail>
      </cntinfo>
    </ptcontac>
  </idinfo>
  <distinfo>
    <distrib>
      <cntinfo>
        <cntperp>
          <cntper>Oakley, Karen</cntper>
        </cntperp>
        <cntaddr>
          <addrtype>Mailing and Physical Address</addrtype>
          <address>1011 East Tudor Road</address>
          <city>Anchorage</city>
          <state>AK</state>
          <postal>99503</postal>
          <country>USA</country>
        </cntaddr>
        <cntvoice>907-786-3579</cntvoice>
        <cntfax />
        <cntemail>karen_oakley@nbs.gov</cntemail>
      </cntinfo>
    </distrib>
    <distliab>While every effort has been made to ensure that these data are accurate and reliable within the limits of the current state of the art, NOAA cannot assume liability for any damages caused by any errors or omissions in the data, nor as a result of the failure of the data to function on a particular system. NOAA makes no warranty, expressed or implied, nor does the fact of distribution constitute such a warranty.</distliab>
  </distinfo>
  <metainfo>
    <metd>20020503</metd>
    <metc>
      <cntinfo>
        <cntperp>
          <cntper>Kimberly Bahl</cntper>
        </cntperp>
        <cntaddr>
          <addrtype>Mailing and Physical Address</addrtype>
          <address>NOAA / AFSC / PMEL, 7600 Sand Point Way N.E.</address>
          <city>Seattle</city>
          <state>WA</state>
          <postal>98115</postal>
          <country>USA</country>
        </cntaddr>
        <cntvoice>206-526-4314</cntvoice>
        <cntfax>206-526-6485</cntfax>
        <cntemail>kimberly.bahl@noaa.gov</cntemail>
      </cntinfo>
    </metc>
    <metstdn>Content Standards for Digital Geospatial Metadata</metstdn>
    <metstdv>FGDC-STD-001-1998</metstdv>
    <metac>Unknown</metac>
    <metuc>Unknown</metuc>
  </metainfo>
</metadata>
