<metadata>
  <idinfo>
    <citation>
      <citeinfo>
        <origin>National Academy of Science</origin>
        <pubdate>1978</pubdate>
        <title>Marine Science in Frigid Environments - Bibliography</title>
      </citeinfo>
    </citation>
    <descript>
      <abstract>The MS-9 (ocean engineering in frigid environments) of the Society of Naval Architects and Marine Engineers created and implemented a selected bibliography for use by developers and planners.  It contains abstracts of selected reports and journal articles that cover the range of problems associated with marine systems operating in ice-covered waters.  The emphasis is on marine transportation rather than marine structures.  The location for the source document is given.  There are author/investigator and subject indexes.</abstract>
      <purpose>Dissemination of pertinent data and information critical to the design of vehicles, system components, and support facilities.</purpose>
    </descript>
    <timeperd>
      <timeinfo>
        <rngdates>
          <begdate>19970101</begdate>
          <enddate />
        </rngdates>
      </timeinfo>
      <current>Ground Condition</current>
    </timeperd>
    <status>
      <progress>Complete</progress>
      <update>Unknown</update>
    </status>
    <spdom>
      <bounding>
        <westbc>-180</westbc>
        <eastbc>180</eastbc>
        <northbc>90</northbc>
        <southbc>-90</southbc>
      </bounding>
    </spdom>
    <keywords>
      <theme>
        <themekt>Other</themekt>
        <themekey>Alaska</themekey>
        <themekey>Arctic</themekey>
        <themekey>Environment</themekey>
        <themekey>Sea Ice</themekey>
        <themekey>North Pacific Ocean</themekey>
      </theme>
    </keywords>
    <accconst>None</accconst>
    <useconst>None</useconst>
    <ptcontac>
      <cntinfo>
        <cntperp>
          <cntper>National Academy of Science</cntper>
        </cntperp>
        <cntaddr>
          <addrtype>Mailing and Physical Address</addrtype>
          <address>2101 Constitution Sections</address>
          <city>Washington</city>
          <state>D.C.</state>
          <postal>20418</postal>
          <country>USA</country>
        </cntaddr>
        <cntvoice>202-334-2125</cntvoice>
        <cntfax />
        <cntemail />
      </cntinfo>
    </ptcontac>
  </idinfo>
  <distinfo>
    <distrib>
      <cntinfo>
        <cntperp>
          <cntper>National Academy of Science</cntper>
        </cntperp>
        <cntaddr>
          <addrtype>Mailing and Physical Address</addrtype>
          <address>2101 Constitution Sections</address>
          <city>Washington</city>
          <state>D.C.</state>
          <postal>20418</postal>
          <country>USA</country>
        </cntaddr>
        <cntvoice>202-334-2125</cntvoice>
        <cntfax />
        <cntemail />
      </cntinfo>
    </distrib>
    <distliab>While every effort has been made to ensure that these data are accurate and reliable within the limits of the current state of the art, NOAA cannot assume liability for any damages caused by any errors or omissions in the data, nor as a result of the failure of the data to function on a particular system. NOAA makes no warranty, expressed or implied, nor does the fact of distribution constitute such a warranty.</distliab>
  </distinfo>
  <metainfo>
    <metd>19980803</metd>
    <metc>
      <cntinfo>
        <cntperp>
          <cntper>Kimberly Bahl</cntper>
        </cntperp>
        <cntaddr>
          <addrtype>Mailing and Physical Address</addrtype>
          <address>NOAA / AFSC / PMEL, 7600 Sand Point Way N.E.</address>
          <city>Seattle</city>
          <state>WA</state>
          <postal>98115</postal>
          <country>USA</country>
        </cntaddr>
        <cntvoice>206-526-4314</cntvoice>
        <cntfax>206-526-6485</cntfax>
        <cntemail>kimberly.bahl@noaa.gov</cntemail>
      </cntinfo>
    </metc>
    <metstdn>Content Standards for Digital Geospatial Metadata</metstdn>
    <metstdv>FGDC-STD-001-1998</metstdv>
    <metac>None</metac>
    <metuc>None</metuc>
  </metainfo>
</metadata>
