<metadata>
  <idinfo>
    <citation>
      <citeinfo>
        <origin>National Oceanic and Atmospheric Administration (NOAA), Office of Oceanic and Atmospheric Research (OAR), Pacific Marine Environmental Laboratory (PMEL)</origin>
        <pubdate>Unknown</pubdate>
        <title>Subsurface Mooring Data from Alaska Stream, Aleutian Islands: Station Alaska Stream 2</title>
      </citeinfo>
    </citation>
    <descript>
      <abstract>Subsurface mooring data from Alaska Stream, Aleutian Islands: Station Alaska Stream 2.  Data were collected from 1994 through 2004.  Sampled months varied through the years but were usually during May.  Temperature, UV vector, and velocity data were collected at various depths throughout the years using instruments such as ADCP, RCM-9, and RCM-11.  2000m was the maximum bottom depth.</abstract>
      <purpose>To collect physical oceanographic properties at and near the mooring locations.</purpose>
    </descript>
    <timeperd>
      <timeinfo>
        <mdattim>
          <sngdate>
            <caldate>1994-2004</caldate>
          </sngdate>
        </mdattim>
      </timeinfo>
      <current>Sample Date</current>
    </timeperd>
    <status>
      <progress>Complete</progress>
      <update>Unknown</update>
    </status>
    <spdom>
      <bounding>
        <westbc>-169.669</westbc>
        <eastbc>-169.669</eastbc>
        <northbc>52.268</northbc>
        <southbc>52.268</southbc>
      </bounding>
    </spdom>
    <keywords>
      <theme>
        <themekt>North Pacific Ecosystem Metadatabase</themekt>
        <themekey>Oceanography</themekey>
      </theme>
      <theme>
        <themekt>Other</themekt>
        <themekey>Alaska Stream, Gulf of Alaska</themekey>
        <themekey>Aleutian Islands</themekey>
        <themekey>Temperature</themekey>
        <themekey>UV Vector</themekey>
        <themekey>Current Velocity</themekey>
        <themekey>North Pacific Ocean</themekey>
      </theme>
    </keywords>
    <accconst>Contact Source.</accconst>
    <useconst>Check with Source.</useconst>
    <ptcontac>
      <cntinfo>
        <cntperp>
          <cntper>Stabeno, Phyllis J.</cntper>
        </cntperp>
        <cntaddr>
          <addrtype>Mailing and Physical Address</addrtype>
          <address>7600 Sand Point Way N.E.</address>
          <city>Seattle</city>
          <state>WA</state>
          <postal>980115</postal>
          <country>USA</country>
        </cntaddr>
        <cntvoice>206-526-6453</cntvoice>
        <cntfax>206-526-6485</cntfax>
        <cntemail>Phyllis.Stabeno@noaa.gov</cntemail>
      </cntinfo>
    </ptcontac>
  </idinfo>
  <distinfo>
    <distrib>
      <cntinfo>
        <cntperp>
          <cntper>Stabeno, Phyllis J.</cntper>
        </cntperp>
        <cntaddr>
          <addrtype>Mailing and Physical Address</addrtype>
          <address>7600 Sand Point Way N.E.</address>
          <city>Seattle</city>
          <state>WA</state>
          <postal>980115</postal>
          <country>USA</country>
        </cntaddr>
        <cntvoice>206-526-6453</cntvoice>
        <cntfax>206-526-6485</cntfax>
        <cntemail>Phyllis.Stabeno@noaa.gov</cntemail>
      </cntinfo>
    </distrib>
    <distliab>While every effort has been made to ensure that these data are accurate and reliable within the limits of the current state of the art, NOAA cannot assume liability for any damages caused by any errors or omissions in the data, nor as a result of the failure of the data to function on a particular system. NOAA makes no warranty, expressed or implied, nor does the fact of distribution constitute such a warranty.</distliab>
  </distinfo>
  <metainfo>
    <metd>20041105</metd>
    <metc>
      <cntinfo>
        <cntperp>
          <cntper>Kimberly Bahl</cntper>
        </cntperp>
        <cntaddr>
          <addrtype>Mailing and Physical Address</addrtype>
          <address>NOAA / AFSC / PMEL, 7600 Sand Point Way N.E.</address>
          <city>Seattle</city>
          <state>WA</state>
          <postal>98115</postal>
          <country>USA</country>
        </cntaddr>
        <cntvoice>206-526-4314</cntvoice>
        <cntfax>206-526-6485</cntfax>
        <cntemail>kimberly.bahl@noaa.gov</cntemail>
      </cntinfo>
    </metc>
    <metstdn>Content Standards for Digital Geospatial Metadata</metstdn>
    <metstdv>FGDC-STD-001-1998</metstdv>
    <metac>Contact Source.</metac>
    <metuc>Check with Source.</metuc>
  </metainfo>
</metadata>
