<metadata>
  <idinfo>
    <citation>
      <citeinfo>
        <origin>Alaska Maritime National Wildlife Refuge</origin>
        <pubdate>Planned</pubdate>
        <title>Kittiwakes Monitoring</title>
      </citeinfo>
    </citation>
    <descript>
      <abstract>Recent declines in some species of marine organisms in the Bering Sea have spurred an interest in evaluating causes and predicting long-term impacts of these changes.  Red-legged kittiwakes (Rissa brevirostris) and black-legged kittiwakes (Rissa tridactyla) are two species of top-level predators that have declined since the mid-1970s at colonies in the Pribilof Islands, site of the largest breeding concentrations of seabirds in the southeastern Bering Sea. In contrast, Kittiwake populations have increased over
the same period at Bogoslof Island, 300 km south of the Pribilofs. Ocean climate trends
and changes in marine food webs have been listed as likely causes of changes in seabird populations, but relationships between environmental factors and seabird
population fluctuations are difficult to study directly. Nevertheless, it is important to understand causal mechanisms. We propose to compare kittiwake population parameters at the Pribilofs and Bogoslof. The Pribilof Islands lie on the continental
shelf and are surrounded by water less than 200 m deep, whereas the much deeper
water of the basin surround Bogoslof.  We plan to test the hypothesis that divergent trends in abundance of kittiwakes (Rissa spp.) at two locations in the southeastern Bering Sea are related to differences in community structure and food web production. Specifically we will evaluate whether two parameters of reproduction, productivity (e.g., chicks/pair) and chick growth rates, are higher at Bogoslof than in the Pribilofs. Furthermore, we will evaluate historic patterns of population change, timing of nesting events, and various reproduction parameters (e.g., clutch size, laying success, hatching success, fledging success, chick growth) to evaluate correlation with environmental factors. This proposal is part of a multidisciplinary project called "Regime Forcing and Ecosystem Response ReFER." It compliments and will benefit from an ongoing
seabird-monitoring program in the Pribilof Islands funded by the U.S. Fish and Wildlife Service.

An NPMR project</abstract>
      <purpose>An NPMR proposal titled "Regime Forcing and Ecosystem Response in the Bering Sea (ReFER): Kittiwake Monitoring component"</purpose>
    </descript>
    <timeperd>
      <timeinfo>
        <rngdates>
          <begdate>19990101</begdate>
          <enddate>20001231</enddate>
        </rngdates>
      </timeinfo>
      <current>Ground Condition</current>
    </timeperd>
    <status>
      <progress>Planned</progress>
      <update>Unknown</update>
    </status>
    <spdom>
      <bounding>
        <westbc>167</westbc>
        <eastbc>-163</eastbc>
        <northbc>67</northbc>
        <southbc>53</southbc>
      </bounding>
    </spdom>
    <keywords>
      <theme>
        <themekt>North Pacific Ecosystem Metadatabase</themekt>
        <themekey>Biology</themekey>
        <themekey>Biological Effects</themekey>
        <themekey>Birds</themekey>
      </theme>
      <theme>
        <themekt>Other</themekt>
        <themekey>ReFER</themekey>
        <themekey>Kittiwakes</themekey>
        <themekey>Bering Sea</themekey>
        <themekey>North Pacific Ocean</themekey>
      </theme>
    </keywords>
    <accconst>Unknown</accconst>
    <useconst>Unknown</useconst>
    <ptcontac>
      <cntinfo>
        <cntperp>
          <cntper>Byrd, G. Vernon</cntper>
        </cntperp>
        <cntaddr>
          <addrtype>Mailing and Physical Address</addrtype>
          <address>2355 Kachemak Bay Drive Suite 101</address>
          <city>Homer</city>
          <state>AK</state>
          <postal>99603</postal>
          <country>USA</country>
        </cntaddr>
        <cntvoice>907-235-6546</cntvoice>
        <cntfax>907-235-7783</cntfax>
        <cntemail>Vernon_Byrd@fws.gov</cntemail>
      </cntinfo>
    </ptcontac>
  </idinfo>
  <distinfo>
    <distrib>
      <cntinfo>
        <cntperp>
          <cntper>Byrd, G. Vernon</cntper>
        </cntperp>
        <cntaddr>
          <addrtype>Mailing and Physical Address</addrtype>
          <address>2355 Kachemak Bay Drive Suite 101</address>
          <city>Homer</city>
          <state>AK</state>
          <postal>99603</postal>
          <country>USA</country>
        </cntaddr>
        <cntvoice>907-235-6546</cntvoice>
        <cntfax>907-235-7783</cntfax>
        <cntemail>Vernon_Byrd@fws.gov</cntemail>
      </cntinfo>
    </distrib>
    <distliab>While every effort has been made to ensure that these data are accurate and reliable within the limits of the current state of the art, NOAA cannot assume liability for any damages caused by any errors or omissions in the data, nor as a result of the failure of the data to function on a particular system. NOAA makes no warranty, expressed or implied, nor does the fact of distribution constitute such a warranty.</distliab>
  </distinfo>
  <metainfo>
    <metd>19991122</metd>
    <metc>
      <cntinfo>
        <cntperp>
          <cntper>Kimberly Bahl</cntper>
        </cntperp>
        <cntaddr>
          <addrtype>Mailing and Physical Address</addrtype>
          <address>NOAA / AFSC / PMEL, 7600 Sand Point Way N.E.</address>
          <city>Seattle</city>
          <state>WA</state>
          <postal>98115</postal>
          <country>USA</country>
        </cntaddr>
        <cntvoice>206-526-4314</cntvoice>
        <cntfax>206-526-6485</cntfax>
        <cntemail>kimberly.bahl@noaa.gov</cntemail>
      </cntinfo>
    </metc>
    <metstdn>Content Standards for Digital Geospatial Metadata</metstdn>
    <metstdv>FGDC-STD-001-1998</metstdv>
    <metac>Unknown</metac>
    <metuc>Unknown</metuc>
  </metainfo>
</metadata>
