<metadata>
  <idinfo>
    <citation>
      <citeinfo>
        <origin>Fisheries and Oceans Canada - Ocean Science And Productivity, Pacific</origin>
        <pubdate>Unpublished material</pubdate>
        <title>Moored Sediment Trap Data - Station P, 1982-1999</title>
        <othercit>Publications: Wong, C.S., F.A. Whitney, D.W. Crawford, K. Iseki, R.J. Matear, W.K. Johnson, J.S. Page, D. Timothy. 1999. Seasonal and interannual variability inparticle fluxes of carbon, nitrogen, and silicon from time series of sediment traps at Ocean Station P, 1982-1993: relationship to changes in subarctic primary productivity. Deep-Sea Research II 46: 2735-2760.</othercit>
      </citeinfo>
    </citation>
    <descript>
      <abstract>Time series sediment trap data from 1982-1999 from traps moored at Ocean Station Papa , at one intermediate station (Station C, 1984-1990) and at 4 stations along Line P, from 200, 1000, and 3800m depths.</abstract>
      <purpose>Studying the biogeochemical flux at ocean station papa.</purpose>
      <supplinf>Risk Justification: Custodian will be leaving soon and has a large quantity of data not secured in a regional data centre.
Risk of Loss: High
Impact Justification: Long term time series (more than 10 years)
Impact of Loss: High
Recommended Action: Bring data to archives
Additional Info: Station P4 is at La Perouse.</supplinf>
    </descript>
    <timeperd>
      <timeinfo>
        <rngdates>
          <begdate>1982</begdate>
          <enddate>1999</enddate>
        </rngdates>
      </timeinfo>
      <current>ground condition</current>
    </timeperd>
    <status>
      <progress>In work</progress>
      <update>None planned</update>
    </status>
    <spdom>
      <bounding>
        <westbc>145</westbc>
        <eastbc>145</eastbc>
        <northbc>50</northbc>
        <southbc>50</southbc>
      </bounding>
    </spdom>
    <keywords>
      <theme>
        <themekt>NASA/GCMD Earth Science Keywords</themekt>
        <themekey>Earth Science</themekey>
        <themekey>Oceans</themekey>
        <themekey>Marine Sediments</themekey>
        <themekey>Sediment Composition</themekey>
        <themekey>Earth Science</themekey>
        <themekey>Biosphere</themekey>
        <themekey>Ecological Dynamics</themekey>
        <themekey>Ecosystem Functions</themekey>
        <themekey>Biogeochemical Cycles</themekey>
      </theme>
      <theme>
        <themekt>ISO 19115 Topic Category</themekt>
        <themekey>oceans</themekey>
      </theme>
      <place>
        <placekt>DFO Areas</placekt>
        <placekey>North Pacific Ocean</placekey>
        <placekey>South Outer Coast (West Coast VI)</placekey>
      </place>
    </keywords>
    <accconst>May Be Private</accconst>
    <useconst>Data before 1994 have been published and can be released. Data after 1994 have not been released. Fe/Al/Cd data have not been quality checked, and therefore are not to be released.</useconst>
    <ptcontac>
      <cntinfo>
        <cntperp>
          <cntper>C.S. Wong</cntper>
          <cntorg>Ocean Science and Productivity</cntorg>
        </cntperp>
        <cntaddr>
          <addrtype>mailing and physical</addrtype>
          <address>Institute of Ocean Sciences, P.O. Box 6000, 9860 West Saanich Road</address>
          <city>Sidney</city>
          <state>British Columbia</state>
          <postal>V8L 4B2</postal>
          <country>Canada</country>
        </cntaddr>
        <cntvoice>(250)363-6407</cntvoice>
        <cntfax>(250) 363-6476</cntfax>
        <cntemail>wongcs@pac.dfo-mpo.gc.ca</cntemail>
      </cntinfo>
    </ptcontac>
    <native>Expected Growth Rate: Null</native>
  </idinfo>
  <dataqual>
    <logic>For C:N, biogenic silicate, CaCO3: subsamples of one sample, collected at P26, are analyzed with each set of data to check for continuity.  Zooplankton that likely swam into the trap are removed. Silicate concentrations are compared to prepared standards.</logic>
    <complete>Dataset Complications: Many gaps in the data due to malfunctioning equipment or difficulty retrieving the traps. Traps were deployed at stations P12, P16, and P20 from 1995-1998 only.</complete>
    <lineage>
      <procstep>
        <procdesc>Unknown</procdesc>
        <procdate>1992</procdate>
      </procstep>
    </lineage>
  </dataqual>
  <distinfo>
    <distrib>
      <cntinfo>
        <cntperp>
          <cntper>Joseph Linguanti</cntper>
          <cntorg>Ocean Science and Productivity</cntorg>
        </cntperp>
        <cntaddr>
          <addrtype>mailing and physical</addrtype>
          <address>Institute of Ocean Sciences, P.O. Box 6000, 9860 West Saanich Road</address>
          <city>Sidney</city>
          <state>British Columbia</state>
          <postal>V8L 4B2</postal>
          <country>Canada</country>
        </cntaddr>
        <cntvoice>(250)363-6586</cntvoice>
        <cntfax>(250) 363-6746</cntfax>
        <cntemail>linguantij@pac.dfo-mpo.gc.ca</cntemail>
      </cntinfo>
    </distrib>
    <resdesc>PAC-OSAP-011-6970</resdesc>
    <distliab>[unknown]</distliab>
    <stdorder>
      <nondig>Hardcopy Original Exists: Y
Hardcopy Locations: Janet Barwell-Clarke, Rm 1408, IOS
Hardcopy Description: Binders of data sheets
Hardcopy Volume: about 4 2in. binders
Physical Sample Exists: Y
Physical Sample Locations: Janet Barwell-Clarke, Rm 1411, IOS
Physical Sample Volume: several hundred
Physical Sample Description: Vials of dried sediment in various formats: some are on filters, some are not.
Physical Sample Complications: Early samples were poorly labelled; it may be difficult to determine their origin.Some of the early biogenic silicate fractions were poorly labelled (several hundred).</nondig>
      <fees>Ask Custodian</fees>
      <ordering>Contact data custodian</ordering>
    </stdorder>
    <stdorder>
      <digform>
        <digtinfo>
          <formname>Excel Spreadsheet</formname>
          <formcont>Null</formcont>
          <transize>1</transize>
        </digtinfo>
        <digtopt>
          <offoptn>
            <offmedia>VMS network hard drive</offmedia>
            <recfmt>unknown</recfmt>
          </offoptn>
        </digtopt>
      </digform>
      <fees>Ask Custodian</fees>
      <ordering>Electronic Data Doc Locations: Column headings in spreadsheet
Dataset Locations: IOS Climate chemistry shared hard drive</ordering>
    </stdorder>
    <techpreq>Backup by Custodian: Y
Backup by Automation: Y
Backup Description: 3 1/2 in. disks in binders containing data sheets.</techpreq>
  </distinfo>
  <metainfo>
    <metd>20080207</metd>
    <metc>
      <cntinfo>
        <cntorgp>
          <cntorg>Fisheries and Oceans Canada
Canadian Hydrographic Service</cntorg>
          <cntper>Chelsea Stanley and Matt McCormick</cntper>
        </cntorgp>
        <cntaddr>
          <addrtype>mailing</addrtype>
          <address>Institute of Ocean Sciences
P.O. Box 6000
9860 West Saanich Road</address>
          <city>Sidney</city>
          <state>British Columbia</state>
          <postal>V8L 4B2</postal>
          <country>Canada</country>
        </cntaddr>
        <cntvoice>(250) 363-6358</cntvoice>
        <cntfax>(250) 363-6823</cntfax>
        <cntemail>ChartSales@pac.dfo-mpo.gc.ca</cntemail>
        <hours>M-F, 08:30-16:30 Pacific Time</hours>
      </cntinfo>
    </metc>
    <metstdn>FGDC Content Standard for Digital Geospatial Metadata</metstdn>
    <metstdv>FGDC-STD-1998-1</metstdv>
  </metainfo>
</metadata>
