<metadata>
  <idinfo>
    <citation>
      <citeinfo>
        <origin>Jason Baker:  National Marine Fisheries Service</origin>
        <pubdate>Unpublished Material</pubdate>
        <title>Northern Fur Seal Tooth Nursing Lines</title>
      </citeinfo>
    </citation>
    <descript>
      <abstract>The data consist of estimated number of nursing lines on the teeth of juvenile male northern fur seals from St. Paul Island, Alaska.  Seal cohorts from 1978, 1979, 1981, 1982, 1991 and 1994.  The number of nursing lines represents the number of foraging trips made by the seals' mothers between the seals' birth and weaning.</abstract>
      <purpose>The dataset was developed in order to compare the number of feeding trips made by lactating fur seals (as an index of prey availability) to the abundance of juvenile walleye Pollock present in the eastern Bering Sea. The null hypothesis was that there was no relationship between the abundance of juvenile Pollock and the number of foraging trips lactating fur seals made.</purpose>
    </descript>
    <timeperd>
      <timeinfo>
        <mdattim>
          <sngdate>
            <caldate>19780101, 19790101, 19810101, 19820101, 19910101, 19940101</caldate>
          </sngdate>
        </mdattim>
      </timeinfo>
      <current>Sample Date</current>
    </timeperd>
    <status>
      <progress>Complete</progress>
      <update>None Planned</update>
    </status>
    <spdom>
      <bounding>
        <westbc>163</westbc>
        <eastbc>-157</eastbc>
        <northbc>65.5</northbc>
        <southbc>52</southbc>
      </bounding>
    </spdom>
    <keywords>
      <theme>
        <themekt>North Pacific Ecosystem Metadatabase</themekt>
        <themekey>Biology</themekey>
        <themekey>Fish</themekey>
        <themekey>Mammals</themekey>
      </theme>
      <theme>
        <themekt>Other</themekt>
        <themekey>North Pacific Ocean</themekey>
      </theme>
    </keywords>
    <accconst>None</accconst>
    <useconst>The data should not be used prior to publication of the manuscript, and should reference the manuscript thereafter.</useconst>
    <ptcontac>
      <cntinfo>
        <cntperp>
          <cntper>Loughlin, Thomas R.</cntper>
        </cntperp>
        <cntaddr>
          <addrtype>Mailing and Physical Address</addrtype>
          <address>7600 Sand Point Way N.E.</address>
          <city>Seattle</city>
          <state>WA</state>
          <postal>98115</postal>
          <country>USA</country>
        </cntaddr>
        <cntvoice>206-526-4040</cntvoice>
        <cntfax>206-526-6615</cntfax>
        <cntemail>tom.loughlin@noaa.gov</cntemail>
      </cntinfo>
    </ptcontac>
  </idinfo>
  <distinfo>
    <distrib>
      <cntinfo>
        <cntperp>
          <cntper>Loughlin, Thomas R.</cntper>
        </cntperp>
        <cntaddr>
          <addrtype>Mailing and Physical Address</addrtype>
          <address>7600 Sand Point Way N.E.</address>
          <city>Seattle</city>
          <state>WA</state>
          <postal>98115</postal>
          <country>USA</country>
        </cntaddr>
        <cntvoice>206-526-4040</cntvoice>
        <cntfax>206-526-6615</cntfax>
        <cntemail>tom.loughlin@noaa.gov</cntemail>
      </cntinfo>
    </distrib>
    <distliab>While every effort has been made to ensure that these data are accurate and reliable within the limits of the current state of the art, NOAA cannot assume liability for any damages caused by any errors or omissions in the data, nor as a result of the failure of the data to function on a particular system. NOAA makes no warranty, expressed or implied, nor does the fact of distribution constitute such a warranty.</distliab>
  </distinfo>
  <metainfo>
    <metd>19991028</metd>
    <metc>
      <cntinfo>
        <cntperp>
          <cntper>Kimberly Bahl</cntper>
        </cntperp>
        <cntaddr>
          <addrtype>Mailing and Physical Address</addrtype>
          <address>NOAA / AFSC / PMEL, 7600 Sand Point Way N.E.</address>
          <city>Seattle</city>
          <state>WA</state>
          <postal>98115</postal>
          <country>USA</country>
        </cntaddr>
        <cntvoice>206-526-4314</cntvoice>
        <cntfax>206-526-6485</cntfax>
        <cntemail>kimberly.bahl@noaa.gov</cntemail>
      </cntinfo>
    </metc>
    <metstdn>Content Standards for Digital Geospatial Metadata</metstdn>
    <metstdv>FGDC-STD-001-1998</metstdv>
    <metac>None</metac>
    <metuc>The data should not be used prior to publication of the manuscript, and should reference the manuscript thereafter.</metuc>
  </metainfo>
</metadata>
