<metadata>
  <idinfo>
    <citation>
      <citeinfo>
        <origin>National Oceanic and Atmospheric Administration (NOAA), Office of Oceanic and Atmospheric Research (OAR), Pacific Marine Environmental Laboratory (PMEL)</origin>
        <pubdate>1987</pubdate>
        <title>Regional and Seasonal Variations in the Flux of Oceanic Dimethylsulfide to the Atmosphere</title>
      </citeinfo>
    </citation>
    <descript>
      <abstract>Dimethylsulfide (DMS) concentrations have been measured in over 1000 Pacific surface seawater samples during the past 4 years. The data have been tabulated to take into account both regional and seasonal variations in concentration. The area-weighted summer and winter concentrations of DMS in the North Pacific Ocean are 2.2 and 1.3 nmol/L, respectively. Wind speed, surface seawater temperature, and DMS diffusivities are used to calculate air-sea exchange coefficients. The area-weighted summer and winter DMS piston velocities are 2.3 and 2.7 m/d, respectively. These exchange coefficients combined with the concentration data yield a net ocean to atmosphere DMS flux in the North Pacific Ocean of 0.12 Tmol/yr. Extrapolating this calculation by regional areas to the global ocean yields a net DMS flux of 0.50 Tmol/yr, less than earlier estimates of 1.2 Tmol/yr, but still consistent with excess sulfate deposition estimates and model studies of the marine atmospheric sulfur budget. The uncertainty in the flux estimate is roughly a factor of 2.</abstract>
      <purpose />
    </descript>
    <timeperd>
      <timeinfo />
      <current>Publication Date</current>
    </timeperd>
    <status>
      <progress>Complete</progress>
      <update>None Planned</update>
    </status>
    <spdom>
      <bounding>
        <westbc>120</westbc>
        <eastbc>-120</eastbc>
        <northbc>72</northbc>
        <southbc>0</southbc>
      </bounding>
    </spdom>
    <keywords>
      <theme>
        <themekt>Other</themekt>
        <themekey>North Pacific Ocean</themekey>
      </theme>
    </keywords>
    <accconst>Check with Contributor</accconst>
    <useconst>Check with Contributor</useconst>
    <ptcontac>
      <cntinfo>
        <cntperp>
          <cntper>Bates, Timothy S.</cntper>
        </cntperp>
        <cntaddr>
          <addrtype>Mailing and Physical Address</addrtype>
          <address>7600 Sand Point Way N.E.</address>
          <city>Seattle</city>
          <state>WA</state>
          <postal>98115</postal>
          <country>USA</country>
        </cntaddr>
        <cntvoice>206-526-6248</cntvoice>
        <cntfax />
        <cntemail>Tim.Bates@noaa.gov</cntemail>
      </cntinfo>
    </ptcontac>
  </idinfo>
  <distinfo>
    <distrib>
      <cntinfo>
        <cntperp>
          <cntper>Bates, Timothy S.</cntper>
        </cntperp>
        <cntaddr>
          <addrtype>Mailing and Physical Address</addrtype>
          <address>7600 Sand Point Way N.E.</address>
          <city>Seattle</city>
          <state>WA</state>
          <postal>98115</postal>
          <country>USA</country>
        </cntaddr>
        <cntvoice>206-526-6248</cntvoice>
        <cntfax />
        <cntemail>Tim.Bates@noaa.gov</cntemail>
      </cntinfo>
    </distrib>
    <distliab>While every effort has been made to ensure that these data are accurate and reliable within the limits of the current state of the art, NOAA cannot assume liability for any damages caused by any errors or omissions in the data, nor as a result of the failure of the data to function on a particular system. NOAA makes no warranty, expressed or implied, nor does the fact of distribution constitute such a warranty.</distliab>
  </distinfo>
  <metainfo>
    <metd>20010307</metd>
    <metc>
      <cntinfo>
        <cntperp>
          <cntper>Kimberly Bahl</cntper>
        </cntperp>
        <cntaddr>
          <addrtype>Mailing and Physical Address</addrtype>
          <address>NOAA / AFSC / PMEL, 7600 Sand Point Way N.E.</address>
          <city>Seattle</city>
          <state>WA</state>
          <postal>98115</postal>
          <country>USA</country>
        </cntaddr>
        <cntvoice>206-526-4314</cntvoice>
        <cntfax>206-526-6485</cntfax>
        <cntemail>kimberly.bahl@noaa.gov</cntemail>
      </cntinfo>
    </metc>
    <metstdn>Content Standards for Digital Geospatial Metadata</metstdn>
    <metstdv>FGDC-STD-001-1998</metstdv>
    <metac>Check with Contributor</metac>
    <metuc>Check with Contributor</metuc>
  </metainfo>
</metadata>
