<metadata>
  <idinfo>
    <citation>
      <citeinfo>
        <origin>Alaska Department of Natural Resources (DNR), Geological and Geophysical Surveys Division, Resource Analysis Section</origin>
        <pubdate>1982</pubdate>
        <title>Southcentral - Regional Database</title>
      </citeinfo>
    </citation>
    <descript>
      <abstract>Data Type: Multi-Resources;   The datasets included in this database were compiled as part of the Alaska Land and Resource Mapping Program (ALARM). This program involved the systematic preparation, mapping, and automation of natural resource data in a standardized approach for data classification and resolution. ESRI of Redlands California was involved in the automation of the datasets in this database. Database compiled at 1:250,000 scale. Intended to support State of Alaska, Dept. of Natural Resources, management decision making processes.</abstract>
      <purpose>Unknown</purpose>
    </descript>
    <timeperd>
      <timeinfo>
        <sngdate>
          <caldate>19820101</caldate>
        </sngdate>
      </timeinfo>
      <current>Ground Condition</current>
    </timeperd>
    <status>
      <progress>Complete</progress>
      <update>Unknown</update>
    </status>
    <spdom>
      <bounding>
        <westbc>-153</westbc>
        <eastbc>-141</eastbc>
        <northbc>63</northbc>
        <southbc>59</southbc>
      </bounding>
    </spdom>
    <keywords>
      <theme>
        <themekt>North Pacific Ecosystem Metadatabase</themekt>
        <themekey>Geology</themekey>
        <themekey>Management</themekey>
      </theme>
      <theme>
        <themekt>Other</themekt>
        <themekey>Alaska Land and Resource Mapping Program (ALARM)</themekey>
        <themekey>Maps</themekey>
        <themekey>Alaska</themekey>
        <themekey>North Pacific Ocean</themekey>
      </theme>
    </keywords>
    <accconst>Unknown</accconst>
    <useconst>Unknown</useconst>
    <ptcontac>
      <cntinfo>
        <cntperp>
          <cntper>Oakley, Karen</cntper>
        </cntperp>
        <cntaddr>
          <addrtype>Mailing and Physical Address</addrtype>
          <address>1011 East Tudor Road</address>
          <city>Anchorage</city>
          <state>AK</state>
          <postal>99503</postal>
          <country>USA</country>
        </cntaddr>
        <cntvoice>907-786-3579</cntvoice>
        <cntfax />
        <cntemail>karen_oakley@nbs.gov</cntemail>
      </cntinfo>
    </ptcontac>
  </idinfo>
  <distinfo>
    <distrib>
      <cntinfo>
        <cntperp>
          <cntper>Oakley, Karen</cntper>
        </cntperp>
        <cntaddr>
          <addrtype>Mailing and Physical Address</addrtype>
          <address>1011 East Tudor Road</address>
          <city>Anchorage</city>
          <state>AK</state>
          <postal>99503</postal>
          <country>USA</country>
        </cntaddr>
        <cntvoice>907-786-3579</cntvoice>
        <cntfax />
        <cntemail>karen_oakley@nbs.gov</cntemail>
      </cntinfo>
    </distrib>
    <distliab>While every effort has been made to ensure that these data are accurate and reliable within the limits of the current state of the art, NOAA cannot assume liability for any damages caused by any errors or omissions in the data, nor as a result of the failure of the data to function on a particular system. NOAA makes no warranty, expressed or implied, nor does the fact of distribution constitute such a warranty.</distliab>
  </distinfo>
  <metainfo>
    <metd>20020429</metd>
    <metc>
      <cntinfo>
        <cntperp>
          <cntper>Kimberly Bahl</cntper>
        </cntperp>
        <cntaddr>
          <addrtype>Mailing and Physical Address</addrtype>
          <address>NOAA / AFSC / PMEL, 7600 Sand Point Way N.E.</address>
          <city>Seattle</city>
          <state>WA</state>
          <postal>98115</postal>
          <country>USA</country>
        </cntaddr>
        <cntvoice>206-526-4314</cntvoice>
        <cntfax>206-526-6485</cntfax>
        <cntemail>kimberly.bahl@noaa.gov</cntemail>
      </cntinfo>
    </metc>
    <metstdn>Content Standards for Digital Geospatial Metadata</metstdn>
    <metstdv>FGDC-STD-001-1998</metstdv>
    <metac>Unknown</metac>
    <metuc>Unknown</metuc>
  </metainfo>
</metadata>
