<metadata>
  <idinfo>
    <citation>
      <citeinfo>
        <origin>Washington Sea Grant Program</origin>
        <pubdate>20020927</pubdate>
        <title>Counting Chandalar Salmon - Alaska Sea Grant Radio Show</title>
      </citeinfo>
    </citation>
    <descript>
      <abstract>Subsistence fishing for fall chum salmon opened this week on the Chandalar River, a tributary of the Yukon River north of Fairbanks. Fisheries managers opened the season after 74,000 fall chums passed a sonar counting station operated by the U.S. Fish and Wildlife Service. The opening is sure to help the Native villages of Venetie and Fort Yukon, two rural communities that depend on subsistence harvests of fish and game. Recently, Arctic Science Journeys Radio reporter Doug Schneider visited the Chandalar River sonar station to learn more about how biologists count migrating salmon.</abstract>
      <purpose>The Chandalar River is the color of green tea as it makes its way out of Alaskaﾒs Brooks Range north of Fairbanks, past the Gwichﾒin Native village of Venetie, and into the broad 11 million acre floodplain of the Yukon Flats National Wildlife Refuge.</purpose>
    </descript>
    <timeperd>
      <timeinfo>
        <sngdate>
          <caldate>20020927</caldate>
        </sngdate>
      </timeinfo>
      <current>Publication Date</current>
    </timeperd>
    <status>
      <progress>Complete</progress>
      <update>None Planned</update>
    </status>
    <spdom>
      <bounding>
        <westbc>-147.42</westbc>
        <eastbc>-145</eastbc>
        <northbc>67.08</northbc>
        <southbc>66.67</southbc>
      </bounding>
    </spdom>
    <keywords>
      <theme>
        <themekt>North Pacific Ecosystem Metadatabase</themekt>
        <themekey>Fish</themekey>
      </theme>
      <theme>
        <themekt>Other</themekt>
        <themekey>Salmon</themekey>
        <themekey>Chandalar River, Alaska</themekey>
        <themekey>North Pacific Ocean</themekey>
      </theme>
    </keywords>
    <accconst>None</accconst>
    <useconst>None</useconst>
    <ptcontac>
      <cntinfo>
        <cntperp>
          <cntper>Washington Sea Grant Program</cntper>
        </cntperp>
        <cntaddr>
          <addrtype>Mailing and Physical Address</addrtype>
          <address>3716 Brooklyn Avenue NE</address>
          <city>Seattle</city>
          <state>WA</state>
          <postal>98105</postal>
          <country>USA</country>
        </cntaddr>
        <cntvoice>206-685-9215</cntvoice>
        <cntfax>206-685-0380</cntfax>
        <cntemail>seagrant@u.washington.edu</cntemail>
      </cntinfo>
    </ptcontac>
  </idinfo>
  <distinfo>
    <distrib>
      <cntinfo>
        <cntperp>
          <cntper>Washington Sea Grant Program</cntper>
        </cntperp>
        <cntaddr>
          <addrtype>Mailing and Physical Address</addrtype>
          <address>3716 Brooklyn Avenue NE</address>
          <city>Seattle</city>
          <state>WA</state>
          <postal>98105</postal>
          <country>USA</country>
        </cntaddr>
        <cntvoice>206-685-9215</cntvoice>
        <cntfax>206-685-0380</cntfax>
        <cntemail>seagrant@u.washington.edu</cntemail>
      </cntinfo>
    </distrib>
    <distliab>While every effort has been made to ensure that these data are accurate and reliable within the limits of the current state of the art, NOAA cannot assume liability for any damages caused by any errors or omissions in the data, nor as a result of the failure of the data to function on a particular system. NOAA makes no warranty, expressed or implied, nor does the fact of distribution constitute such a warranty.</distliab>
  </distinfo>
  <metainfo>
    <metd>20040712</metd>
    <metc>
      <cntinfo>
        <cntperp>
          <cntper>Kimberly Bahl</cntper>
        </cntperp>
        <cntaddr>
          <addrtype>Mailing and Physical Address</addrtype>
          <address>NOAA / AFSC / PMEL, 7600 Sand Point Way N.E.</address>
          <city>Seattle</city>
          <state>WA</state>
          <postal>98115</postal>
          <country>USA</country>
        </cntaddr>
        <cntvoice>206-526-4314</cntvoice>
        <cntfax>206-526-6485</cntfax>
        <cntemail>kimberly.bahl@noaa.gov</cntemail>
      </cntinfo>
    </metc>
    <metstdn>Content Standards for Digital Geospatial Metadata</metstdn>
    <metstdv>FGDC-STD-001-1998</metstdv>
    <metac>None</metac>
    <metuc>None</metuc>
  </metainfo>
</metadata>
