<metadata>
  <idinfo>
    <citation>
      <citeinfo>
        <origin>National Oceanic and Atmospheric Administration (NOAA), National Environmental Satellite, Data and Information Service (NESDIS), Office of Satellite Data Processing and Distributing (OSDPD)</origin>
        <pubdate>Unknown</pubdate>
        <title>Heat Budget Monthly Archive Tape (EDIS)</title>
      </citeinfo>
    </citation>
    <descript>
      <abstract>The heat budget monthly archive tape contains daily sets of heat budget data fields for a calendar month. A daily set consists of both polar stereo and 2.5 X 2.5 degree gridded arrays of Nighttime Longwave Radiation, Daytime Longwave
Radiation, and Absorbed Solar Energy.  Polar stereo arrays of Available Solar Energy are also included.

  The archive tape is a 9-track, 1600 bpi, unlabeled, odd-parity, binary tape produced on an IBM 360/195 computer. Each daily set of arrays is a logical record of 31254 8-bit bytes blocked into 4000 byte physical records with record format VS (variable length records spanning block boundaries).

  The Office of Satellite Data Processing and Distribution (OSDPC) keeps this data for a month, then sends it to the National Climatic Data Center (NCDC) for archiving.  For current data, contact John Sapper at OSDPC,  telephone 301-457-0914 ext.148, e-mail: john.sapper@noaa.gov.  For archived data contact Thomas Ross at NCDC, telephone 828-271-4499, e-mail: tom.ross@noaa.gov.</abstract>
      <purpose>To archive heat budget data.</purpose>
    </descript>
    <timeperd>
      <timeinfo>
        <rngdates>
          <begdate>19790101</begdate>
          <enddate>19880901</enddate>
        </rngdates>
      </timeinfo>
      <current>Ground Condition</current>
    </timeperd>
    <status>
      <progress>Complete</progress>
      <update>Unknown</update>
    </status>
    <spdom>
      <bounding>
        <westbc>-180</westbc>
        <eastbc>180</eastbc>
        <northbc>90</northbc>
        <southbc>-90</southbc>
      </bounding>
    </spdom>
    <keywords>
      <theme>
        <themekt>Other</themekt>
        <themekey>Advanced Very High Resolution Radiometer (AVHRR)</themekey>
        <themekey>Absorbed Solar Radiation</themekey>
        <themekey>Longwave Radiation</themekey>
        <themekey>Earth Radiation Budget</themekey>
        <themekey>Heat Budget</themekey>
        <themekey>Radiance</themekey>
        <themekey>Irradiance</themekey>
        <themekey>North Pacific Ocean</themekey>
      </theme>
    </keywords>
    <accconst>Contact Source.</accconst>
    <useconst>Check with Source.</useconst>
    <ptcontac>
      <cntinfo>
        <cntperp>
          <cntper>Sapper, John F.</cntper>
        </cntperp>
        <cntaddr>
          <addrtype>Mailing and Physical Address</addrtype>
          <address>5200 AUTH RD</address>
          <city>Suitland</city>
          <state>MD</state>
          <postal>20746-4304</postal>
          <country>USA</country>
        </cntaddr>
        <cntvoice>301-457-0914x148</cntvoice>
        <cntfax>301-457-0918</cntfax>
        <cntemail>John.Sapper@noaa.gov</cntemail>
      </cntinfo>
    </ptcontac>
  </idinfo>
  <distinfo>
    <distrib>
      <cntinfo>
        <cntperp>
          <cntper>Sapper, John F.</cntper>
        </cntperp>
        <cntaddr>
          <addrtype>Mailing and Physical Address</addrtype>
          <address>5200 AUTH RD</address>
          <city>Suitland</city>
          <state>MD</state>
          <postal>20746-4304</postal>
          <country>USA</country>
        </cntaddr>
        <cntvoice>301-457-0914x148</cntvoice>
        <cntfax>301-457-0918</cntfax>
        <cntemail>John.Sapper@noaa.gov</cntemail>
      </cntinfo>
    </distrib>
    <distliab>While every effort has been made to ensure that these data are accurate and reliable within the limits of the current state of the art, NOAA cannot assume liability for any damages caused by any errors or omissions in the data, nor as a result of the failure of the data to function on a particular system. NOAA makes no warranty, expressed or implied, nor does the fact of distribution constitute such a warranty.</distliab>
  </distinfo>
  <metainfo>
    <metd>20040827</metd>
    <metc>
      <cntinfo>
        <cntperp>
          <cntper>Kimberly Bahl</cntper>
        </cntperp>
        <cntaddr>
          <addrtype>Mailing and Physical Address</addrtype>
          <address>NOAA / AFSC / PMEL, 7600 Sand Point Way N.E.</address>
          <city>Seattle</city>
          <state>WA</state>
          <postal>98115</postal>
          <country>USA</country>
        </cntaddr>
        <cntvoice>206-526-4314</cntvoice>
        <cntfax>206-526-6485</cntfax>
        <cntemail>kimberly.bahl@noaa.gov</cntemail>
      </cntinfo>
    </metc>
    <metstdn>Content Standards for Digital Geospatial Metadata</metstdn>
    <metstdv>FGDC-STD-001-1998</metstdv>
    <metac>Contact Source.</metac>
    <metuc>Check with Source.</metuc>
  </metainfo>
</metadata>
