<metadata>
  <idinfo>
    <citation>
      <citeinfo>
        <origin>Sea Fisheries Institute</origin>
        <pubdate>1990</pubdate>
        <title>Assessment of Walleye Pollock Biomass in the Aleutian Basin based on Cohort Analysis and Polish Fisheries Data. Int. North Pac. Fish. Comm. 1990. No.50:303-311.</title>
      </citeinfo>
    </citation>
    <descript>
      <abstract>Data on paper, catch of age in numbers  1985-1988  catch per unit efforts  1985-1988</abstract>
      <purpose>To monitor dynamics of walleye Pollock stock</purpose>
    </descript>
    <timeperd>
      <timeinfo>
        <rngdates>
          <begdate>19850101</begdate>
          <enddate>19881231</enddate>
        </rngdates>
      </timeinfo>
      <current>Sample Date</current>
    </timeperd>
    <status>
      <progress>Complete</progress>
      <update>None Planned</update>
    </status>
    <spdom>
      <bounding>
        <westbc>172</westbc>
        <eastbc>-175</eastbc>
        <northbc>59</northbc>
        <southbc>55</southbc>
      </bounding>
    </spdom>
    <keywords>
      <theme>
        <themekt>North Pacific Ecosystem Metadatabase</themekt>
        <themekey>Fish</themekey>
      </theme>
      <theme>
        <themekt>Other</themekt>
        <themekey>Mesoscale</themekey>
        <themekey>Bering Sea</themekey>
        <themekey>Ecosystem</themekey>
        <themekey>North Pacific Ocean</themekey>
      </theme>
    </keywords>
    <accconst>None</accconst>
    <useconst>None</useconst>
    <ptcontac>
      <cntinfo>
        <cntperp>
          <cntper>Janusz, Jerzy</cntper>
        </cntperp>
        <cntaddr>
          <addrtype>Mailing and Physical Address</addrtype>
          <address>Kolcataja Street</address>
          <city>Gdynia</city>
          <state />
          <postal>81-332</postal>
          <country>Poland</country>
        </cntaddr>
        <cntvoice>48-58-620-1728</cntvoice>
        <cntfax>48-58-620-2831</cntfax>
        <cntemail>jjanusz@miryb.mir.gdynia.pl</cntemail>
      </cntinfo>
    </ptcontac>
  </idinfo>
  <distinfo>
    <distrib>
      <cntinfo>
        <cntperp>
          <cntper>Janusz, Jerzy</cntper>
        </cntperp>
        <cntaddr>
          <addrtype>Mailing and Physical Address</addrtype>
          <address>Kolcataja Street</address>
          <city>Gdynia</city>
          <state />
          <postal>81-332</postal>
          <country>Poland</country>
        </cntaddr>
        <cntvoice>48-58-620-1728</cntvoice>
        <cntfax>48-58-620-2831</cntfax>
        <cntemail>jjanusz@miryb.mir.gdynia.pl</cntemail>
      </cntinfo>
    </distrib>
    <distliab>While every effort has been made to ensure that these data are accurate and reliable within the limits of the current state of the art, NOAA cannot assume liability for any damages caused by any errors or omissions in the data, nor as a result of the failure of the data to function on a particular system. NOAA makes no warranty, expressed or implied, nor does the fact of distribution constitute such a warranty.</distliab>
  </distinfo>
  <metainfo>
    <metd>19991115</metd>
    <metc>
      <cntinfo>
        <cntperp>
          <cntper>Kimberly Bahl</cntper>
        </cntperp>
        <cntaddr>
          <addrtype>Mailing and Physical Address</addrtype>
          <address>NOAA / AFSC / PMEL, 7600 Sand Point Way N.E.</address>
          <city>Seattle</city>
          <state>WA</state>
          <postal>98115</postal>
          <country>USA</country>
        </cntaddr>
        <cntvoice>206-526-4314</cntvoice>
        <cntfax>206-526-6485</cntfax>
        <cntemail>kimberly.bahl@noaa.gov</cntemail>
      </cntinfo>
    </metc>
    <metstdn>Content Standards for Digital Geospatial Metadata</metstdn>
    <metstdv>FGDC-STD-001-1998</metstdv>
    <metac>None</metac>
    <metuc>None</metuc>
  </metainfo>
</metadata>
