<metadata>
  <idinfo>
    <citation>
      <citeinfo>
        <origin>University of Alaska Fairbanks (UAF), School of Fisheries and Ocean Sciences (SFOS), Alaska Sea Grant College Program</origin>
        <pubdate>Planned</pubdate>
        <title>Information transfer and public education on NPMR Initiative and related studies</title>
      </citeinfo>
    </citation>
    <descript>
      <abstract>
        <p>Data Communication: Radio; This two-part project will inform the public about NPMR through a radio series about the Bering Sea and a high school/junior high level classroom reference guide to the Bering Sea, both based on NPMR areas of study. The U.S. Congress intends that NPMR studies lead to greater understanding of ecosystem dynamics in the North Pacific Ocean, and the transfer of useful findings to people and groups who have an economic, social, or moral stake in the long-term health of the region. Users of the information include the scientific community, policy makers, resource managers, marine industries (especially the commercial fishing industry), conservationists, subsistence users, and the general public.  Part one of this project is a 12-installment radio series based on NPMR areas of study. The series will be broadcast on Alaska Public Radio stations and on other broadcast outlets in and outside Alaska. The stories will explain key physical, chemical, and biological phenomena in the ecosystem to provide the public with a good understanding of the basic make-up and dynamics of the North Pacific ecosystem. Possible subjects include the effect of the ice edge on primary production, the effect of sea surface temperature on selected marine animals, circulation and upwelling patterns and their effects on commercially important fish and shellfish, the relationship between climate change and the ecology of marine mammals, and Native perspectives on how specific components of the ecosystem have appeared to have changed over the past half century. Each of the 12 radio segments will be 5 minutes long and include high quality digitized sound effects recorded in the field, and first-person interviews with NPMR scientists.</p>
        <p>http://www2.sfos.uaf.edu:8080/npmr/projects/data/124/project124.html</p>
        <p>http://www.uaf.edu/seagrant</p>
        <p>An NPMR project</p>
      </abstract>
      <purpose>A proposal "Information transfer and public education on data developed in north pacific marine research initiative and related studies" supported by NPMR.</purpose>
    </descript>
    <timeperd>
      <timeinfo>
        <rngdates>
          <begdate>19990701</begdate>
          <enddate>20011231</enddate>
        </rngdates>
      </timeinfo>
      <current>Ground Condition</current>
    </timeperd>
    <status>
      <progress>Planned</progress>
      <update>Unknown</update>
    </status>
    <spdom>
      <bounding>
        <westbc>167</westbc>
        <eastbc>-163</eastbc>
        <northbc>67</northbc>
        <southbc>53</southbc>
      </bounding>
    </spdom>
    <keywords>
      <theme>
        <themekt>North Pacific Ecosystem Metadatabase</themekt>
        <themekey>Management</themekey>
      </theme>
      <theme>
        <themekt>Other</themekt>
        <themekey>Radio</themekey>
        <themekey>Data Communication</themekey>
        <themekey>Bering Sea</themekey>
        <themekey>North Pacific Ocean</themekey>
      </theme>
    </keywords>
    <accconst>Unknown</accconst>
    <useconst>Unknown</useconst>
    <ptcontac>
      <cntinfo>
        <cntperp>
          <cntper>Byers, Kurt</cntper>
        </cntperp>
        <cntaddr>
          <addrtype>Mailing and Physical Address</addrtype>
          <address>P.O. Box 755040</address>
          <city>Fairbanks</city>
          <state>AK</state>
          <postal>99775-5040</postal>
          <country>USA</country>
        </cntaddr>
        <cntvoice>907-474-6702</cntvoice>
        <cntfax>907-474-6285</cntfax>
        <cntemail>fnkmb1@uaf.edu</cntemail>
      </cntinfo>
    </ptcontac>
  </idinfo>
  <distinfo>
    <distrib>
      <cntinfo>
        <cntperp>
          <cntper>Byers, Kurt</cntper>
        </cntperp>
        <cntaddr>
          <addrtype>Mailing and Physical Address</addrtype>
          <address>P.O. Box 755040</address>
          <city>Fairbanks</city>
          <state>AK</state>
          <postal>99775-5040</postal>
          <country>USA</country>
        </cntaddr>
        <cntvoice>907-474-6702</cntvoice>
        <cntfax>907-474-6285</cntfax>
        <cntemail>fnkmb1@uaf.edu</cntemail>
      </cntinfo>
    </distrib>
    <distliab>While every effort has been made to ensure that these data are accurate and reliable within the limits of the current state of the art, NOAA cannot assume liability for any damages caused by any errors or omissions in the data, nor as a result of the failure of the data to function on a particular system. NOAA makes no warranty, expressed or implied, nor does the fact of distribution constitute such a warranty.</distliab>
  </distinfo>
  <metainfo>
    <metd>19991122</metd>
    <metc>
      <cntinfo>
        <cntperp>
          <cntper>Kimberly Bahl</cntper>
        </cntperp>
        <cntaddr>
          <addrtype>Mailing and Physical Address</addrtype>
          <address>NOAA / AFSC / PMEL, 7600 Sand Point Way N.E.</address>
          <city>Seattle</city>
          <state>WA</state>
          <postal>98115</postal>
          <country>USA</country>
        </cntaddr>
        <cntvoice>206-526-4314</cntvoice>
        <cntfax>206-526-6485</cntfax>
        <cntemail>kimberly.bahl@noaa.gov</cntemail>
      </cntinfo>
    </metc>
    <metstdn>Content Standards for Digital Geospatial Metadata</metstdn>
    <metstdv>FGDC-STD-001-1998</metstdv>
    <metac>Unknown</metac>
    <metuc>Unknown</metuc>
  </metainfo>
</metadata>
