<metadata>
  <idinfo>
    <citation>
      <citeinfo>
        <origin>National Oceanic and Atmospheric Administration (NOAA), Office of Oceanic and Atmospheric Research (OAR), Pacific Marine Environmental Laboratory (PMEL), Vents Program</origin>
        <pubdate>Unknown</pubdate>
        <title>Helium Measurements in the North Pacific Ocean along 152°W (PMEL)</title>
      </citeinfo>
    </citation>
    <descript>
      <abstract>Deep helium measurements for CGC-91 section (also named WOCE P1) along 152°W.  Hydrothermal activity produces a helium plume which can be traced for thousands of kilometers.</abstract>
      <purpose>To trace helium plume produced by hydrothermal activity.</purpose>
    </descript>
    <timeperd>
      <timeinfo>
        <mdattim>
          <sngdate>
            <caldate>Various months starting 1984</caldate>
          </sngdate>
        </mdattim>
      </timeinfo>
      <current>Sample Date</current>
    </timeperd>
    <status>
      <progress>In Progress</progress>
      <update>Unknown</update>
    </status>
    <spdom>
      <bounding>
        <westbc>-152</westbc>
        <eastbc>-152</eastbc>
        <northbc>55</northbc>
        <southbc>20</southbc>
      </bounding>
    </spdom>
    <keywords>
      <theme>
        <themekt>North Pacific Ecosystem Metadatabase</themekt>
        <themekey>Chemistry</themekey>
        <themekey>Oceanography</themekey>
      </theme>
      <theme>
        <themekt>Other</themekt>
        <themekey>Helium</themekey>
        <themekey>North Pacific Ocean</themekey>
      </theme>
    </keywords>
    <accconst>None</accconst>
    <useconst>None</useconst>
    <ptcontac>
      <cntinfo>
        <cntperp>
          <cntper>Lupton, John E.</cntper>
        </cntperp>
        <cntaddr>
          <addrtype>Mailing and Physical Address</addrtype>
          <address>Hatfield Marine Science Center
2030 S. Marine Science Drive</address>
          <city>Newport</city>
          <state>OR</state>
          <postal>97365</postal>
          <country>USA</country>
        </cntaddr>
        <cntvoice>541-867-0198</cntvoice>
        <cntfax>541-867-3907</cntfax>
        <cntemail>john.e.lupton@noaa.gov</cntemail>
      </cntinfo>
    </ptcontac>
  </idinfo>
  <distinfo>
    <distrib>
      <cntinfo>
        <cntperp>
          <cntper>Lupton, John E.</cntper>
        </cntperp>
        <cntaddr>
          <addrtype>Mailing and Physical Address</addrtype>
          <address>Hatfield Marine Science Center
2030 S. Marine Science Drive</address>
          <city>Newport</city>
          <state>OR</state>
          <postal>97365</postal>
          <country>USA</country>
        </cntaddr>
        <cntvoice>541-867-0198</cntvoice>
        <cntfax>541-867-3907</cntfax>
        <cntemail>john.e.lupton@noaa.gov</cntemail>
      </cntinfo>
    </distrib>
    <distliab>While every effort has been made to ensure that these data are accurate and reliable within the limits of the current state of the art, NOAA cannot assume liability for any damages caused by any errors or omissions in the data, nor as a result of the failure of the data to function on a particular system. NOAA makes no warranty, expressed or implied, nor does the fact of distribution constitute such a warranty.</distliab>
  </distinfo>
  <metainfo>
    <metd>20041208</metd>
    <metc>
      <cntinfo>
        <cntperp>
          <cntper>Kimberly Bahl</cntper>
        </cntperp>
        <cntaddr>
          <addrtype>Mailing and Physical Address</addrtype>
          <address>NOAA / AFSC / PMEL, 7600 Sand Point Way N.E.</address>
          <city>Seattle</city>
          <state>WA</state>
          <postal>98115</postal>
          <country>USA</country>
        </cntaddr>
        <cntvoice>206-526-4314</cntvoice>
        <cntfax>206-526-6485</cntfax>
        <cntemail>kimberly.bahl@noaa.gov</cntemail>
      </cntinfo>
    </metc>
    <metstdn>Content Standards for Digital Geospatial Metadata</metstdn>
    <metstdv>FGDC-STD-001-1998</metstdv>
    <metac>None</metac>
    <metuc>None</metuc>
  </metainfo>
</metadata>
