<metadata>
  <idinfo>
    <citation>
      <citeinfo>
        <origin>Alaska Department of Environmental Conservation, Exxon Valdez Oil Spill Restoration Office</origin>
        <pubdate>1989-1991</pubdate>
        <title>Master Oil Spill Database (Oil Spill)</title>
      </citeinfo>
    </citation>
    <descript>
      <abstract>Database: Exxon Valdez Oil Spill;  The master oil spill database was developed to track oiled shoreline conditions and the work performed on those shorelines. Data includes transects, photos and videos, survey team members, etc. Data is referenced to survey stations and beach segments and subdivisions.</abstract>
      <purpose>Unknown</purpose>
    </descript>
    <timeperd>
      <timeinfo>
        <rngdates>
          <begdate>19890101</begdate>
          <enddate>19911231</enddate>
        </rngdates>
      </timeinfo>
      <current>Ground Condition</current>
    </timeperd>
    <status>
      <progress>Complete</progress>
      <update>Unknown</update>
    </status>
    <spdom>
      <bounding>
        <westbc>-156.5</westbc>
        <eastbc>-146.5</eastbc>
        <northbc>61.25</northbc>
        <southbc>57.25</southbc>
      </bounding>
    </spdom>
    <keywords>
      <theme>
        <themekt>Other</themekt>
        <themekey>Oil Spill</themekey>
        <themekey>Shoreline</themekey>
        <themekey>Alaska</themekey>
        <themekey>North Pacific Ocean</themekey>
      </theme>
    </keywords>
    <accconst>Data is to be shared among public agencies and the public, although allowances are made for confidentiality prior to publication of findings.</accconst>
    <useconst>Beach segment/subdivision numbering system has been modified over the course of data collection. Knowledge of this system is necessary for accurate interpretation of this data.</useconst>
    <ptcontac>
      <cntinfo>
        <cntperp>
          <cntper>Oakley, Karen</cntper>
        </cntperp>
        <cntaddr>
          <addrtype>Mailing and Physical Address</addrtype>
          <address>1011 East Tudor Road</address>
          <city>Anchorage</city>
          <state>AK</state>
          <postal>99503</postal>
          <country>USA</country>
        </cntaddr>
        <cntvoice>907-786-3579</cntvoice>
        <cntfax />
        <cntemail>karen_oakley@nbs.gov</cntemail>
      </cntinfo>
    </ptcontac>
  </idinfo>
  <distinfo>
    <distrib>
      <cntinfo>
        <cntperp>
          <cntper>Oakley, Karen</cntper>
        </cntperp>
        <cntaddr>
          <addrtype>Mailing and Physical Address</addrtype>
          <address>1011 East Tudor Road</address>
          <city>Anchorage</city>
          <state>AK</state>
          <postal>99503</postal>
          <country>USA</country>
        </cntaddr>
        <cntvoice>907-786-3579</cntvoice>
        <cntfax />
        <cntemail>karen_oakley@nbs.gov</cntemail>
      </cntinfo>
    </distrib>
    <distliab>While every effort has been made to ensure that these data are accurate and reliable within the limits of the current state of the art, NOAA cannot assume liability for any damages caused by any errors or omissions in the data, nor as a result of the failure of the data to function on a particular system. NOAA makes no warranty, expressed or implied, nor does the fact of distribution constitute such a warranty.</distliab>
  </distinfo>
  <metainfo>
    <metd>20020424</metd>
    <metc>
      <cntinfo>
        <cntperp>
          <cntper>Kimberly Bahl</cntper>
        </cntperp>
        <cntaddr>
          <addrtype>Mailing and Physical Address</addrtype>
          <address>NOAA / AFSC / PMEL, 7600 Sand Point Way N.E.</address>
          <city>Seattle</city>
          <state>WA</state>
          <postal>98115</postal>
          <country>USA</country>
        </cntaddr>
        <cntvoice>206-526-4314</cntvoice>
        <cntfax>206-526-6485</cntfax>
        <cntemail>kimberly.bahl@noaa.gov</cntemail>
      </cntinfo>
    </metc>
    <metstdn>Content Standards for Digital Geospatial Metadata</metstdn>
    <metstdv>FGDC-STD-001-1998</metstdv>
    <metac>Data is to be shared among public agencies and the public, although allowances are made for confidentiality prior to publication of findings.</metac>
    <metuc>Beach segment/subdivision numbering system has been modified over the course of data collection. Knowledge of this system is necessary for accurate interpretation of this data.</metuc>
  </metainfo>
</metadata>
