<metadata>
  <idinfo>
    <citation>
      <citeinfo>
        <origin>National Oceanic and Atmospheric Administration (NOAA), Office of Oceanic and Atmospheric Research (OAR), Pacific Marine Environmental Laboratory (PMEL)</origin>
        <pubdate>Unknown</pubdate>
        <title>Gulf of Alaska CTD Data (1981)</title>
      </citeinfo>
    </citation>
    <descript>
      <abstract>CTD data are  collected from cruises in the Gulf of Alaska since 1981. These  data are high  resolution vertical profiles of conductivity, temperature, and pressure.  Additional sensors may include dissolved oxygen or other biological/chemical sensors (nephelometers, fluorometers).The data are stored on 5,592 disk files (47.8 MB) at the Pacific Marine Environmental Laboratory in Seattle, Washington.</abstract>
      <purpose />
    </descript>
    <timeperd>
      <timeinfo>
        <sngdate>
          <caldate>19810130</caldate>
        </sngdate>
      </timeinfo>
      <current>Ground Condition</current>
    </timeperd>
    <status>
      <progress>In Progress</progress>
      <update>Unknown</update>
    </status>
    <spdom>
      <bounding>
        <westbc>-180</westbc>
        <eastbc>-140</eastbc>
        <northbc>70</northbc>
        <southbc>49</southbc>
      </bounding>
    </spdom>
    <keywords>
      <theme>
        <themekt>Other</themekt>
        <themekey>Gulf of Alaska</themekey>
        <themekey>CTD</themekey>
        <themekey>North Pacific Ocean</themekey>
      </theme>
    </keywords>
    <accconst>Check with Contributor about how to obtain data.</accconst>
    <useconst>Check with Contributor about how to obtain data.</useconst>
    <ptcontac>
      <cntinfo>
        <cntperp>
          <cntper>Vance, Tiffany C.</cntper>
        </cntperp>
        <cntaddr>
          <addrtype>Mailing and Physical Address</addrtype>
          <address>7600 Sand Point Way N.E.</address>
          <city>Seattle</city>
          <state>WA</state>
          <postal>98115</postal>
          <country>USA</country>
        </cntaddr>
        <cntvoice>206-526-6767</cntvoice>
        <cntfax>206-526-6485</cntfax>
        <cntemail>Tiffany.C.Vance@noaa.gov</cntemail>
      </cntinfo>
    </ptcontac>
  </idinfo>
  <distinfo>
    <distrib>
      <cntinfo>
        <cntperp>
          <cntper>Vance, Tiffany C.</cntper>
        </cntperp>
        <cntaddr>
          <addrtype>Mailing and Physical Address</addrtype>
          <address>7600 Sand Point Way N.E.</address>
          <city>Seattle</city>
          <state>WA</state>
          <postal>98115</postal>
          <country>USA</country>
        </cntaddr>
        <cntvoice>206-526-6767</cntvoice>
        <cntfax>206-526-6485</cntfax>
        <cntemail>Tiffany.C.Vance@noaa.gov</cntemail>
      </cntinfo>
    </distrib>
    <distliab>While every effort has been made to ensure that these data are accurate and reliable within the limits of the current state of the art, NOAA cannot assume liability for any damages caused by any errors or omissions in the data, nor as a result of the failure of the data to function on a particular system. NOAA makes no warranty, expressed or implied, nor does the fact of distribution constitute such a warranty.</distliab>
  </distinfo>
  <metainfo>
    <metd>19981012</metd>
    <metc>
      <cntinfo>
        <cntperp>
          <cntper>Kimberly Bahl</cntper>
        </cntperp>
        <cntaddr>
          <addrtype>Mailing and Physical Address</addrtype>
          <address>NOAA / AFSC / PMEL, 7600 Sand Point Way N.E.</address>
          <city>Seattle</city>
          <state>WA</state>
          <postal>98115</postal>
          <country>USA</country>
        </cntaddr>
        <cntvoice>206-526-4314</cntvoice>
        <cntfax>206-526-6485</cntfax>
        <cntemail>kimberly.bahl@noaa.gov</cntemail>
      </cntinfo>
    </metc>
    <metstdn>Content Standards for Digital Geospatial Metadata</metstdn>
    <metstdv>FGDC-STD-001-1998</metstdv>
    <metac>Check with Contributor about how to obtain data.</metac>
    <metuc>Check with Contributor about how to obtain data.</metuc>
  </metainfo>
</metadata>
