<metadata>
  <idinfo>
    <citation>
      <citeinfo>
        <origin>Hokkaido University</origin>
        <pubdate>198712</pubdate>
        <title>Hakuho  Maru cruise (KH-86-3) to the Bering Sea and North Pacific Ocean - Data Record of Oceanographic Observation &amp; Exploratory Fishing -  June 3 - August 1, 1986</title>
      </citeinfo>
    </citation>
    <descript>
      <abstract>Hakuho  Maru cruise (KH-86-3) to the Bering Sea and North Pacific Ocean - Data Record of Oceanographic Observation &amp; Exploratory Fishing -  June 3 - August 1, 1986

Observation include meteorological observation, hydrographics observation, sampling of water, analysis of water sample, sampling of marine bacteria, plankton sampling,  sample of fish larvae, sampling of plankton, sampling of bottom sediment, salmon gill-net and eye observations of sea-birds, whales, etc.</abstract>
      <purpose>Purpose is to record the Hakuho  Maru cruise (KH-86-3) to the Bering Sea and North Pacific Ocean - Data Record of Oceanographic Observation &amp; Exploratory Fishing -  June 3 - August 1, 1986</purpose>
    </descript>
    <timeperd>
      <timeinfo>
        <rngdates>
          <begdate>19860603</begdate>
          <enddate>19860801</enddate>
        </rngdates>
      </timeinfo>
      <current>Sample Date</current>
    </timeperd>
    <status>
      <progress>Complete</progress>
      <update>None Planned</update>
    </status>
    <spdom>
      <bounding>
        <westbc>167</westbc>
        <eastbc>-165</eastbc>
        <northbc>67</northbc>
        <southbc>53</southbc>
      </bounding>
    </spdom>
    <keywords>
      <theme>
        <themekt>North Pacific Ecosystem Metadatabase</themekt>
        <themekey>Oceanography</themekey>
      </theme>
      <theme>
        <themekt>Other</themekt>
        <themekey>Zooplankton</themekey>
        <themekey>Nutrients</themekey>
        <themekey>North Pacific Ocean</themekey>
      </theme>
    </keywords>
    <accconst>None</accconst>
    <useconst>None</useconst>
    <ptcontac>
      <cntinfo>
        <cntperp>
          <cntper>Hattori, Akihiko</cntper>
        </cntperp>
        <cntaddr>
          <addrtype>Mailing and Physical Address</addrtype>
          <address>3-1-1 Minato-cho</address>
          <city>Hakodate</city>
          <state>Hokkaido</state>
          <postal>041</postal>
          <country>Japan</country>
        </cntaddr>
        <cntvoice>0138-40-5501</cntvoice>
        <cntfax>0138-43-5015</cntfax>
        <cntemail>bureau@hokudai.ac.jp</cntemail>
      </cntinfo>
    </ptcontac>
  </idinfo>
  <distinfo>
    <distrib>
      <cntinfo>
        <cntperp>
          <cntper>Hattori, Akihiko</cntper>
        </cntperp>
        <cntaddr>
          <addrtype>Mailing and Physical Address</addrtype>
          <address>3-1-1 Minato-cho</address>
          <city>Hakodate</city>
          <state>Hokkaido</state>
          <postal>041</postal>
          <country>Japan</country>
        </cntaddr>
        <cntvoice>0138-40-5501</cntvoice>
        <cntfax>0138-43-5015</cntfax>
        <cntemail>bureau@hokudai.ac.jp</cntemail>
      </cntinfo>
    </distrib>
    <distliab>While every effort has been made to ensure that these data are accurate and reliable within the limits of the current state of the art, NOAA cannot assume liability for any damages caused by any errors or omissions in the data, nor as a result of the failure of the data to function on a particular system. NOAA makes no warranty, expressed or implied, nor does the fact of distribution constitute such a warranty.</distliab>
  </distinfo>
  <metainfo>
    <metd>20001016</metd>
    <metc>
      <cntinfo>
        <cntperp>
          <cntper>Kimberly Bahl</cntper>
        </cntperp>
        <cntaddr>
          <addrtype>Mailing and Physical Address</addrtype>
          <address>NOAA / AFSC / PMEL, 7600 Sand Point Way N.E.</address>
          <city>Seattle</city>
          <state>WA</state>
          <postal>98115</postal>
          <country>USA</country>
        </cntaddr>
        <cntvoice>206-526-4314</cntvoice>
        <cntfax>206-526-6485</cntfax>
        <cntemail>kimberly.bahl@noaa.gov</cntemail>
      </cntinfo>
    </metc>
    <metstdn>Content Standards for Digital Geospatial Metadata</metstdn>
    <metstdv>FGDC-STD-001-1998</metstdv>
    <metac>None</metac>
    <metuc>None</metuc>
  </metainfo>
</metadata>
