<metadata>
  <idinfo>
    <citation>
      <citeinfo>
        <origin>Japan Meteorological Agency (JMA), Japan</origin>
        <pubdate>Unknown</pubdate>
        <title>Global Sea Surface Temperatures in NEAR-GOOS Regional Delayed Mode Data Base (RDMDB)</title>
      </citeinfo>
    </citation>
    <descript>
      <abstract>
        <p>Global monthly mean sea surface temperatures (SSTs) from January 1946 to the latest month for each two degree latitudinal and longitudinal squares over the global ocean between
80°S and 80°N. The monthly mean SSTs are analyzed at the Office of Marine Prediction, Japan Meteorological Agency (JMA), based on in situ SST data compiled by the JMA for a period from 1961 to the latest month.  The Compressed Marine Reports of the Comprehensive Ocean-Atmosphere Data Set (COADS) compiled by the National Oceanic and Atmospheric Administration (NOAA) of the United States of America are also used in a period from 1946 to 1986.</p>
        <p>Monthly normals and standard deviations for a thirty-year period from 1971 to 2000 are also available in this directory.  They are calculated for the squares which have 5 or more monthly SSTs during the thirty-year period.</p>
        <p>Data sets may be obtained directly from the North-East Asian Regional - Global Ocean Observing System (NEAR-GOOS) Regional Delayed Mode Data Base (RDMDB) at http://www.http://near-goos1.jodc.go.jp/ with a user account.  First time users must register and create a user account.</p>
      </abstract>
      <purpose>To offer basic data service to NEAR-GOOS and GOOS communities as part of the NEAR-GOOS project.</purpose>
    </descript>
    <timeperd>
      <timeinfo>
        <rngdates>
          <begdate>19460101</begdate>
          <enddate />
        </rngdates>
      </timeinfo>
      <current>Ground Condition</current>
    </timeperd>
    <status>
      <progress>In Progress</progress>
      <update>Unknown</update>
    </status>
    <spdom>
      <bounding>
        <westbc>-180</westbc>
        <eastbc>180</eastbc>
        <northbc>80</northbc>
        <southbc>-80</southbc>
      </bounding>
    </spdom>
    <keywords>
      <theme>
        <themekt>North Pacific Ecosystem Metadatabase</themekt>
        <themekey>Oceanography</themekey>
      </theme>
      <theme>
        <themekt>Other</themekt>
        <themekey>Sea Surface Temperature (SST)</themekey>
        <themekey>East China Sea</themekey>
        <themekey>Yellow Sea/West Sea</themekey>
        <themekey>Sea of Japan/East Sea</themekey>
        <themekey>Bering Sea</themekey>
        <themekey>Sea of Okhotsk</themekey>
        <themekey>North Pacific Ocean</themekey>
      </theme>
    </keywords>
    <accconst>First time users must register to gain database access.</accconst>
    <useconst>None</useconst>
    <ptcontac>
      <cntinfo>
        <cntperp>
          <cntper>Okano, Hirofumi</cntper>
        </cntperp>
        <cntaddr>
          <addrtype>Mailing and Physical Address</addrtype>
          <address>5-3-1 Tsukiji, Chuo-ku</address>
          <city>Tokyo</city>
          <state />
          <postal>104-0045</postal>
          <country>Japan</country>
        </cntaddr>
        <cntvoice>81-3-3541-4295</cntvoice>
        <cntfax>81-3-3545-2885</cntfax>
        <cntemail>mail@jodc.go.jp</cntemail>
      </cntinfo>
    </ptcontac>
  </idinfo>
  <distinfo>
    <distrib>
      <cntinfo>
        <cntperp>
          <cntper>Okano, Hirofumi</cntper>
        </cntperp>
        <cntaddr>
          <addrtype>Mailing and Physical Address</addrtype>
          <address>5-3-1 Tsukiji, Chuo-ku</address>
          <city>Tokyo</city>
          <state />
          <postal>104-0045</postal>
          <country>Japan</country>
        </cntaddr>
        <cntvoice>81-3-3541-4295</cntvoice>
        <cntfax>81-3-3545-2885</cntfax>
        <cntemail>mail@jodc.go.jp</cntemail>
      </cntinfo>
    </distrib>
    <distliab>While every effort has been made to ensure that these data are accurate and reliable within the limits of the current state of the art, NOAA cannot assume liability for any damages caused by any errors or omissions in the data, nor as a result of the failure of the data to function on a particular system. NOAA makes no warranty, expressed or implied, nor does the fact of distribution constitute such a warranty.</distliab>
  </distinfo>
  <metainfo>
    <metd>20050418</metd>
    <metc>
      <cntinfo>
        <cntperp>
          <cntper>Kimberly Bahl</cntper>
        </cntperp>
        <cntaddr>
          <addrtype>Mailing and Physical Address</addrtype>
          <address>NOAA / AFSC / PMEL, 7600 Sand Point Way N.E.</address>
          <city>Seattle</city>
          <state>WA</state>
          <postal>98115</postal>
          <country>USA</country>
        </cntaddr>
        <cntvoice>206-526-4314</cntvoice>
        <cntfax>206-526-6485</cntfax>
        <cntemail>kimberly.bahl@noaa.gov</cntemail>
      </cntinfo>
    </metc>
    <metstdn>Content Standards for Digital Geospatial Metadata</metstdn>
    <metstdv>FGDC-STD-001-1998</metstdv>
    <metac>First time users must register to gain database access.</metac>
    <metuc>None</metuc>
  </metainfo>
</metadata>
