<metadata>
  <idinfo>
    <citation>
      <citeinfo>
        <origin>Federal Institute for Fisheries and Oceanography</origin>
        <pubdate>19990110</pubdate>
        <title>Climate-linked Changes in Main Commercial Stock Fluctuations in the Atlantic and Pacific.</title>
      </citeinfo>
    </citation>
    <descript>
      <abstract>Global impacts of fishing on marine ecosystems can be reliably evaluated against the background of natural longterm changes, observed in these ecosystems.   Main commercial species (Peruvian, Japanese and Californian sardine, anchovy, pacific, salmon, walleye Pollock, Chilean jack mackerel, Pacific and Atlantic herring, cod, and some others) producing about 50 percent of world marine fish harvest undergo long-term simultaneous oscillations.</abstract>
      <purpose>To show the climate-linked Changes in main commercial stock fluctuations in the Atlantic and Pacific.</purpose>
    </descript>
    <timeperd>
      <timeinfo>
        <rngdates>
          <begdate>19991001</begdate>
          <enddate />
        </rngdates>
      </timeinfo>
      <current>Publication Date</current>
    </timeperd>
    <status>
      <progress>Complete</progress>
      <update>None Planned</update>
    </status>
    <spdom>
      <bounding>
        <westbc>175</westbc>
        <eastbc>-175</eastbc>
        <northbc>67</northbc>
        <southbc>53</southbc>
      </bounding>
    </spdom>
    <keywords>
      <theme>
        <themekt>North Pacific Ecosystem Metadatabase</themekt>
        <themekey>Fish</themekey>
      </theme>
      <theme>
        <themekt>Other</themekt>
        <themekey>Atlantic Ocean</themekey>
        <themekey>Ozone</themekey>
        <themekey>North Pacific Ocean</themekey>
      </theme>
    </keywords>
    <accconst>None</accconst>
    <useconst>None</useconst>
    <ptcontac>
      <cntinfo>
        <cntperp>
          <cntper>Klyashtorin, Leonid B.</cntper>
        </cntperp>
        <cntaddr>
          <addrtype>Mailing and Physical Address</addrtype>
          <address>Verknjaja Krasnoselskaya 17a</address>
          <city>Moscow</city>
          <state />
          <postal>107140</postal>
          <country>Russia</country>
        </cntaddr>
        <cntvoice />
        <cntfax />
        <cntemail>lklia@kliash.soils.msu.su</cntemail>
      </cntinfo>
    </ptcontac>
  </idinfo>
  <distinfo>
    <distrib>
      <cntinfo>
        <cntperp>
          <cntper>Klyashtorin, Leonid B.</cntper>
        </cntperp>
        <cntaddr>
          <addrtype>Mailing and Physical Address</addrtype>
          <address>Verknjaja Krasnoselskaya 17a</address>
          <city>Moscow</city>
          <state />
          <postal>107140</postal>
          <country>Russia</country>
        </cntaddr>
        <cntvoice />
        <cntfax />
        <cntemail>lklia@kliash.soils.msu.su</cntemail>
      </cntinfo>
    </distrib>
    <distliab>While every effort has been made to ensure that these data are accurate and reliable within the limits of the current state of the art, NOAA cannot assume liability for any damages caused by any errors or omissions in the data, nor as a result of the failure of the data to function on a particular system. NOAA makes no warranty, expressed or implied, nor does the fact of distribution constitute such a warranty.</distliab>
  </distinfo>
  <metainfo>
    <metd>19991028</metd>
    <metc>
      <cntinfo>
        <cntperp>
          <cntper>Kimberly Bahl</cntper>
        </cntperp>
        <cntaddr>
          <addrtype>Mailing and Physical Address</addrtype>
          <address>NOAA / AFSC / PMEL, 7600 Sand Point Way N.E.</address>
          <city>Seattle</city>
          <state>WA</state>
          <postal>98115</postal>
          <country>USA</country>
        </cntaddr>
        <cntvoice>206-526-4314</cntvoice>
        <cntfax>206-526-6485</cntfax>
        <cntemail>kimberly.bahl@noaa.gov</cntemail>
      </cntinfo>
    </metc>
    <metstdn>Content Standards for Digital Geospatial Metadata</metstdn>
    <metstdv>FGDC-STD-001-1998</metstdv>
    <metac>None</metac>
    <metuc>None</metuc>
  </metainfo>
</metadata>
