<metadata>
  <idinfo>
    <citation>
      <citeinfo>
        <origin>Japan Oceanographic Data Center (JODC), Hydrographic and Oceanographic Department, Japan Coast Guard</origin>
        <pubdate>Unknown</pubdate>
        <title>JODC Marine Organisms Database</title>
      </citeinfo>
    </citation>
    <descript>
      <abstract>Parameter Plankton distribution and abundance Measurement Details "This file contains marine organisms data, mainly plankton, observed by Environment Agency, Fisheries Agency and Meteorological Agency in JODC own format. This data management system composes of 3 subsystems, namely Marine Organisms Code Management, Marine Organisms Data Management, Marine Organisms Data Processing.  

[ A TCODE project ]</abstract>
      <purpose>Archive and service as National Oceanographic Data Center in Japan.</purpose>
    </descript>
    <timeperd>
      <timeinfo>
        <rngdates>
          <begdate>18510101</begdate>
          <enddate />
        </rngdates>
      </timeinfo>
      <current>Sample Date</current>
    </timeperd>
    <status>
      <progress>In Progress</progress>
      <update>Continually</update>
    </status>
    <spdom>
      <bounding>
        <westbc>20</westbc>
        <eastbc>-70</eastbc>
        <northbc>70</northbc>
        <southbc>-70</southbc>
      </bounding>
    </spdom>
    <keywords>
      <theme>
        <themekt>North Pacific Ecosystem Metadatabase</themekt>
        <themekey>Plankton</themekey>
        <themekey>Biology</themekey>
        <themekey>Microbiology</themekey>
      </theme>
      <theme>
        <themekt>Other</themekt>
        <themekey>North Pacific Ocean</themekey>
      </theme>
    </keywords>
    <accconst>None</accconst>
    <useconst>None</useconst>
    <ptcontac>
      <cntinfo>
        <cntperp>
          <cntper>Odamaki, Minoru</cntper>
        </cntperp>
        <cntaddr>
          <addrtype>Mailing and Physical Address</addrtype>
          <address>5-3-1 Tsukiji, Chuo-ku</address>
          <city>Tokyo</city>
          <state />
          <postal>104-0045</postal>
          <country>Japan</country>
        </cntaddr>
        <cntvoice>81-3-3541-4295</cntvoice>
        <cntfax>81-3-3545-2885</cntfax>
        <cntemail>mail@jodc.go.jp</cntemail>
      </cntinfo>
    </ptcontac>
  </idinfo>
  <distinfo>
    <distrib>
      <cntinfo>
        <cntperp>
          <cntper>Odamaki, Minoru</cntper>
        </cntperp>
        <cntaddr>
          <addrtype>Mailing and Physical Address</addrtype>
          <address>5-3-1 Tsukiji, Chuo-ku</address>
          <city>Tokyo</city>
          <state />
          <postal>104-0045</postal>
          <country>Japan</country>
        </cntaddr>
        <cntvoice>81-3-3541-4295</cntvoice>
        <cntfax>81-3-3545-2885</cntfax>
        <cntemail>mail@jodc.go.jp</cntemail>
      </cntinfo>
    </distrib>
    <distliab>While every effort has been made to ensure that these data are accurate and reliable within the limits of the current state of the art, NOAA cannot assume liability for any damages caused by any errors or omissions in the data, nor as a result of the failure of the data to function on a particular system. NOAA makes no warranty, expressed or implied, nor does the fact of distribution constitute such a warranty.</distliab>
  </distinfo>
  <metainfo>
    <metd>19990813</metd>
    <metc>
      <cntinfo>
        <cntperp>
          <cntper>Kimberly Bahl</cntper>
        </cntperp>
        <cntaddr>
          <addrtype>Mailing and Physical Address</addrtype>
          <address>NOAA / AFSC / PMEL, 7600 Sand Point Way N.E.</address>
          <city>Seattle</city>
          <state>WA</state>
          <postal>98115</postal>
          <country>USA</country>
        </cntaddr>
        <cntvoice>206-526-4314</cntvoice>
        <cntfax>206-526-6485</cntfax>
        <cntemail>kimberly.bahl@noaa.gov</cntemail>
      </cntinfo>
    </metc>
    <metstdn>Content Standards for Digital Geospatial Metadata</metstdn>
    <metstdv>FGDC-STD-001-1998</metstdv>
    <metac>None</metac>
    <metuc>None</metuc>
  </metainfo>
</metadata>
