<metadata>
  <idinfo>
    <citation>
      <citeinfo>
        <origin>University of Washington (UW), Zoology Department</origin>
        <pubdate>Planned</pubdate>
        <title>Blood samples from Bering Sea seabirds.</title>
      </citeinfo>
    </citation>
    <descript>
      <abstract>Will focus on Red-legged Kittiwakes and Black-legged Kittiwakes  using;

1) Correlations among corticosterone levels, reproductive stages and varying foraging conditions.
2) Captive study of the effects of food related stress (raise birds on different nutritional regimes)
3) Laboratory analyses by blood samples taken from the brachial vein of the wing.

An NPMR project</abstract>
      <purpose>Data supporting the NPMR project "Food Stress in Red-legged Kittiwakes (Rissa breuirostris) and Black-legged Kittiwakes (R. Tridactyla)."</purpose>
    </descript>
    <timeperd>
      <timeinfo>
        <rngdates>
          <begdate>19990101</begdate>
          <enddate>20001231</enddate>
        </rngdates>
      </timeinfo>
      <current>Ground Condition</current>
    </timeperd>
    <status>
      <progress>Planned</progress>
      <update>Unknown</update>
    </status>
    <spdom>
      <bounding>
        <westbc>167</westbc>
        <eastbc>-163</eastbc>
        <northbc>67</northbc>
        <southbc>53</southbc>
      </bounding>
    </spdom>
    <keywords>
      <theme>
        <themekt>North Pacific Ecosystem Metadatabase</themekt>
        <themekey>Biology</themekey>
        <themekey>Birds</themekey>
        <themekey>Oceanography</themekey>
      </theme>
      <theme>
        <themekt>Other</themekt>
        <themekey>Bering Sea</themekey>
        <themekey>Bogoslof Island</themekey>
        <themekey>Prey Weight</themekey>
        <themekey>North Pacific Ocean</themekey>
      </theme>
    </keywords>
    <accconst>None</accconst>
    <useconst>None</useconst>
    <ptcontac>
      <cntinfo>
        <cntperp>
          <cntper>Kitaysky, Alexander</cntper>
        </cntperp>
        <cntaddr>
          <addrtype>Mailing and Physical Address</addrtype>
          <address>Box 315800</address>
          <city>Seattle</city>
          <state>WA</state>
          <postal>98020</postal>
          <country>USA</country>
        </cntaddr>
        <cntvoice>206-543-7623</cntvoice>
        <cntfax />
        <cntemail>ffask@uaf.edu</cntemail>
      </cntinfo>
    </ptcontac>
  </idinfo>
  <distinfo>
    <distrib>
      <cntinfo>
        <cntperp>
          <cntper>Kitaysky, Alexander</cntper>
        </cntperp>
        <cntaddr>
          <addrtype>Mailing and Physical Address</addrtype>
          <address>Box 315800</address>
          <city>Seattle</city>
          <state>WA</state>
          <postal>98020</postal>
          <country>USA</country>
        </cntaddr>
        <cntvoice>206-543-7623</cntvoice>
        <cntfax />
        <cntemail>ffask@uaf.edu</cntemail>
      </cntinfo>
    </distrib>
    <distliab>While every effort has been made to ensure that these data are accurate and reliable within the limits of the current state of the art, NOAA cannot assume liability for any damages caused by any errors or omissions in the data, nor as a result of the failure of the data to function on a particular system. NOAA makes no warranty, expressed or implied, nor does the fact of distribution constitute such a warranty.</distliab>
  </distinfo>
  <metainfo>
    <metd>20000502</metd>
    <metc>
      <cntinfo>
        <cntperp>
          <cntper>Kimberly Bahl</cntper>
        </cntperp>
        <cntaddr>
          <addrtype>Mailing and Physical Address</addrtype>
          <address>NOAA / AFSC / PMEL, 7600 Sand Point Way N.E.</address>
          <city>Seattle</city>
          <state>WA</state>
          <postal>98115</postal>
          <country>USA</country>
        </cntaddr>
        <cntvoice>206-526-4314</cntvoice>
        <cntfax>206-526-6485</cntfax>
        <cntemail>kimberly.bahl@noaa.gov</cntemail>
      </cntinfo>
    </metc>
    <metstdn>Content Standards for Digital Geospatial Metadata</metstdn>
    <metstdv>FGDC-STD-001-1998</metstdv>
    <metac>None</metac>
    <metuc>None</metuc>
  </metainfo>
</metadata>
