<metadata>
  <idinfo>
    <citation>
      <citeinfo>
        <origin>National Aeronautics and Space Administration (NASA), Marshall Space Flight Center</origin>
        <pubdate>Unknown</pubdate>
        <title>Calibrated Brightness Temperature from Nimbus-7 SMMR</title>
      </citeinfo>
    </citation>
    <descript>
      <abstract>Contains brightness temperatures that are calibrated with prelaunch test data and are mapped into evenly spaced cells.  Four different cell sizes are used:  156 x 156 km (all ten channels), 97.5 x 97.5 km (all but the dual-polarized 6.6 ghz channels), 60 x 60 km (18-, 21-, and 37-ghz channels), and 30 x 30 km (the dual-polarized 37-ghz channels only).  The incidence and reflected sun-boresight angles, and geographic and quality flags are also given.  All channels show small amounts of drift (2 deg k).  For the vertically-polarized 6.6-ghz channel, the drift is about 3 deg k.  No data are available from the horizontally-polarized 21-ghz channel after March 13, 1985. The Nimbus-7 SMMR provides global coverage approximately every 6 days from 84N to 84S.  The instrument operates on a 50% duty cycle being on every other day. Each tape contains 3 days of brightness temperatures and is derived from the Temperature Antenna Tapes (TAT) which are available from NSSDC (NSSDC ID 78-098A-08A).  The CELL-ALL data set is also available from PCDS. This data set is used to generate other data sets which contain sea surface temperature, wind speeds, sea ice concentration, water vapor, and other parameters.</abstract>
      <purpose>To archive callibrated brightness temperature from Nimbus-7 SMMR.</purpose>
    </descript>
    <timeperd>
      <timeinfo>
        <rngdates>
          <begdate>19780101</begdate>
          <enddate>19981231</enddate>
        </rngdates>
      </timeinfo>
      <current>Ground Condition</current>
    </timeperd>
    <status>
      <progress>Complete</progress>
      <update>Unknown</update>
    </status>
    <spdom>
      <bounding>
        <westbc>-180</westbc>
        <eastbc>180</eastbc>
        <northbc>84</northbc>
        <southbc>54</southbc>
      </bounding>
    </spdom>
    <keywords>
      <theme>
        <themekt>North Pacific Ecosystem Metadatabase</themekt>
        <themekey>Ice Physics</themekey>
      </theme>
      <theme>
        <themekt>Other</themekt>
        <themekey>Arctic</themekey>
        <themekey>Satellite</themekey>
        <themekey>Temperature</themekey>
        <themekey>North Pacific Ocean</themekey>
      </theme>
    </keywords>
    <accconst>See User's Guide for Nimbus-7 Scanning Multichannel
Microwave</accconst>
    <useconst>None</useconst>
    <ptcontac>
      <cntinfo>
        <cntperp>
          <cntper>Daesoo, Han</cntper>
        </cntperp>
        <cntaddr>
          <addrtype>Mailing and Physical Address</addrtype>
          <address>NASA Goddard Space Flight Center Code 636</address>
          <city>Greenbelt</city>
          <state>MD</state>
          <postal>20771</postal>
          <country>USA</country>
        </cntaddr>
        <cntvoice>301-286-2560</cntvoice>
        <cntfax />
        <cntemail>han@trmm.gsfc.nasa.gov</cntemail>
      </cntinfo>
    </ptcontac>
  </idinfo>
  <distinfo>
    <distrib>
      <cntinfo>
        <cntperp>
          <cntper>Daesoo, Han</cntper>
        </cntperp>
        <cntaddr>
          <addrtype>Mailing and Physical Address</addrtype>
          <address>NASA Goddard Space Flight Center Code 636</address>
          <city>Greenbelt</city>
          <state>MD</state>
          <postal>20771</postal>
          <country>USA</country>
        </cntaddr>
        <cntvoice>301-286-2560</cntvoice>
        <cntfax />
        <cntemail>han@trmm.gsfc.nasa.gov</cntemail>
      </cntinfo>
    </distrib>
    <distliab>While every effort has been made to ensure that these data are accurate and reliable within the limits of the current state of the art, NOAA cannot assume liability for any damages caused by any errors or omissions in the data, nor as a result of the failure of the data to function on a particular system. NOAA makes no warranty, expressed or implied, nor does the fact of distribution constitute such a warranty.</distliab>
  </distinfo>
  <metainfo>
    <metd>19980729</metd>
    <metc>
      <cntinfo>
        <cntperp>
          <cntper>Kimberly Bahl</cntper>
        </cntperp>
        <cntaddr>
          <addrtype>Mailing and Physical Address</addrtype>
          <address>NOAA / AFSC / PMEL, 7600 Sand Point Way N.E.</address>
          <city>Seattle</city>
          <state>WA</state>
          <postal>98115</postal>
          <country>USA</country>
        </cntaddr>
        <cntvoice>206-526-4314</cntvoice>
        <cntfax>206-526-6485</cntfax>
        <cntemail>kimberly.bahl@noaa.gov</cntemail>
      </cntinfo>
    </metc>
    <metstdn>Content Standards for Digital Geospatial Metadata</metstdn>
    <metstdv>FGDC-STD-001-1998</metstdv>
    <metac>See User's Guide for Nimbus-7 Scanning Multichannel
Microwave</metac>
    <metuc>None</metuc>
  </metainfo>
</metadata>
