<metadata>
  <idinfo>
    <citation>
      <citeinfo>
        <origin>Pacific Fisheries Research Center (TINRO-Center)</origin>
        <pubdate>Unknown</pubdate>
        <title>T&amp;S profiles - NW Pacific, Bering, Okhotsk (Russia)</title>
      </citeinfo>
    </citation>
    <descript>
      <abstract>Standard transects at various locations in the NW Pacific. Bering Sea and Sea of Okhotsk.

Geographical Area:
NW Pacific, Sea of Okhotsk and Bering Sea

Distributions of observations by year/by month available from PICES office, as well as details on the location of the sections. Some of these data may be included in the World Ocean Atlas 1994

A TCODE project</abstract>
      <purpose />
    </descript>
    <timeperd>
      <timeinfo>
        <rngdates>
          <begdate>19520101</begdate>
          <enddate />
        </rngdates>
      </timeinfo>
      <current>Sample Date</current>
    </timeperd>
    <status>
      <progress>In Progress</progress>
      <update>Continually</update>
    </status>
    <spdom>
      <bounding>
        <westbc>163</westbc>
        <eastbc>-157</eastbc>
        <northbc>65.5</northbc>
        <southbc>52</southbc>
      </bounding>
    </spdom>
    <keywords>
      <theme>
        <themekt>Other</themekt>
        <themekey>Temperature</themekey>
        <themekey>Salinity</themekey>
        <themekey>North Pacific Ocean</themekey>
      </theme>
    </keywords>
    <accconst>Contact custodian or PICES Secretariat for inventory information</accconst>
    <useconst>None</useconst>
    <ptcontac>
      <cntinfo>
        <cntperp>
          <cntper>Bocharov, Lev</cntper>
        </cntperp>
        <cntaddr>
          <addrtype>Mailing and Physical Address</addrtype>
          <address>4 Shevchenko Alley</address>
          <city>Vladivostok</city>
          <state>Primorye Region</state>
          <postal>690600</postal>
          <country>Russia</country>
        </cntaddr>
        <cntvoice />
        <cntfax>7-4232-257-783</cntfax>
        <cntemail>root@tinro.marine.su</cntemail>
      </cntinfo>
    </ptcontac>
  </idinfo>
  <distinfo>
    <distrib>
      <cntinfo>
        <cntperp>
          <cntper>Bocharov, Lev</cntper>
        </cntperp>
        <cntaddr>
          <addrtype>Mailing and Physical Address</addrtype>
          <address>4 Shevchenko Alley</address>
          <city>Vladivostok</city>
          <state>Primorye Region</state>
          <postal>690600</postal>
          <country>Russia</country>
        </cntaddr>
        <cntvoice />
        <cntfax>7-4232-257-783</cntfax>
        <cntemail>root@tinro.marine.su</cntemail>
      </cntinfo>
    </distrib>
    <distliab>While every effort has been made to ensure that these data are accurate and reliable within the limits of the current state of the art, NOAA cannot assume liability for any damages caused by any errors or omissions in the data, nor as a result of the failure of the data to function on a particular system. NOAA makes no warranty, expressed or implied, nor does the fact of distribution constitute such a warranty.</distliab>
  </distinfo>
  <metainfo>
    <metd>19990720</metd>
    <metc>
      <cntinfo>
        <cntperp>
          <cntper>Kimberly Bahl</cntper>
        </cntperp>
        <cntaddr>
          <addrtype>Mailing and Physical Address</addrtype>
          <address>NOAA / AFSC / PMEL, 7600 Sand Point Way N.E.</address>
          <city>Seattle</city>
          <state>WA</state>
          <postal>98115</postal>
          <country>USA</country>
        </cntaddr>
        <cntvoice>206-526-4314</cntvoice>
        <cntfax>206-526-6485</cntfax>
        <cntemail>kimberly.bahl@noaa.gov</cntemail>
      </cntinfo>
    </metc>
    <metstdn>Content Standards for Digital Geospatial Metadata</metstdn>
    <metstdv>FGDC-STD-001-1998</metstdv>
    <metac>Contact custodian or PICES Secretariat for inventory information</metac>
    <metuc>None</metuc>
  </metainfo>
</metadata>
