<metadata>
  <idinfo>
    <citation>
      <citeinfo>
        <origin>
          Patricia Livingston, compiler
          <br />
          Alaska Fisheries Science Center (AFSC), National Marine Fisheries Service (NMFS), National Oceanic and Atmospheric Administration (NOAA)
        </origin>
        <pubdate>Unknown</pubdate>
        <title>Predator-Prey Data</title>
      </citeinfo>
    </citation>
    <descript>
      <abstract>Japanese marine predator-prey data, with location of selected commercial species.</abstract>
      <purpose>Determine feeding habits of selected commercial fish species of the Bering Sea</purpose>
    </descript>
    <timeperd>
      <timeinfo>
        <rngdates>
          <begdate>19700131</begdate>
          <enddate>19851130</enddate>
        </rngdates>
      </timeinfo>
      <current>Sample Date</current>
    </timeperd>
    <status>
      <progress>Complete</progress>
      <update>None Planned</update>
    </status>
    <spdom>
      <bounding>
        <westbc>-180</westbc>
        <eastbc>-152</eastbc>
        <northbc>64</northbc>
        <southbc>54</southbc>
      </bounding>
    </spdom>
    <keywords>
      <theme>
        <themekt>North Pacific Ecosystem Metadatabase</themekt>
        <themekey>Biology</themekey>
        <themekey>Fish</themekey>
      </theme>
      <theme>
        <themekt>Other</themekt>
        <themekey>Biological Data</themekey>
        <themekey>Bering Sea</themekey>
        <themekey>North Pacific Ocean</themekey>
      </theme>
    </keywords>
    <accconst>Contact Pat Livingston for more information.</accconst>
    <useconst>Contact Pat Livingston for more information.</useconst>
    <ptcontac>
      <cntinfo>
        <cntperp>
          <cntper>Livingston, Patricia A.</cntper>
        </cntperp>
        <cntaddr>
          <addrtype>Mailing and Physical Address</addrtype>
          <address>7600 Sand Point Way N.E.</address>
          <city>Seattle</city>
          <state>WA</state>
          <postal>98115</postal>
          <country>USA</country>
        </cntaddr>
        <cntvoice>206-526-4242</cntvoice>
        <cntfax>206-526-6723</cntfax>
        <cntemail>pat.livingston@noaa.gov</cntemail>
      </cntinfo>
    </ptcontac>
  </idinfo>
  <distinfo>
    <distrib>
      <cntinfo>
        <cntperp>
          <cntper>Livingston, Patricia A.</cntper>
        </cntperp>
        <cntaddr>
          <addrtype>Mailing and Physical Address</addrtype>
          <address>7600 Sand Point Way N.E.</address>
          <city>Seattle</city>
          <state>WA</state>
          <postal>98115</postal>
          <country>USA</country>
        </cntaddr>
        <cntvoice>206-526-4242</cntvoice>
        <cntfax>206-526-6723</cntfax>
        <cntemail>pat.livingston@noaa.gov</cntemail>
      </cntinfo>
    </distrib>
    <distliab>While every effort has been made to ensure that these data are accurate and reliable within the limits of the current state of the art, NOAA cannot assume liability for any damages caused by any errors or omissions in the data, nor as a result of the failure of the data to function on a particular system. NOAA makes no warranty, expressed or implied, nor does the fact of distribution constitute such a warranty.</distliab>
  </distinfo>
  <metainfo>
    <metd>19970802</metd>
    <metc>
      <cntinfo>
        <cntperp>
          <cntper>Kimberly Bahl</cntper>
        </cntperp>
        <cntaddr>
          <addrtype>Mailing and Physical Address</addrtype>
          <address>NOAA / AFSC / PMEL, 7600 Sand Point Way N.E.</address>
          <city>Seattle</city>
          <state>WA</state>
          <postal>98115</postal>
          <country>USA</country>
        </cntaddr>
        <cntvoice>206-526-4314</cntvoice>
        <cntfax>206-526-6485</cntfax>
        <cntemail>kimberly.bahl@noaa.gov</cntemail>
      </cntinfo>
    </metc>
    <metstdn>Content Standards for Digital Geospatial Metadata</metstdn>
    <metstdv>FGDC-STD-001-1998</metstdv>
    <metac>Contact Pat Livingston for more information.</metac>
    <metuc>Contact Pat Livingston for more information.</metuc>
  </metainfo>
</metadata>
