<metadata>
  <idinfo>
    <citation>
      <citeinfo>
        <origin>National Oceanic and Atmospheric Administration (NOAA), Office of Oceanic and Atmospheric Research (OAR), Pacific Marine Environmental Laboratory (PMEL), Vents Program</origin>
        <pubdate>Unknown</pubdate>
        <title>Moored Autonomous Hydrophone Array Data from the Gulf of Alaska at 57°N and 151°W (PMEL Vents)</title>
      </citeinfo>
    </citation>
    <descript>
      <abstract>Hydrophone data can be obtained by time range, original position/time, and 1-day files via ftp.  An autonomous hydrophone was deployed and collection of data files began May 2000.</abstract>
      <purpose>To monitor the global ocean through underwater acoustics.</purpose>
    </descript>
    <timeperd>
      <timeinfo>
        <rngdates>
          <begdate>20000501</begdate>
          <enddate />
        </rngdates>
      </timeinfo>
      <current>Sample Date</current>
    </timeperd>
    <status>
      <progress>In Progress</progress>
      <update>Unknown</update>
    </status>
    <spdom>
      <bounding>
        <westbc>-151</westbc>
        <eastbc>-151</eastbc>
        <northbc>57</northbc>
        <southbc>57</southbc>
      </bounding>
    </spdom>
    <keywords>
      <theme>
        <themekt>Other</themekt>
        <themekey>Hydrophone</themekey>
        <themekey>Gulf of Alaska</themekey>
        <themekey>North Pacific Ocean</themekey>
      </theme>
    </keywords>
    <accconst>None</accconst>
    <useconst>None</useconst>
    <ptcontac>
      <cntinfo>
        <cntperp>
          <cntper>Dziak, Robert P.</cntper>
        </cntperp>
        <cntaddr>
          <addrtype>Mailing and Physical Address</addrtype>
          <address>
            Hatfield Marine Science Center
            <br />
            2030 S. Marine Science Drive
          </address>
          <city>Newport</city>
          <state>OR</state>
          <postal>97365-5296</postal>
          <country>USA</country>
        </cntaddr>
        <cntvoice>541-867-0175</cntvoice>
        <cntfax>541-867-3907</cntfax>
        <cntemail>Robert.P.Dziak@noaa.gov</cntemail>
      </cntinfo>
    </ptcontac>
  </idinfo>
  <distinfo>
    <distrib>
      <cntinfo>
        <cntperp>
          <cntper>Dziak, Robert P.</cntper>
        </cntperp>
        <cntaddr>
          <addrtype>Mailing and Physical Address</addrtype>
          <address>
            Hatfield Marine Science Center
            <br />
            2030 S. Marine Science Drive
          </address>
          <city>Newport</city>
          <state>OR</state>
          <postal>97365-5296</postal>
          <country>USA</country>
        </cntaddr>
        <cntvoice>541-867-0175</cntvoice>
        <cntfax>541-867-3907</cntfax>
        <cntemail>Robert.P.Dziak@noaa.gov</cntemail>
      </cntinfo>
    </distrib>
    <distliab>While every effort has been made to ensure that these data are accurate and reliable within the limits of the current state of the art, NOAA cannot assume liability for any damages caused by any errors or omissions in the data, nor as a result of the failure of the data to function on a particular system. NOAA makes no warranty, expressed or implied, nor does the fact of distribution constitute such a warranty.</distliab>
  </distinfo>
  <metainfo>
    <metd>20041208</metd>
    <metc>
      <cntinfo>
        <cntperp>
          <cntper>Kimberly Bahl</cntper>
        </cntperp>
        <cntaddr>
          <addrtype>Mailing and Physical Address</addrtype>
          <address>NOAA / AFSC / PMEL, 7600 Sand Point Way N.E.</address>
          <city>Seattle</city>
          <state>WA</state>
          <postal>98115</postal>
          <country>USA</country>
        </cntaddr>
        <cntvoice>206-526-4314</cntvoice>
        <cntfax>206-526-6485</cntfax>
        <cntemail>kimberly.bahl@noaa.gov</cntemail>
      </cntinfo>
    </metc>
    <metstdn>Content Standards for Digital Geospatial Metadata</metstdn>
    <metstdv>FGDC-STD-001-1998</metstdv>
    <metac>None</metac>
    <metuc>None</metuc>
  </metainfo>
</metadata>
