<metadata>
  <idinfo>
    <citation>
      <citeinfo>
        <origin>Fisheries and Oceans Canada, Science Branch - Data Analyst</origin>
        <pubdate>Unknown</pubdate>
        <title>Salmonid Enhancement Program (Canada)</title>
      </citeinfo>
    </citation>
    <descript>
      <abstract>Parameter
Biological data sampled from adult and jack hatchery reared salmonids

Measurement Details
Data collected are site and species dependant, but include lengths, sex, weight, age, coded wire tags, adipose fin clips, scales and otoliths.

Coastal British Columbia

[ A TCODE project ]</abstract>
      <purpose />
    </descript>
    <timeperd>
      <timeinfo>
        <rngdates>
          <begdate>19760101</begdate>
          <enddate>19991231</enddate>
        </rngdates>
      </timeinfo>
      <current>Sample Date</current>
    </timeperd>
    <status>
      <progress>Complete</progress>
      <update>As Needed</update>
    </status>
    <spdom>
      <bounding>
        <westbc>165</westbc>
        <eastbc>-165</eastbc>
        <northbc>67</northbc>
        <southbc>52</southbc>
      </bounding>
    </spdom>
    <keywords>
      <theme>
        <themekt>North Pacific Ecosystem Metadatabase</themekt>
        <themekey>Fish</themekey>
      </theme>
      <theme>
        <themekt>Other</themekt>
        <themekey>Acoustic Doppler Current Profiler (ADCP)</themekey>
        <themekey>Biological Data</themekey>
        <themekey>North Pacific Ocean</themekey>
      </theme>
    </keywords>
    <accconst>Contact custodian</accconst>
    <useconst>None</useconst>
    <ptcontac>
      <cntinfo>
        <cntperp>
          <cntper>Kling, A.</cntper>
        </cntperp>
        <cntaddr>
          <addrtype>Mailing and Physical Address</addrtype>
          <address>400 - 555 W. Hastings St.</address>
          <city>Vancouver</city>
          <state>BC</state>
          <postal>V6B 5G3</postal>
          <country>Canada</country>
        </cntaddr>
        <cntvoice />
        <cntfax />
        <cntemail>klinga@mailhost.pac.dfo.ca</cntemail>
      </cntinfo>
    </ptcontac>
  </idinfo>
  <distinfo>
    <distrib>
      <cntinfo>
        <cntperp>
          <cntper>Kling, A.</cntper>
        </cntperp>
        <cntaddr>
          <addrtype>Mailing and Physical Address</addrtype>
          <address>400 - 555 W. Hastings St.</address>
          <city>Vancouver</city>
          <state>BC</state>
          <postal>V6B 5G3</postal>
          <country>Canada</country>
        </cntaddr>
        <cntvoice />
        <cntfax />
        <cntemail>klinga@mailhost.pac.dfo.ca</cntemail>
      </cntinfo>
    </distrib>
    <distliab>While every effort has been made to ensure that these data are accurate and reliable within the limits of the current state of the art, NOAA cannot assume liability for any damages caused by any errors or omissions in the data, nor as a result of the failure of the data to function on a particular system. NOAA makes no warranty, expressed or implied, nor does the fact of distribution constitute such a warranty.</distliab>
  </distinfo>
  <metainfo>
    <metd>19990811</metd>
    <metc>
      <cntinfo>
        <cntperp>
          <cntper>Kimberly Bahl</cntper>
        </cntperp>
        <cntaddr>
          <addrtype>Mailing and Physical Address</addrtype>
          <address>NOAA / AFSC / PMEL, 7600 Sand Point Way N.E.</address>
          <city>Seattle</city>
          <state>WA</state>
          <postal>98115</postal>
          <country>USA</country>
        </cntaddr>
        <cntvoice>206-526-4314</cntvoice>
        <cntfax>206-526-6485</cntfax>
        <cntemail>kimberly.bahl@noaa.gov</cntemail>
      </cntinfo>
    </metc>
    <metstdn>Content Standards for Digital Geospatial Metadata</metstdn>
    <metstdv>FGDC-STD-001-1998</metstdv>
    <metac>Contact custodian</metac>
    <metuc>None</metuc>
  </metainfo>
</metadata>
