<metadata>
  <idinfo>
    <citation>
      <citeinfo>
        <origin>Fisheries and Oceans Canada - Ocean Science And Productivity, Pacific</origin>
        <pubdate>Unpublished material</pubdate>
        <title>Paleooceanography of Effingham Inlet, 1999</title>
      </citeinfo>
    </citation>
    <descript>
      <abstract>NSERC-funded interdisciplinary study of ancient waters in Effingham Inlet.</abstract>
      <purpose>Paleooceanography of the ancient waters retained in Effingham inlet. Studying the history of pelagic fish since the last ice age.</purpose>
      <supplinf>Risk Justification: Data are in electronic format, well backed up and well documented.
Risk of Loss: Low
Impact Justification: Data of a particularly unique or valuable nature
Impact of Loss: High
Recommended Action: None</supplinf>
    </descript>
    <timeperd>
      <timeinfo>
        <sngdate>
          <caldate>1999</caldate>
        </sngdate>
      </timeinfo>
      <current>ground condition</current>
    </timeperd>
    <status>
      <progress>Complete</progress>
      <update>None planned</update>
    </status>
    <spdom>
      <bounding>
        <westbc>-125</westbc>
        <eastbc>-124.75</eastbc>
        <northbc>49.25</northbc>
        <southbc>48.75</southbc>
      </bounding>
    </spdom>
    <keywords>
      <theme>
        <themekt>NASA/GCMD Earth Science Keywords</themekt>
        <themekey>Earth Science</themekey>
        <themekey>Paleoclimate</themekey>
        <themekey>Ocean/Lake Records</themekey>
        <themekey>Earth Science</themekey>
        <themekey>Biological Classification</themekey>
        <themekey>Animals/Vertebrates</themekey>
        <themekey>Fish</themekey>
      </theme>
      <theme>
        <themekt>ISO 19115 Topic Category</themekt>
        <themekey>oceans</themekey>
      </theme>
      <place>
        <placekt>DFO Areas</placekt>
        <placekey>North Pacific Ocean</placekey>
        <placekey>South Outer Coast (West Coast VI)</placekey>
      </place>
    </keywords>
    <accconst>Private</accconst>
    <useconst>Collaborative data with other institutions</useconst>
    <ptcontac>
      <cntinfo>
        <cntperp>
          <cntper>Rick Thomson</cntper>
          <cntorg>Ocean Science and Productivity</cntorg>
        </cntperp>
        <cntaddr>
          <addrtype>mailing and physical</addrtype>
          <address>Institute of Ocean Sciences, P.O. Box 6000, 9860 West Saanich Road</address>
          <city>Sidney</city>
          <state>British Columbia</state>
          <postal>V8L 4B2</postal>
          <country>Canada</country>
        </cntaddr>
        <cntvoice>(250) 363-6555</cntvoice>
        <cntfax>(250) 363-6476</cntfax>
        <cntemail>thomsonr@pac.dfo-mpo.gc.ca</cntemail>
      </cntinfo>
    </ptcontac>
    <native>Expected Growth Rate: Null</native>
  </idinfo>
  <dataqual>
    <logic>CTD data processed using normal IOS processing procedures. Normal standardization of CTD instruments at IOS.</logic>
    <complete>Dataset Complications: The accuracy of the CTD data may vary depending on the instruments used and whether collaborating data were collected for intercomparison purposes.  Guildline CTDs are standardized at IOS; Sea-Bird CTD`s are calibrated at Sea-Bird Electronics in Bellevue, Washington.</complete>
    <lineage>
      <procstep>
        <procdesc>DFO, Carleton University, University of Victoria, University of British Columbia, NOAA, Pacific Geoscience Center (Nat. Resources)</procdesc>
        <procdate>1999</procdate>
      </procstep>
    </lineage>
  </dataqual>
  <distinfo>
    <distrib>
      <cntinfo>
        <cntperp>
          <cntper>Joseph Linguanti</cntper>
          <cntorg>Ocean Science and Productivity</cntorg>
        </cntperp>
        <cntaddr>
          <addrtype>mailing and physical</addrtype>
          <address>Institute of Ocean Sciences, P.O. Box 6000, 9860 West Saanich Road</address>
          <city>Sidney</city>
          <state>British Columbia</state>
          <postal>V8L 4B2</postal>
          <country>Canada</country>
        </cntaddr>
        <cntvoice>(250)363-6586</cntvoice>
        <cntfax>(250) 363-6746</cntfax>
        <cntemail>linguantij@pac.dfo-mpo.gc.ca</cntemail>
      </cntinfo>
    </distrib>
    <resdesc>PAC-OSAP-239-7158</resdesc>
    <distliab>[unknown]</distliab>
    <stdorder>
      <nondig>Hardcopy Original Exists: Y
Hardcopy Locations: Joseph Linguanti, Rm 1246, IOS
Hardcopy Description: Various log books, data reports, cruise reports, and data sheets.
Hardcopy Volume: Several hundred (entire archive)
H</nondig>
      <fees>Ask Custodian</fees>
      <ordering>Carleton University:</ordering>
    </stdorder>
    <stdorder>
      <digform>
        <digtinfo>
          <formname>ASCII/ IOS header format</formname>
          <formcont>IOS Header and IOSLIB libraries</formcont>
        </digtinfo>
        <digtopt>
          <offoptn>
            <offmedia>VMS Network hard drives</offmedia>
            <recfmt>unknown</recfmt>
          </offoptn>
        </digtopt>
      </digform>
      <fees>Ask Custodian</fees>
      <ordering>Electronic Data Doc Locations: Header information in each file and additional processing notes in data directory
Dataset Locations: DATA_LIBRARY:</ordering>
    </stdorder>
    <techpreq>Backup by Custodian: Y
Backup by Automation: Y
Backup Description: VMS backup on DLT tapes</techpreq>
  </distinfo>
  <metainfo>
    <metd>20080205</metd>
    <metc>
      <cntinfo>
        <cntorgp>
          <cntorg>Fisheries and Oceans Canada
Canadian Hydrographic Service</cntorg>
          <cntper>Chelsea Stanley and Matt McCormick</cntper>
        </cntorgp>
        <cntaddr>
          <addrtype>mailing</addrtype>
          <address>Institute of Ocean Sciences
P.O. Box 6000
9860 West Saanich Road</address>
          <city>Sidney</city>
          <state>British Columbia</state>
          <postal>V8L 4B2</postal>
          <country>Canada</country>
        </cntaddr>
        <cntvoice>(250) 363-6358</cntvoice>
        <cntfax>(250) 363-6823</cntfax>
        <cntemail>ChartSales@pac.dfo-mpo.gc.ca</cntemail>
        <hours>M-F, 08:30-16:30 Pacific Time</hours>
      </cntinfo>
    </metc>
    <metstdn>FGDC Content Standard for Digital Geospatial Metadata</metstdn>
    <metstdv>FGDC-STD-1998-1</metstdv>
  </metainfo>
</metadata>
