<metadata>
  <idinfo>
    <citation>
      <citeinfo>
        <origin>FORUT (Campaign for Development and Solidarity)</origin>
        <pubdate>Unknown</pubdate>
        <title>Tromso Arctic Surveillance</title>
      </citeinfo>
    </citation>
    <descript>
      <abstract>Contains digital satellite data from the satellites NOAA, Landsat 1-5, and SPOT.  The ground truth data/field data are vegetation (reliefs) data, geomorphology, air pollution impact data (long transported/locally), and sea temperature.  Atmospheric physics data are ozone data (satellite and ground measurements).  Also included are Synthetic Aperture Radar (SAR) data (aircraft, buoys).</abstract>
      <purpose>This data base is now under development and will probably be linked to the United Nations Environmental Program - Global Resource Information Data Base in Arendal, Norway.  The date base will also play a role in the Norwegian part of the Arctic
Monitoring Program (AMP).</purpose>
    </descript>
    <timeperd>
      <timeinfo>
        <rngdates>
          <begdate>19720101</begdate>
          <enddate>19981231</enddate>
        </rngdates>
      </timeinfo>
      <current>Ground Condition</current>
    </timeperd>
    <status>
      <progress>Complete</progress>
      <update>Unknown</update>
    </status>
    <spdom>
      <bounding>
        <westbc>150</westbc>
        <eastbc>-160</eastbc>
        <northbc>75</northbc>
        <southbc>40</southbc>
      </bounding>
    </spdom>
    <keywords>
      <theme>
        <themekt>Other</themekt>
        <themekey>Arctic</themekey>
        <themekey>Norton Sound</themekey>
        <themekey>Ocean Engineering</themekey>
        <themekey>Oxygen</themekey>
        <themekey>Pollock Industry</themekey>
        <themekey>Russia</themekey>
        <themekey>North Pacific Ocean</themekey>
      </theme>
    </keywords>
    <accconst>None</accconst>
    <useconst>None</useconst>
    <ptcontac>
      <cntinfo>
        <cntperp>
          <cntper>Tommervik, Hans A.</cntper>
        </cntperp>
        <cntaddr>
          <addrtype>Mailing and Physical Address</addrtype>
          <address>P.O. Box 2806</address>
          <city>Tromso</city>
          <state />
          <postal>N-9001</postal>
          <country>Norway</country>
        </cntaddr>
        <cntvoice>478-358-622</cntvoice>
        <cntfax />
        <cntemail>forut@forut.no</cntemail>
      </cntinfo>
    </ptcontac>
  </idinfo>
  <distinfo>
    <distrib>
      <cntinfo>
        <cntperp>
          <cntper>Tommervik, Hans A.</cntper>
        </cntperp>
        <cntaddr>
          <addrtype>Mailing and Physical Address</addrtype>
          <address>P.O. Box 2806</address>
          <city>Tromso</city>
          <state />
          <postal>N-9001</postal>
          <country>Norway</country>
        </cntaddr>
        <cntvoice>478-358-622</cntvoice>
        <cntfax />
        <cntemail>forut@forut.no</cntemail>
      </cntinfo>
    </distrib>
    <distliab>While every effort has been made to ensure that these data are accurate and reliable within the limits of the current state of the art, NOAA cannot assume liability for any damages caused by any errors or omissions in the data, nor as a result of the failure of the data to function on a particular system. NOAA makes no warranty, expressed or implied, nor does the fact of distribution constitute such a warranty.</distliab>
  </distinfo>
  <metainfo>
    <metd>19980803</metd>
    <metc>
      <cntinfo>
        <cntperp>
          <cntper>Kimberly Bahl</cntper>
        </cntperp>
        <cntaddr>
          <addrtype>Mailing and Physical Address</addrtype>
          <address>NOAA / AFSC / PMEL, 7600 Sand Point Way N.E.</address>
          <city>Seattle</city>
          <state>WA</state>
          <postal>98115</postal>
          <country>USA</country>
        </cntaddr>
        <cntvoice>206-526-4314</cntvoice>
        <cntfax>206-526-6485</cntfax>
        <cntemail>kimberly.bahl@noaa.gov</cntemail>
      </cntinfo>
    </metc>
    <metstdn>Content Standards for Digital Geospatial Metadata</metstdn>
    <metstdv>FGDC-STD-001-1998</metstdv>
    <metac>None</metac>
    <metuc>None</metuc>
  </metainfo>
</metadata>
