<metadata>
  <idinfo>
    <citation>
      <citeinfo>
        <origin>Hokkaido University</origin>
        <pubdate>195911</pubdate>
        <title>Oshoro Maru cruise 42 to the Bering Sea in May - July 1953</title>
      </citeinfo>
    </citation>
    <descript>
      <abstract>Meteorological observations: every three-hours-interval, coving the whole course measurement of surface temperature, every hour-interval, covering the whole course Hydrographics cast.  At 22 stations, covering depths from the surface to usually 1500m.  Cast to 0.10, 20, 30, 50, 75, 100, 150, 200, 300, 400, 500, 600, 800, 1000, 1200 and 1500m, in length of wire paid out.  In deep cast each Nansen bottle carried out two protected thermometers and an unprotected thermometer.  At 22 stations and also each two stations between two successive stations of them, temperature and current measurement were carried with BT and GEK.
Also included Analyses of water samples, Radio-activity of sea water, Plankton sampling, Fish larvae tow, salmon gill-net operation, measurement of biological characters on fish caught by salmon gill-net fishing, measurement of light absorption of sea water in situ and measurement of total radioactivity of sea water.</abstract>
      <purpose>Purpose is to record of oceanographic observation &amp; exploratory fishing -  No.3, in November 1959</purpose>
    </descript>
    <timeperd>
      <timeinfo>
        <sngdate>
          <caldate>19591101</caldate>
        </sngdate>
      </timeinfo>
      <current>Sample Date</current>
    </timeperd>
    <status>
      <progress>Complete</progress>
      <update>None Planned</update>
    </status>
    <spdom>
      <bounding>
        <westbc>167</westbc>
        <eastbc>-165</eastbc>
        <northbc>67</northbc>
        <southbc>54</southbc>
      </bounding>
    </spdom>
    <keywords>
      <theme>
        <themekt>North Pacific Ecosystem Metadatabase</themekt>
        <themekey>Plankton</themekey>
        <themekey>Fish</themekey>
        <themekey>Oceanography</themekey>
        <themekey>Meteorology</themekey>
      </theme>
      <theme>
        <themekt>Other</themekt>
        <themekey>Waves</themekey>
        <themekey>North Pacific Ocean</themekey>
      </theme>
    </keywords>
    <accconst>None</accconst>
    <useconst>None</useconst>
    <ptcontac>
      <cntinfo>
        <cntperp>
          <cntper>Koto, H.</cntper>
        </cntperp>
        <cntaddr>
          <addrtype>Mailing and Physical Address</addrtype>
          <address>3-1-1 Minato-cho</address>
          <city>Hakodate</city>
          <state>Hokkaido</state>
          <postal>041</postal>
          <country>Japan</country>
        </cntaddr>
        <cntvoice>0138-40-5501</cntvoice>
        <cntfax>0138-43-5015</cntfax>
        <cntemail>bureau@hokudai.ac.jp</cntemail>
      </cntinfo>
    </ptcontac>
  </idinfo>
  <distinfo>
    <distrib>
      <cntinfo>
        <cntperp>
          <cntper>Koto, H.</cntper>
        </cntperp>
        <cntaddr>
          <addrtype>Mailing and Physical Address</addrtype>
          <address>3-1-1 Minato-cho</address>
          <city>Hakodate</city>
          <state>Hokkaido</state>
          <postal>041</postal>
          <country>Japan</country>
        </cntaddr>
        <cntvoice>0138-40-5501</cntvoice>
        <cntfax>0138-43-5015</cntfax>
        <cntemail>bureau@hokudai.ac.jp</cntemail>
      </cntinfo>
    </distrib>
    <distliab>While every effort has been made to ensure that these data are accurate and reliable within the limits of the current state of the art, NOAA cannot assume liability for any damages caused by any errors or omissions in the data, nor as a result of the failure of the data to function on a particular system. NOAA makes no warranty, expressed or implied, nor does the fact of distribution constitute such a warranty.</distliab>
  </distinfo>
  <metainfo>
    <metd>20001013</metd>
    <metc>
      <cntinfo>
        <cntperp>
          <cntper>Kimberly Bahl</cntper>
        </cntperp>
        <cntaddr>
          <addrtype>Mailing and Physical Address</addrtype>
          <address>NOAA / AFSC / PMEL, 7600 Sand Point Way N.E.</address>
          <city>Seattle</city>
          <state>WA</state>
          <postal>98115</postal>
          <country>USA</country>
        </cntaddr>
        <cntvoice>206-526-4314</cntvoice>
        <cntfax>206-526-6485</cntfax>
        <cntemail>kimberly.bahl@noaa.gov</cntemail>
      </cntinfo>
    </metc>
    <metstdn>Content Standards for Digital Geospatial Metadata</metstdn>
    <metstdv>FGDC-STD-001-1998</metstdv>
    <metac>None</metac>
    <metuc>None</metuc>
  </metainfo>
</metadata>
