<metadata>
  <idinfo>
    <citation>
      <citeinfo>
        <origin>National Oceanic and Atmospheric Administration (NOAA), Office of Oceanic and Atmospheric Research (OAR), Pacific Marine Environmental Laboratory (PMEL)</origin>
        <pubdate>1998</pubdate>
        <title>Variability of CO2 Distributions and Sea-air Fluxes in the Central and Eastern Equatorial Pacific during the 1991--1994 El Ni￱o</title>
      </citeinfo>
    </citation>
    <descript>
      <abstract>As part of the U.S. JGOFS Program and the NOAA Ocean-Atmosphere Carbon Exchange Study (OACES), measurements of CO partial pressure were made in
the atmosphere and in the surface waters of the central and eastern equatorial Pacific during the boreal spring and autumn of 1992, the spring of 1993, and the
spring and autumn of 1994. Surface-water pCO data indicate significant diurnal, seasonal, and interannual variations. The largest variations were associated with the
1991-1994 ENSO event, which reached maximum intensity in the spring of 1992. The lower values of surface water pCO observed during the 1991-1994
ENSO period were the result of the combined effects of both remotely and locally forced physical processes. The warm pool, which reached a maximum eastward
extent in January-February of 1992, began in September of 1991 as a series of westerly wind events lasting about 30 days. Each wind event initiated an
eastward-propagating Kelvin wave which caused a deepening of the thermocline. By the end of January 1992 the thermocline was at its maximum depth, so that the
upwelled water was warm and CO-depleted. In April of the same year, the local winds were weaker than normal, and the upwelling was from shallow depths.
These changes resulted in a lower-than-normal CO flux to the atmosphere. The results show that for the one-year period from the fall of 1991 until the fall of 1992,
approximately 0.3 GtC were released to the atmosphere; 0.6 GtC were released in 1993, and 0.7 GtC in 1994, in good agreement with the model results of Ciais
et al. [Science, 269, 1098-1102; J. Geophys. Res., 100, 5051-5070]. The net reduction of the ocean-atmosphere CO flux during the 1991-1994 El Ni￱o was on
the order of 0.8-1.2 GtC. Thus, the total amount of CO sequestered in the equatorial oceans during the prolonged 1991-1994 El Ni￱o period was about 25%
higher than the severe El Ni￱o of 1982-1983.</abstract>
      <purpose />
    </descript>
    <timeperd>
      <timeinfo />
      <current>Publication Date</current>
    </timeperd>
    <status>
      <progress>Complete</progress>
      <update>None Planned</update>
    </status>
    <spdom>
      <bounding>
        <westbc>-180</westbc>
        <eastbc>-80</eastbc>
        <northbc>10</northbc>
        <southbc>-10</southbc>
      </bounding>
    </spdom>
    <keywords>
      <theme>
        <themekt>Other</themekt>
        <themekey>North Pacific Ocean</themekey>
      </theme>
    </keywords>
    <accconst>Check with Contributor</accconst>
    <useconst>Check with Contributor</useconst>
    <ptcontac>
      <cntinfo>
        <cntperp>
          <cntper>Feely, Richard A.</cntper>
        </cntperp>
        <cntaddr>
          <addrtype>Mailing and Physical Address</addrtype>
          <address>7600 Sand Point Way N.E.</address>
          <city>Seattle</city>
          <state>WA</state>
          <postal>98118</postal>
          <country>USA</country>
        </cntaddr>
        <cntvoice>206-526-6214</cntvoice>
        <cntfax />
        <cntemail>Richard.A.Feely@noaa.gov</cntemail>
      </cntinfo>
    </ptcontac>
  </idinfo>
  <distinfo>
    <distrib>
      <cntinfo>
        <cntperp>
          <cntper>Feely, Richard A.</cntper>
        </cntperp>
        <cntaddr>
          <addrtype>Mailing and Physical Address</addrtype>
          <address>7600 Sand Point Way N.E.</address>
          <city>Seattle</city>
          <state>WA</state>
          <postal>98118</postal>
          <country>USA</country>
        </cntaddr>
        <cntvoice>206-526-6214</cntvoice>
        <cntfax />
        <cntemail>Richard.A.Feely@noaa.gov</cntemail>
      </cntinfo>
    </distrib>
    <distliab>While every effort has been made to ensure that these data are accurate and reliable within the limits of the current state of the art, NOAA cannot assume liability for any damages caused by any errors or omissions in the data, nor as a result of the failure of the data to function on a particular system. NOAA makes no warranty, expressed or implied, nor does the fact of distribution constitute such a warranty.</distliab>
  </distinfo>
  <metainfo>
    <metd>20010308</metd>
    <metc>
      <cntinfo>
        <cntperp>
          <cntper>Kimberly Bahl</cntper>
        </cntperp>
        <cntaddr>
          <addrtype>Mailing and Physical Address</addrtype>
          <address>NOAA / AFSC / PMEL, 7600 Sand Point Way N.E.</address>
          <city>Seattle</city>
          <state>WA</state>
          <postal>98115</postal>
          <country>USA</country>
        </cntaddr>
        <cntvoice>206-526-4314</cntvoice>
        <cntfax>206-526-6485</cntfax>
        <cntemail>kimberly.bahl@noaa.gov</cntemail>
      </cntinfo>
    </metc>
    <metstdn>Content Standards for Digital Geospatial Metadata</metstdn>
    <metstdv>FGDC-STD-001-1998</metstdv>
    <metac>Check with Contributor</metac>
    <metuc>Check with Contributor</metuc>
  </metainfo>
</metadata>
