<metadata>
  <idinfo>
    <citation>
      <citeinfo>
        <origin>National Oceanic and Atmospheric Administration (NOAA), National Marine Fisheries Service (NMFS)</origin>
        <pubdate>1990</pubdate>
        <title>The Bering Sea Connection (The US/USSR Marine Mammal project)</title>
      </citeinfo>
    </citation>
    <descript>
      <abstract>
        <p>Within the last two years, joint research activities under the US/USSR Marine Mammal project have taken an exciting turn in the opening of Soviet coastal regions to research by American scientists.  Before 1988, American scientists rarely were allowed to visit Soviet coastal regions to conduct research.</p>
        <p>[Reference: Miller, R.V. 1990. The Bering Sea connection: the U.S./U.S.S.R. Marine Mammal Project. Alaska's Wildl. 22(5): 7-10.]</p>
        <p>This volume may be found at many university libraries.</p>
      </abstract>
      <purpose>A report on a joint research between the US and USSR on Marine Mammals, called the Bering Sea Connection.</purpose>
    </descript>
    <timeperd>
      <timeinfo />
      <current>Publication Date</current>
    </timeperd>
    <status>
      <progress>Complete</progress>
      <update>Unknown</update>
    </status>
    <spdom>
      <bounding>
        <westbc>178</westbc>
        <eastbc>-168</eastbc>
        <northbc>67.5</northbc>
        <southbc>52</southbc>
      </bounding>
    </spdom>
    <keywords>
      <theme>
        <themekt>North Pacific Ecosystem Metadatabase</themekt>
        <themekey>Mammals</themekey>
      </theme>
      <theme>
        <themekt>Other</themekt>
        <themekey>Russia</themekey>
        <themekey>Bering Sea</themekey>
        <themekey>Alaska</themekey>
        <themekey>U.S.A.</themekey>
        <themekey>North Pacific Ocean</themekey>
      </theme>
    </keywords>
    <accconst>None</accconst>
    <useconst>None</useconst>
    <ptcontac>
      <cntinfo>
        <cntperp>
          <cntper>Miller, R.V.</cntper>
        </cntperp>
        <cntaddr>
          <addrtype>Mailing and Physical Address</addrtype>
          <address>7600 Sand Point Way N.E.</address>
          <city>Seattle</city>
          <state>WA</state>
          <postal>98115</postal>
          <country>USA</country>
        </cntaddr>
        <cntvoice>206-526-4298</cntvoice>
        <cntfax>206-526-6723</cntfax>
        <cntemail>rv.miller@noaa.gov</cntemail>
      </cntinfo>
    </ptcontac>
  </idinfo>
  <distinfo>
    <distrib>
      <cntinfo>
        <cntperp>
          <cntper>Miller, R.V.</cntper>
        </cntperp>
        <cntaddr>
          <addrtype>Mailing and Physical Address</addrtype>
          <address>7600 Sand Point Way N.E.</address>
          <city>Seattle</city>
          <state>WA</state>
          <postal>98115</postal>
          <country>USA</country>
        </cntaddr>
        <cntvoice>206-526-4298</cntvoice>
        <cntfax>206-526-6723</cntfax>
        <cntemail>rv.miller@noaa.gov</cntemail>
      </cntinfo>
    </distrib>
    <distliab>While every effort has been made to ensure that these data are accurate and reliable within the limits of the current state of the art, NOAA cannot assume liability for any damages caused by any errors or omissions in the data, nor as a result of the failure of the data to function on a particular system. NOAA makes no warranty, expressed or implied, nor does the fact of distribution constitute such a warranty.</distliab>
  </distinfo>
  <metainfo>
    <metd>19990201</metd>
    <metc>
      <cntinfo>
        <cntperp>
          <cntper>Kimberly Bahl</cntper>
        </cntperp>
        <cntaddr>
          <addrtype>Mailing and Physical Address</addrtype>
          <address>NOAA / AFSC / PMEL, 7600 Sand Point Way N.E.</address>
          <city>Seattle</city>
          <state>WA</state>
          <postal>98115</postal>
          <country>USA</country>
        </cntaddr>
        <cntvoice>206-526-4314</cntvoice>
        <cntfax>206-526-6485</cntfax>
        <cntemail>kimberly.bahl@noaa.gov</cntemail>
      </cntinfo>
    </metc>
    <metstdn>Content Standards for Digital Geospatial Metadata</metstdn>
    <metstdv>FGDC-STD-001-1998</metstdv>
    <metac>None</metac>
    <metuc>None</metuc>
  </metainfo>
</metadata>
