<metadata>
  <idinfo>
    <citation>
      <citeinfo>
        <origin>Alaska Maritime National Wildlife Refuge</origin>
        <pubdate>Planned</pubdate>
        <title>Kittiwakes Reproduction</title>
      </citeinfo>
    </citation>
    <descript>
      <abstract>Red-legged Kittiwakes (Rissa breuirostris) and black-legged Kittiwakes (R. Tridactyla) will be observed by recording the following; 1) Timing of egg laying and hatching
2)  Number of eggs laid 3)  Proportion of nest where eggs were laid, chicks hatched and chicks fledged. Location(s): St. Paul, St. Goerge and Bogoslof Islands.

An NPMR project</abstract>
      <purpose>Data to support NPMR project "Monitoring  Red-legged Kittiwakes (Rissa breuirostris) and black-legged Kittiwakes (R. Tridactyla)."</purpose>
    </descript>
    <timeperd>
      <timeinfo>
        <rngdates>
          <begdate>19990701</begdate>
          <enddate>20000831</enddate>
        </rngdates>
      </timeinfo>
      <current>Ground Condition</current>
    </timeperd>
    <status>
      <progress>Planned</progress>
      <update>Unknown</update>
    </status>
    <spdom>
      <bounding>
        <westbc>167</westbc>
        <eastbc>-163</eastbc>
        <northbc>67</northbc>
        <southbc>53</southbc>
      </bounding>
    </spdom>
    <keywords>
      <theme>
        <themekt>North Pacific Ecosystem Metadatabase</themekt>
        <themekey>Biology</themekey>
        <themekey>Biological Effects</themekey>
        <themekey>Birds</themekey>
      </theme>
      <theme>
        <themekt>Other</themekt>
        <themekey>Bering Sea</themekey>
        <themekey>Kittiwakes</themekey>
        <themekey>ReFER</themekey>
        <themekey>North Pacific Ocean</themekey>
      </theme>
    </keywords>
    <accconst>None</accconst>
    <useconst>None</useconst>
    <ptcontac>
      <cntinfo>
        <cntperp>
          <cntper>Byrd, G. Vernon</cntper>
        </cntperp>
        <cntaddr>
          <addrtype>Mailing and Physical Address</addrtype>
          <address>2355 Kachemak Bay Drive Suite 101</address>
          <city>Homer</city>
          <state>AK</state>
          <postal>99603</postal>
          <country>USA</country>
        </cntaddr>
        <cntvoice>907-235-6546</cntvoice>
        <cntfax>907-235-7783</cntfax>
        <cntemail>Vernon_Byrd@fws.gov</cntemail>
      </cntinfo>
    </ptcontac>
  </idinfo>
  <distinfo>
    <distrib>
      <cntinfo>
        <cntperp>
          <cntper>Byrd, G. Vernon</cntper>
        </cntperp>
        <cntaddr>
          <addrtype>Mailing and Physical Address</addrtype>
          <address>2355 Kachemak Bay Drive Suite 101</address>
          <city>Homer</city>
          <state>AK</state>
          <postal>99603</postal>
          <country>USA</country>
        </cntaddr>
        <cntvoice>907-235-6546</cntvoice>
        <cntfax>907-235-7783</cntfax>
        <cntemail>Vernon_Byrd@fws.gov</cntemail>
      </cntinfo>
    </distrib>
    <distliab>While every effort has been made to ensure that these data are accurate and reliable within the limits of the current state of the art, NOAA cannot assume liability for any damages caused by any errors or omissions in the data, nor as a result of the failure of the data to function on a particular system. NOAA makes no warranty, expressed or implied, nor does the fact of distribution constitute such a warranty.</distliab>
  </distinfo>
  <metainfo>
    <metd>20000502</metd>
    <metc>
      <cntinfo>
        <cntperp>
          <cntper>Kimberly Bahl</cntper>
        </cntperp>
        <cntaddr>
          <addrtype>Mailing and Physical Address</addrtype>
          <address>NOAA / AFSC / PMEL, 7600 Sand Point Way N.E.</address>
          <city>Seattle</city>
          <state>WA</state>
          <postal>98115</postal>
          <country>USA</country>
        </cntaddr>
        <cntvoice>206-526-4314</cntvoice>
        <cntfax>206-526-6485</cntfax>
        <cntemail>kimberly.bahl@noaa.gov</cntemail>
      </cntinfo>
    </metc>
    <metstdn>Content Standards for Digital Geospatial Metadata</metstdn>
    <metstdv>FGDC-STD-001-1998</metstdv>
    <metac>None</metac>
    <metuc>None</metuc>
  </metainfo>
</metadata>
