<metadata>
  <idinfo>
    <citation>
      <citeinfo>
        <origin>Japan Agency for Marine-Earth Science and Technology (JAMSTEC)</origin>
        <pubdate>Unknown</pubdate>
        <title>JAMSTEC Submarine Cable Data Center</title>
      </citeinfo>
    </citation>
    <descript>
      <abstract>
        <p>The Submarine Cable Data Center provides realtime data from the deep sea floor observatory off Kushiro-takachi, off Muroto Cape, and off Hatsushima. Data are available for download with user registration.</p>
      </abstract>
      <purpose>
        <p>The Japan Agency for Marine-Earth Science and Technology (JAMSTEC) established the first Long-Term Deep Sea Floor Observatory off Muroto Cape in fiscal year 1996, and the Long-Term Deep Sea Floor Observatory off Kushiro and Tokachi in the Kuril Trench in 1999 as part of a plan to build basic earthquake observation networks in Japan.  JAMSTEC now is planning the construction of additional systems.  This site is presented with the objective of widely providing observation data of the foregoing systems.</p>
      </purpose>
    </descript>
    <timeperd>
      <timeinfo>
        <rngdates>
          <begdate>19960101</begdate>
          <enddate />
        </rngdates>
      </timeinfo>
      <current>Sample Date</current>
    </timeperd>
    <status>
      <progress>In Progress</progress>
      <update>Unknown</update>
    </status>
    <spdom>
      <bounding>
        <westbc>134.36</westbc>
        <eastbc>144.78</eastbc>
        <northbc>42.27</northbc>
        <southbc>32.67</southbc>
      </bounding>
    </spdom>
    <keywords>
      <theme>
        <themekt>Other</themekt>
        <themekey>North Pacific Ocean</themekey>
        <themekey>Hatsushima</themekey>
        <themekey>Kuril Trench</themekey>
        <themekey>Muroto Cape</themekey>
        <themekey>Hydrophone</themekey>
        <themekey>Tsunami</themekey>
        <themekey>Seismology</themekey>
        <themekey>Deep Sea Floor</themekey>
        <themekey>Western North Pacific Ocean</themekey>
        <themekey>Japan</themekey>
      </theme>
    </keywords>
    <accconst>User registration required.</accconst>
    <useconst>Contact Source</useconst>
    <ptcontac>
      <cntinfo>
        <cntperp>
          <cntper>JAMSTEC</cntper>
        </cntperp>
        <cntaddr>
          <addrtype>Mailing Address</addrtype>
          <address>2-15 Natsushima</address>
          <city>Yokosuka</city>
          <state>Kanagawa</state>
          <postal>237-0061</postal>
          <country>Japan</country>
        </cntaddr>
        <cntvoice>+81-46-866-3811</cntvoice>
        <cntfax>+81-46-867-9055</cntfax>
        <cntemail>scdcwadm@jamstec.go.jp</cntemail>
      </cntinfo>
    </ptcontac>
  </idinfo>
  <distinfo>
    <distrib>
      <cntinfo>
        <cntperp>
          <cntper>JAMSTEC</cntper>
        </cntperp>
        <cntaddr>
          <addrtype>Mailing Address</addrtype>
          <address>2-15 Natsushima</address>
          <city>Yokosuka</city>
          <state>Kanagawa</state>
          <postal>237-0061</postal>
          <country>Japan</country>
        </cntaddr>
        <cntvoice>+81-46-866-3811</cntvoice>
        <cntfax>+81-46-867-9055</cntfax>
        <cntemail>scdcwadm@jamstec.go.jp</cntemail>
      </cntinfo>
    </distrib>
    <distliab>While every effort has been made to ensure that these data are accurate and reliable within the limits of the current state of the art, NOAA cannot assume liability for any damages caused by any errors or omissions in the data, nor as a result of the failure of the data to function on a particular system. NOAA makes no warranty, expressed or implied, nor does the fact of distribution constitute such a warranty.</distliab>
  </distinfo>
  <metainfo>
    <metd>20050926</metd>
    <metc>
      <cntinfo>
        <cntperp>
          <cntper>Kimberly Bahl</cntper>
        </cntperp>
        <cntaddr>
          <addrtype>Mailing and Physical Address</addrtype>
          <address>NOAA / AFSC / PMEL, 7600 Sand Point Way N.E.</address>
          <city>Seattle</city>
          <state>WA</state>
          <postal>98115</postal>
          <country>USA</country>
        </cntaddr>
        <cntvoice>206-526-4314</cntvoice>
        <cntfax>206-526-6485</cntfax>
        <cntemail>kimberly.bahl@noaa.gov</cntemail>
      </cntinfo>
    </metc>
    <metstdn>Content Standards for Digital Geospatial Metadata</metstdn>
    <metstdv>FGDC-STD-001-1998</metstdv>
    <metac>User registration required.</metac>
    <metuc>Contact Source</metuc>
  </metainfo>
</metadata>
