<metadata>
  <idinfo>
    <citation>
      <citeinfo>
        <origin>National Oceanic and Atmospheric Administration (NOAA)</origin>
        <pubdate>Unknown</pubdate>
        <title>2002 OM2002-01 (28 July - 11 Aug 2002): US-Japan Cooperative Survey Data - R/V Oshoro Maru (Cruise ID: OM2002-01)</title>
      </citeinfo>
    </citation>
    <descript>
      <abstract>
        <p>The Alaska Fisheries Science Center FOCI program conducted a summer survey in the eastern Bering Sea shelf region for walleye pollock larvae and juveniles.</p>
        <p>Data collected include pollock, seawater temperature, seawater salinity, chlorophyll, nutrients, and microzooplankton.</p>
        <p>
          Cruise ID: MF2002-07 (28 July - 11 August 2002)
          <br />
          Survey vessels:
          <em>R/V Oshoro Maru</em>
        </p>
        <p>For preliminary survey results see
http://www.pmel.noaa.gov/foci/operations/instructions/2002/OM02/1om02CruiseReport.htm</p>
      </abstract>
      <purpose>To continue the long-term acquisition of biological and physical data relating to the summer abundance of walleye pollock (Theragra chalcogramma) larvae and juveniles in the eastern Bering sea shelf region. This is a continuing cooperative research effort between FOCI and the scientists at Hokkaido University of Hakodate, Japan.</purpose>
    </descript>
    <timeperd>
      <timeinfo>
        <rngdates>
          <begdate>20020801</begdate>
          <enddate>20020809</enddate>
        </rngdates>
      </timeinfo>
      <current>Ground Condition</current>
    </timeperd>
    <status>
      <progress>Complete</progress>
      <update>As Needed</update>
    </status>
    <spdom>
      <bounding>
        <westbc>-171.08</westbc>
        <eastbc>-165.99</eastbc>
        <northbc>58.5</northbc>
        <southbc>54.99</southbc>
      </bounding>
    </spdom>
    <keywords>
      <theme>
        <themekt>North Pacific Ecosystem Metadatabase</themekt>
        <themekey>Fish</themekey>
        <themekey>Oceanography</themekey>
        <themekey>Plankton</themekey>
      </theme>
      <theme>
        <themekt>Other</themekt>
        <themekey>North Pacific Ocean</themekey>
        <themekey>Nutrient</themekey>
        <themekey>Chlorophyll</themekey>
        <themekey>Sea Salinity</themekey>
        <themekey>Sea Temperature</themekey>
        <themekey>Eastern Bering Sea Shelf</themekey>
        <themekey>Pollck Larvae</themekey>
        <themekey>Juvenile Pollock</themekey>
        <themekey>Microzooplankton</themekey>
      </theme>
    </keywords>
    <accconst>Check with Contributor or Source.</accconst>
    <useconst>Check with Contributor or Source.</useconst>
    <ptcontac>
      <cntinfo>
        <cntperp>
          <cntper>Stauffer, Gary</cntper>
        </cntperp>
        <cntaddr>
          <addrtype>Mailing and Physical Address</addrtype>
          <address>7600 Sand Point Way N.E.</address>
          <city>Seattle</city>
          <state>WA</state>
          <postal>98115</postal>
          <country>USA</country>
        </cntaddr>
        <cntvoice>206-526-4170</cntvoice>
        <cntfax>206-526-6723</cntfax>
        <cntemail>gary.stauffer@noaa.gov</cntemail>
      </cntinfo>
    </ptcontac>
  </idinfo>
  <distinfo>
    <distrib>
      <cntinfo>
        <cntperp>
          <cntper>Stauffer, Gary</cntper>
        </cntperp>
        <cntaddr>
          <addrtype>Mailing and Physical Address</addrtype>
          <address>7600 Sand Point Way N.E.</address>
          <city>Seattle</city>
          <state>WA</state>
          <postal>98115</postal>
          <country>USA</country>
        </cntaddr>
        <cntvoice>206-526-4170</cntvoice>
        <cntfax>206-526-6723</cntfax>
        <cntemail>gary.stauffer@noaa.gov</cntemail>
      </cntinfo>
    </distrib>
    <distliab>While every effort has been made to ensure that these data are accurate and reliable within the limits of the current state of the art, NOAA cannot assume liability for any damages caused by any errors or omissions in the data, nor as a result of the failure of the data to function on a particular system. NOAA makes no warranty, expressed or implied, nor does the fact of distribution constitute such a warranty.</distliab>
  </distinfo>
  <metainfo>
    <metd>20030530</metd>
    <metc>
      <cntinfo>
        <cntperp>
          <cntper>Kimberly Bahl</cntper>
        </cntperp>
        <cntaddr>
          <addrtype>Mailing and Physical Address</addrtype>
          <address>NOAA / AFSC / PMEL, 7600 Sand Point Way N.E.</address>
          <city>Seattle</city>
          <state>WA</state>
          <postal>98115</postal>
          <country>USA</country>
        </cntaddr>
        <cntvoice>206-526-4314</cntvoice>
        <cntfax>206-526-6485</cntfax>
        <cntemail>kimberly.bahl@noaa.gov</cntemail>
      </cntinfo>
    </metc>
    <metstdn>Content Standards for Digital Geospatial Metadata</metstdn>
    <metstdv>FGDC-STD-001-1998</metstdv>
    <metac>Check with Contributor or Source.</metac>
    <metuc>Check with Contributor or Source.</metuc>
  </metainfo>
</metadata>
