<metadata>
  <idinfo>
    <citation>
      <citeinfo>
        <origin>National Oceanic and Atmospheric Administration (NOAA), Office of Oceanic and Atmospheric Research (OAR), Pacific Marine Environmental Laboratory (PMEL)</origin>
        <pubdate>Unknown</pubdate>
        <title>Bering Sea Times Series Data (1996-1999)</title>
      </citeinfo>
    </citation>
    <descript>
      <abstract>During the 1996-1999 the following "Times Series Data" were collected: 21  RCM7s, 2  RCM9s, 64  MTRs, 20  Seacats, 3  Pressure guages, 3  SPAAMs 1 Weather bouy , 3024  CTDs</abstract>
      <purpose>To explore and measure through the 1996-1999 Bering Sea Times Series Data</purpose>
    </descript>
    <timeperd>
      <timeinfo>
        <rngdates>
          <begdate>19960101</begdate>
          <enddate>19991231</enddate>
        </rngdates>
      </timeinfo>
      <current>Sample Date</current>
    </timeperd>
    <status>
      <progress>In Progress</progress>
      <update>None Planned</update>
    </status>
    <spdom>
      <bounding>
        <westbc>152.17</westbc>
        <eastbc>-169.2</eastbc>
        <northbc>65</northbc>
        <southbc>53.24</southbc>
      </bounding>
    </spdom>
    <keywords>
      <theme>
        <themekt>Other</themekt>
        <themekey>Bering Sea</themekey>
        <themekey>Time Series Data</themekey>
        <themekey>North Pacific Ocean</themekey>
      </theme>
    </keywords>
    <accconst>Contact Contributor</accconst>
    <useconst>Contact Contributor</useconst>
    <ptcontac>
      <cntinfo>
        <cntperp>
          <cntper>Stabeno, Phyllis J.</cntper>
        </cntperp>
        <cntaddr>
          <addrtype>Mailing and Physical Address</addrtype>
          <address>7600 Sand Point Way N.E.</address>
          <city>Seattle</city>
          <state>WA</state>
          <postal>98115</postal>
          <country>USA</country>
        </cntaddr>
        <cntvoice>206-526-6453</cntvoice>
        <cntfax>206-526-6485</cntfax>
        <cntemail>Phyllis.Stabeno@noaa.gov</cntemail>
      </cntinfo>
    </ptcontac>
  </idinfo>
  <distinfo>
    <distrib>
      <cntinfo>
        <cntperp>
          <cntper>Stabeno, Phyllis J.</cntper>
        </cntperp>
        <cntaddr>
          <addrtype>Mailing and Physical Address</addrtype>
          <address>7600 Sand Point Way N.E.</address>
          <city>Seattle</city>
          <state>WA</state>
          <postal>98115</postal>
          <country>USA</country>
        </cntaddr>
        <cntvoice>206-526-6453</cntvoice>
        <cntfax>206-526-6485</cntfax>
        <cntemail>Phyllis.Stabeno@noaa.gov</cntemail>
      </cntinfo>
    </distrib>
    <distliab>While every effort has been made to ensure that these data are accurate and reliable within the limits of the current state of the art, NOAA cannot assume liability for any damages caused by any errors or omissions in the data, nor as a result of the failure of the data to function on a particular system. NOAA makes no warranty, expressed or implied, nor does the fact of distribution constitute such a warranty.</distliab>
  </distinfo>
  <metainfo>
    <metd>19991118</metd>
    <metc>
      <cntinfo>
        <cntperp>
          <cntper>Kimberly Bahl</cntper>
        </cntperp>
        <cntaddr>
          <addrtype>Mailing and Physical Address</addrtype>
          <address>NOAA / AFSC / PMEL, 7600 Sand Point Way N.E.</address>
          <city>Seattle</city>
          <state>WA</state>
          <postal>98115</postal>
          <country>USA</country>
        </cntaddr>
        <cntvoice>206-526-4314</cntvoice>
        <cntfax>206-526-6485</cntfax>
        <cntemail>kimberly.bahl@noaa.gov</cntemail>
      </cntinfo>
    </metc>
    <metstdn>Content Standards for Digital Geospatial Metadata</metstdn>
    <metstdv>FGDC-STD-001-1998</metstdv>
    <metac>Contact Contributor</metac>
    <metuc>Contact Contributor</metuc>
  </metainfo>
</metadata>
