<metadata>
  <idinfo>
    <citation>
      <citeinfo>
        <origin>Fisheries and Oceans Canada - Ocean Science And Productivity, Pacific</origin>
        <pubdate>Unpublished material</pubdate>
        <title>Arctic (Amundsen Gulf) dissolved carbon data, 1990-2000</title>
      </citeinfo>
    </citation>
    <descript>
      <abstract>Opportunistic samples from the Amundson Gulf area. Good quality data, few samples.</abstract>
      <purpose>Time series database of carbon cycle in arctic.</purpose>
      <supplinf>Risk Justification: Data not secured in regional data centre.
Risk of Loss: Medium
Impact Justification: Data are related to a subject, location or species of concern within the scientific,  government or public community within the last 5 years.
Impact of Loss: Medium
Recommended Action: Bring data to archives when proprietary period is finished.</supplinf>
    </descript>
    <timeperd>
      <timeinfo>
        <rngdates>
          <begdate>1990</begdate>
          <enddate>2000</enddate>
        </rngdates>
      </timeinfo>
      <current>ground condition</current>
    </timeperd>
    <status>
      <progress>In work</progress>
      <update>None planned</update>
    </status>
    <spdom>
      <bounding>
        <westbc>-126</westbc>
        <eastbc>-118</eastbc>
        <northbc>72</northbc>
        <southbc>68</southbc>
      </bounding>
    </spdom>
    <keywords>
      <theme>
        <themekt>NASA/GCMD Earth Science Keywords</themekt>
        <themekey>Earth Science</themekey>
        <themekey>Oceans</themekey>
        <themekey>Ocean Chemistry</themekey>
        <themekey>Carbon</themekey>
      </theme>
      <theme>
        <themekt>ISO 19115 Topic Category</themekt>
        <themekey>oceans</themekey>
      </theme>
      <place>
        <placekt>DFO Areas</placekt>
        <placekey>Arctic Ocean</placekey>
        <placekey>Beaufort Sea</placekey>
      </place>
    </keywords>
    <accconst>May Be Private</accconst>
    <useconst>Data may be subject to proprietary period restrictions to access.</useconst>
    <ptcontac>
      <cntinfo>
        <cntperp>
          <cntper>Lisa Miller</cntper>
          <cntorg>Ocean Science and Productivity</cntorg>
        </cntperp>
        <cntaddr>
          <addrtype>mailing and physical</addrtype>
          <address>Institute of Ocean Sciences, P.O. Box 6000, 9860 West Saanich Road</address>
          <city>Sidney</city>
          <state>British Columbia</state>
          <postal>V8L 4B2</postal>
          <country>Canada</country>
        </cntaddr>
        <cntvoice>(250) 363-6673</cntvoice>
        <cntfax>(250)363-6476</cntfax>
        <cntemail>millerli@pac.dfo-mpo.gc.ca</cntemail>
      </cntinfo>
    </ptcontac>
    <native>Expected Growth Rate: Null</native>
  </idinfo>
  <dataqual>
    <logic>Null</logic>
    <complete>Dataset Complications: Null
Electronic Data Complications: Null</complete>
    <lineage>
      <procstep>
        <procdesc>Unknown</procdesc>
        <procdate>Unknown</procdate>
      </procstep>
    </lineage>
  </dataqual>
  <distinfo>
    <distrib>
      <cntinfo>
        <cntperp>
          <cntper>Lisa Miller</cntper>
          <cntorg>Ocean Science and Productivity</cntorg>
        </cntperp>
        <cntaddr>
          <addrtype>mailing and physical</addrtype>
          <address>Institute of Ocean Sciences, P.O. Box 6000, 9860 West Saanich Road</address>
          <city>Sidney</city>
          <state>British Columbia</state>
          <postal>V8L 4B2</postal>
          <country>Canada</country>
        </cntaddr>
        <cntvoice>(250) 363-6673</cntvoice>
        <cntfax>(250)363-6476</cntfax>
        <cntemail>millerli@pac.dfo-mpo.gc.ca</cntemail>
      </cntinfo>
    </distrib>
    <resdesc>PAC-OSAP-031-6964</resdesc>
    <distliab>[unknown]</distliab>
    <stdorder>
      <nondig>Hardcopy Original Exists: Y
Physical Sample Exists: Y</nondig>
      <fees>Ask Custodian</fees>
      <ordering>Contact data custodian</ordering>
    </stdorder>
    <stdorder>
      <digform>
        <digtinfo>
          <formname>Unknown</formname>
          <transize>99.9</transize>
        </digtinfo>
        <digtopt>
          <offoptn>
            <offmedia>Unknown</offmedia>
            <recfmt>unknown</recfmt>
          </offoptn>
        </digtopt>
      </digform>
      <fees>Ask Custodian</fees>
    </stdorder>
  </distinfo>
  <metainfo>
    <metd>20080206</metd>
    <metc>
      <cntinfo>
        <cntorgp>
          <cntorg>Fisheries and Oceans Canada
Canadian Hydrographic Service</cntorg>
          <cntper>Chelsea Stanley and Matt McCormick</cntper>
        </cntorgp>
        <cntaddr>
          <addrtype>mailing</addrtype>
          <address>Institute of Ocean Sciences
P.O. Box 6000
9860 West Saanich Road</address>
          <city>Sidney</city>
          <state>British Columbia</state>
          <postal>V8L 4B2</postal>
          <country>Canada</country>
        </cntaddr>
        <cntvoice>(250) 363-6358</cntvoice>
        <cntfax>(250) 363-6823</cntfax>
        <cntemail>ChartSales@pac.dfo-mpo.gc.ca</cntemail>
        <hours>M-F, 08:30-16:30 Pacific Time</hours>
      </cntinfo>
    </metc>
    <metstdn>FGDC Content Standard for Digital Geospatial Metadata</metstdn>
    <metstdv>FGDC-STD-1998-1</metstdv>
  </metainfo>
</metadata>
