<metadata>
  <idinfo>
    <citation>
      <citeinfo>
        <origin>National Oceanic and Atmospheric Administration (NOAA), Office of Oceanic and Atmospheric Research (OAR), Pacific Marine Environmental Laboratory (PMEL), 3711 - 15th Ave. NE, Seattle, WA 98105.</origin>
        <pubdate>19800501</pubdate>
        <title>Physical Environment of the Bering Sea March 1979</title>
      </citeinfo>
    </citation>
    <descript>
      <abstract>
        <p>This report includes analyses of data collected by the NOAA ship SURVEYOR in the southeastern Bering Sea during March 1979.  The first section presents CTD's and data on sea surface temperature and salinity and on surface winds and air temperature.  The data indicate that ice was advected southward to the ice edge.  The second section describes two cases when cold continental air moved from the ice over the water at the edge.  An estimate is made of the resulting surface heat flux.</p>
        <p>[Reference: Salo, S.A., C.H. Pease, and R.W. Lindsay. 1980. Physical Environment of the Eastern Bering Sea March 1979. NOAA Technical Memorandum ERL PMEL-21. 128p. Pacific Marine Environmental Laboratory, 3711 - 15th Ave. NE, Seattle, WA 98105.]</p>
      </abstract>
      <purpose>To report on the physical environment of the Bering Sea</purpose>
    </descript>
    <timeperd>
      <timeinfo>
        <sngdate>
          <caldate>19800501</caldate>
        </sngdate>
      </timeinfo>
      <current>Publication Date</current>
    </timeperd>
    <status>
      <progress>Complete</progress>
      <update>Unknown</update>
    </status>
    <spdom>
      <bounding>
        <westbc>-175</westbc>
        <eastbc>-164</eastbc>
        <northbc>61</northbc>
        <southbc>57</southbc>
      </bounding>
    </spdom>
    <keywords>
      <theme>
        <themekt>Other</themekt>
        <themekey>Bering Sea</themekey>
        <themekey>Salinity</themekey>
        <themekey>Sea Ice</themekey>
        <themekey>Hydrography</themekey>
        <themekey>Sea Surface Temperature</themekey>
        <themekey>Air-Sea Heat Flux</themekey>
        <themekey>North Pacific Ocean</themekey>
        <themekey>Alaska</themekey>
        <themekey>Meteorology</themekey>
        <themekey>Oceanography</themekey>
        <themekey>Winds</themekey>
      </theme>
    </keywords>
    <accconst>None</accconst>
    <useconst>None</useconst>
    <ptcontac>
      <cntinfo>
        <cntperp>
          <cntper>Salo, Sigrid</cntper>
        </cntperp>
        <cntaddr>
          <addrtype>Mailing and Physical Address</addrtype>
          <address>7600 Sand Point Way N.E.</address>
          <city>Seattle</city>
          <state>WA</state>
          <postal>98115</postal>
          <country>USA</country>
        </cntaddr>
        <cntvoice>206-526-6802</cntvoice>
        <cntfax>206-526-6485</cntfax>
        <cntemail>Sigrid.A.Salo@noaa.gov</cntemail>
      </cntinfo>
    </ptcontac>
  </idinfo>
  <distinfo>
    <distrib>
      <cntinfo>
        <cntperp>
          <cntper>Salo, Sigrid</cntper>
        </cntperp>
        <cntaddr>
          <addrtype>Mailing and Physical Address</addrtype>
          <address>7600 Sand Point Way N.E.</address>
          <city>Seattle</city>
          <state>WA</state>
          <postal>98115</postal>
          <country>USA</country>
        </cntaddr>
        <cntvoice>206-526-6802</cntvoice>
        <cntfax>206-526-6485</cntfax>
        <cntemail>Sigrid.A.Salo@noaa.gov</cntemail>
      </cntinfo>
    </distrib>
    <distliab>While every effort has been made to ensure that these data are accurate and reliable within the limits of the current state of the art, NOAA cannot assume liability for any damages caused by any errors or omissions in the data, nor as a result of the failure of the data to function on a particular system. NOAA makes no warranty, expressed or implied, nor does the fact of distribution constitute such a warranty.</distliab>
  </distinfo>
  <metainfo>
    <metd>19990202</metd>
    <metc>
      <cntinfo>
        <cntperp>
          <cntper>Kimberly Bahl</cntper>
        </cntperp>
        <cntaddr>
          <addrtype>Mailing and Physical Address</addrtype>
          <address>NOAA / AFSC / PMEL, 7600 Sand Point Way N.E.</address>
          <city>Seattle</city>
          <state>WA</state>
          <postal>98115</postal>
          <country>USA</country>
        </cntaddr>
        <cntvoice>206-526-4314</cntvoice>
        <cntfax>206-526-6485</cntfax>
        <cntemail>kimberly.bahl@noaa.gov</cntemail>
      </cntinfo>
    </metc>
    <metstdn>Content Standards for Digital Geospatial Metadata</metstdn>
    <metstdv>FGDC-STD-001-1998</metstdv>
    <metac>None</metac>
    <metuc>None</metuc>
  </metainfo>
</metadata>
