<metadata>
  <idinfo>
    <citation>
      <citeinfo>
        <origin>Far Eastern Hydrometeorlogical Institute, Pacific Fisheries Research Center (TINRO-Center)</origin>
        <pubdate>Unpublished Material</pubdate>
        <title>Database for Plotnikovis Method of Ice Forecasting</title>
      </citeinfo>
    </citation>
    <descript>
      <abstract>10-day mean drifting ice boundary in the western part of the Bering Sea. One of predictors for Plotnikovis statistic method of ice forecasting. Information derived from charts of Russian air observations.</abstract>
      <purpose>Ice forecasting for the next month.</purpose>
    </descript>
    <timeperd>
      <timeinfo>
        <rngdates>
          <begdate>19610101</begdate>
          <enddate>19881231</enddate>
        </rngdates>
      </timeinfo>
      <current>Ground Condition</current>
    </timeperd>
    <status>
      <progress>Complete</progress>
      <update>Irregular</update>
    </status>
    <spdom>
      <bounding>
        <westbc>163</westbc>
        <eastbc>-173</eastbc>
        <northbc>66</northbc>
        <southbc>56</southbc>
      </bounding>
    </spdom>
    <keywords>
      <theme>
        <themekt>Other</themekt>
        <themekey>Ice Forms</themekey>
        <themekey>Drifters</themekey>
        <themekey>Bering Sea</themekey>
        <themekey>North Pacific Ocean</themekey>
      </theme>
    </keywords>
    <accconst>Permission of TINRO director is necessary.</accconst>
    <useconst>Permission of TINRO director is necessary</useconst>
    <ptcontac>
      <cntinfo>
        <cntperp>
          <cntper>Zuenko, Yury I.</cntper>
        </cntperp>
        <cntaddr>
          <addrtype>Mailing and Physical Address</addrtype>
          <address>4 Shevchenko Alley</address>
          <city>Vladivostok</city>
          <state>Primorye Region</state>
          <postal>690600</postal>
          <country>Russia</country>
        </cntaddr>
        <cntvoice>4232-25-74-51</cntvoice>
        <cntfax>4232-25-77-83</cntfax>
        <cntemail>zuenko@tinro.ru</cntemail>
      </cntinfo>
    </ptcontac>
  </idinfo>
  <distinfo>
    <distrib>
      <cntinfo>
        <cntperp>
          <cntper>Zuenko, Yury I.</cntper>
        </cntperp>
        <cntaddr>
          <addrtype>Mailing and Physical Address</addrtype>
          <address>4 Shevchenko Alley</address>
          <city>Vladivostok</city>
          <state>Primorye Region</state>
          <postal>690600</postal>
          <country>Russia</country>
        </cntaddr>
        <cntvoice>4232-25-74-51</cntvoice>
        <cntfax>4232-25-77-83</cntfax>
        <cntemail>zuenko@tinro.ru</cntemail>
      </cntinfo>
    </distrib>
    <distliab>While every effort has been made to ensure that these data are accurate and reliable within the limits of the current state of the art, NOAA cannot assume liability for any damages caused by any errors or omissions in the data, nor as a result of the failure of the data to function on a particular system. NOAA makes no warranty, expressed or implied, nor does the fact of distribution constitute such a warranty.</distliab>
  </distinfo>
  <metainfo>
    <metd>19970923</metd>
    <metc>
      <cntinfo>
        <cntperp>
          <cntper>Kimberly Bahl</cntper>
        </cntperp>
        <cntaddr>
          <addrtype>Mailing and Physical Address</addrtype>
          <address>NOAA / AFSC / PMEL, 7600 Sand Point Way N.E.</address>
          <city>Seattle</city>
          <state>WA</state>
          <postal>98115</postal>
          <country>USA</country>
        </cntaddr>
        <cntvoice>206-526-4314</cntvoice>
        <cntfax>206-526-6485</cntfax>
        <cntemail>kimberly.bahl@noaa.gov</cntemail>
      </cntinfo>
    </metc>
    <metstdn>Content Standards for Digital Geospatial Metadata</metstdn>
    <metstdv>FGDC-STD-001-1998</metstdv>
    <metac>Permission of TINRO director is necessary.</metac>
    <metuc>Permission of TINRO director is necessary</metuc>
  </metainfo>
</metadata>
