<metadata>
  <idinfo>
    <citation>
      <citeinfo>
        <origin>U.S. Geological Survey (USGS) EROS Alaska Field Office</origin>
        <pubdate>1996</pubdate>
        <title>Alaska 1km Digital Elevation Model</title>
      </citeinfo>
    </citation>
    <descript>
      <abstract>Digital elevation model 1km grid for Alaska, from Defense Mapping Agency 3-arc second 1x1 degree 1:250,000 scale Digital Elevation Models.</abstract>
      <purpose>Display and analysis of terrain.</purpose>
    </descript>
    <timeperd>
      <timeinfo>
        <sngdate>
          <caldate>19960101</caldate>
        </sngdate>
      </timeinfo>
      <current>Ground Condition</current>
    </timeperd>
    <status>
      <progress>Complete</progress>
      <update>Unknown</update>
    </status>
    <spdom>
      <bounding>
        <westbc>-180</westbc>
        <eastbc>-116</eastbc>
        <northbc>72</northbc>
        <southbc>51.5</southbc>
      </bounding>
    </spdom>
    <keywords>
      <theme>
        <themekt>North Pacific Ecosystem Metadatabase</themekt>
        <themekey>Geology</themekey>
        <themekey>Management</themekey>
      </theme>
      <theme>
        <themekt>Other</themekt>
        <themekey>Model</themekey>
        <themekey>Elevation</themekey>
        <themekey>Alaska</themekey>
        <themekey>Defense Mapping</themekey>
        <themekey>North Pacific Ocean</themekey>
      </theme>
    </keywords>
    <accconst>None</accconst>
    <useconst>Not for use at scales greater than 1/2,500,000.</useconst>
    <ptcontac>
      <cntinfo>
        <cntperp>
          <cntper>Baxter, Cathy</cntper>
        </cntperp>
        <cntaddr>
          <addrtype>Mailing and Physical Address</addrtype>
          <address>4230 University Drive</address>
          <city>Anchorage</city>
          <state>AK</state>
          <postal>99508-4664</postal>
          <country>USA</country>
        </cntaddr>
        <cntvoice>907-786-7020</cntvoice>
        <cntfax>907-786-7036</cntfax>
        <cntemail>webmaster@agdcwww.wr.usgs.gov</cntemail>
      </cntinfo>
    </ptcontac>
  </idinfo>
  <distinfo>
    <distrib>
      <cntinfo>
        <cntperp>
          <cntper>Baxter, Cathy</cntper>
        </cntperp>
        <cntaddr>
          <addrtype>Mailing and Physical Address</addrtype>
          <address>4230 University Drive</address>
          <city>Anchorage</city>
          <state>AK</state>
          <postal>99508-4664</postal>
          <country>USA</country>
        </cntaddr>
        <cntvoice>907-786-7020</cntvoice>
        <cntfax>907-786-7036</cntfax>
        <cntemail>webmaster@agdcwww.wr.usgs.gov</cntemail>
      </cntinfo>
    </distrib>
    <distliab>While every effort has been made to ensure that these data are accurate and reliable within the limits of the current state of the art, NOAA cannot assume liability for any damages caused by any errors or omissions in the data, nor as a result of the failure of the data to function on a particular system. NOAA makes no warranty, expressed or implied, nor does the fact of distribution constitute such a warranty.</distliab>
  </distinfo>
  <metainfo>
    <metd>20020507</metd>
    <metc>
      <cntinfo>
        <cntperp>
          <cntper>Kimberly Bahl</cntper>
        </cntperp>
        <cntaddr>
          <addrtype>Mailing and Physical Address</addrtype>
          <address>NOAA / AFSC / PMEL, 7600 Sand Point Way N.E.</address>
          <city>Seattle</city>
          <state>WA</state>
          <postal>98115</postal>
          <country>USA</country>
        </cntaddr>
        <cntvoice>206-526-4314</cntvoice>
        <cntfax>206-526-6485</cntfax>
        <cntemail>kimberly.bahl@noaa.gov</cntemail>
      </cntinfo>
    </metc>
    <metstdn>Content Standards for Digital Geospatial Metadata</metstdn>
    <metstdv>FGDC-STD-001-1998</metstdv>
    <metac>None</metac>
    <metuc>Not for use at scales greater than 1/2,500,000.</metuc>
  </metainfo>
</metadata>
