<metadata>
  <idinfo>
    <citation>
      <citeinfo>
        <origin>National Oceanic and Atmospheric Administration (NOAA), National Marine Fisheries Service (NMFS), Alaska Fisheries Science Center (AFSC)</origin>
        <pubdate>Unknown</pubdate>
        <title>AFSC Marine Salmon Interactions Monitoring Data Sets: Auke Bay - Plankton Abundance</title>
      </citeinfo>
    </citation>
    <descript>
      <abstract>Plankton have been sampled yearly in Auke Bay since the 1970s as an index of environmental conditions for salmon fry.  The Auke Bay Monitor station (ABM) is sampled weekly from March or April until fry have left the nearshore habitat in June, then monthly, until October each year.  Three replicate samples of the upper water column are collected with a 20-m vertical tow using a 0.5 m diameter, 243 Fm mesh Norpac net.  Settled volumes are measured immediately in the laboratory, then samples are preserved for detailed microscopic analysis of species, stage and size composition and enumeration.  A long-term database is maintained for interannual comparisons.</abstract>
      <purpose>To index environmental conditions for salmon fry.</purpose>
    </descript>
    <timeperd>
      <timeinfo>
        <mdattim>
          <sngdate>
            <caldate>April to October yearly starting 1970.</caldate>
          </sngdate>
        </mdattim>
      </timeinfo>
      <current>Sample Date</current>
    </timeperd>
    <status>
      <progress>In Progress</progress>
      <update>Irregular</update>
    </status>
    <spdom>
      <bounding>
        <westbc>-134.68</westbc>
        <eastbc>-134.68</eastbc>
        <northbc>58.37</northbc>
        <southbc>58.37</southbc>
      </bounding>
    </spdom>
    <keywords>
      <theme>
        <themekt>North Pacific Ecosystem Metadatabase</themekt>
        <themekey>Plankton</themekey>
      </theme>
      <theme>
        <themekt>Other</themekt>
        <themekey>Auke Bay, Alaska</themekey>
        <themekey>North Pacific Ocean</themekey>
      </theme>
    </keywords>
    <accconst>Contact Source.</accconst>
    <useconst>Contact Source.</useconst>
    <ptcontac>
      <cntinfo>
        <cntperp>
          <cntper>Heard, William R.</cntper>
        </cntperp>
        <cntaddr>
          <addrtype>Mailing and Physical Address</addrtype>
          <address>11305 Glacier Highway</address>
          <city>Juneau</city>
          <state>AK</state>
          <postal>99801-8626</postal>
          <country>USA</country>
        </cntaddr>
        <cntvoice>907-789-6003</cntvoice>
        <cntfax />
        <cntemail>bill.heard@noaa.gov</cntemail>
      </cntinfo>
    </ptcontac>
  </idinfo>
  <distinfo>
    <distrib>
      <cntinfo>
        <cntperp>
          <cntper>Heard, William R.</cntper>
        </cntperp>
        <cntaddr>
          <addrtype>Mailing and Physical Address</addrtype>
          <address>11305 Glacier Highway</address>
          <city>Juneau</city>
          <state>AK</state>
          <postal>99801-8626</postal>
          <country>USA</country>
        </cntaddr>
        <cntvoice>907-789-6003</cntvoice>
        <cntfax />
        <cntemail>bill.heard@noaa.gov</cntemail>
      </cntinfo>
    </distrib>
    <distliab>While every effort has been made to ensure that these data are accurate and reliable within the limits of the current state of the art, NOAA cannot assume liability for any damages caused by any errors or omissions in the data, nor as a result of the failure of the data to function on a particular system. NOAA makes no warranty, expressed or implied, nor does the fact of distribution constitute such a warranty.</distliab>
  </distinfo>
  <metainfo>
    <metd>20041027</metd>
    <metc>
      <cntinfo>
        <cntperp>
          <cntper>Kimberly Bahl</cntper>
        </cntperp>
        <cntaddr>
          <addrtype>Mailing and Physical Address</addrtype>
          <address>NOAA / AFSC / PMEL, 7600 Sand Point Way N.E.</address>
          <city>Seattle</city>
          <state>WA</state>
          <postal>98115</postal>
          <country>USA</country>
        </cntaddr>
        <cntvoice>206-526-4314</cntvoice>
        <cntfax>206-526-6485</cntfax>
        <cntemail>kimberly.bahl@noaa.gov</cntemail>
      </cntinfo>
    </metc>
    <metstdn>Content Standards for Digital Geospatial Metadata</metstdn>
    <metstdv>FGDC-STD-001-1998</metstdv>
    <metac>Contact Source.</metac>
    <metuc>Contact Source.</metuc>
  </metainfo>
</metadata>
