<metadata>
  <idinfo>
    <citation>
      <citeinfo>
        <origin>Ralph Hunter (Retired) and the U.S. Geological Survey (USGS)</origin>
        <pubdate>19820301</pubdate>
        <title>Depositional and Erosional Features of the Inner Shelf, Northeastern Bering Sea</title>
      </citeinfo>
    </citation>
    <descript>
      <abstract>
        <p>Sonographs and bathymetric profiles from water depths less than 15m in the Nome-Solomon, Port Clarence and Yukon Delta areas of the Alaskan Bering Sea coast show features generated by waves, currents and drifting ice.  The surface sediments in the Nome-Solomon and Port Clarence areas range in grain size from sand to boulder gravel and have many surface features visible on sonographs, where the sediments off the Yukon Delta are fine sands and silts that have few such features.</p>
        <p>[Reference: Hunter RE, Thor DR, Swiwher ML (1982) Depositional and erosional features of the inner shelf, northeastern Bering Sea. Geol Mijnbouw 61:49-62.]</p>
        <p>This volume may be found at many university libraries.</p>
      </abstract>
      <purpose>A report showing the depositional and erosional features of the inner shelf, northeastern Bering Sea.</purpose>
    </descript>
    <timeperd>
      <timeinfo />
      <current>Publication Date</current>
    </timeperd>
    <status>
      <progress>Complete</progress>
      <update>Unknown</update>
    </status>
    <spdom>
      <bounding>
        <westbc>-168.5</westbc>
        <eastbc>-162</eastbc>
        <northbc>66</northbc>
        <southbc>62</southbc>
      </bounding>
    </spdom>
    <keywords>
      <theme>
        <themekt>North Pacific Ecosystem Metadatabase</themekt>
        <themekey>Geology</themekey>
      </theme>
      <theme>
        <themekt>Other</themekt>
        <themekey>Bathymetric Profiles</themekey>
        <themekey>Alaska</themekey>
        <themekey>Sediment Transport</themekey>
        <themekey>Bering Sea Shelf</themekey>
        <themekey>Northeastern Bering Sea</themekey>
        <themekey>Sonographs</themekey>
        <themekey>Yukon Delta</themekey>
        <themekey>Port Clarence, Alaska</themekey>
        <themekey>North Pacific Ocean</themekey>
      </theme>
    </keywords>
    <accconst>None</accconst>
    <useconst>None</useconst>
    <ptcontac>
      <cntinfo>
        <cntperp>
          <cntper>Natural Sciences Library</cntper>
        </cntperp>
        <cntaddr>
          <addrtype>Mailing and Physical Address</addrtype>
          <address>Allen Library South, Ground and 1st floors
Box 35290</address>
          <city>Seatte</city>
          <state>WA</state>
          <postal>98195-2900</postal>
          <country>USA</country>
        </cntaddr>
        <cntvoice>206-543-1243</cntvoice>
        <cntfax>206-685-1665</cntfax>
        <cntemail>natsci@u.washington.edu</cntemail>
      </cntinfo>
    </ptcontac>
  </idinfo>
  <distinfo>
    <distrib>
      <cntinfo>
        <cntperp>
          <cntper>Natural Sciences Library</cntper>
        </cntperp>
        <cntaddr>
          <addrtype>Mailing and Physical Address</addrtype>
          <address>Allen Library South, Ground and 1st floors
Box 35290</address>
          <city>Seatte</city>
          <state>WA</state>
          <postal>98195-2900</postal>
          <country>USA</country>
        </cntaddr>
        <cntvoice>206-543-1243</cntvoice>
        <cntfax>206-685-1665</cntfax>
        <cntemail>natsci@u.washington.edu</cntemail>
      </cntinfo>
    </distrib>
    <distliab>While every effort has been made to ensure that these data are accurate and reliable within the limits of the current state of the art, NOAA cannot assume liability for any damages caused by any errors or omissions in the data, nor as a result of the failure of the data to function on a particular system. NOAA makes no warranty, expressed or implied, nor does the fact of distribution constitute such a warranty.</distliab>
  </distinfo>
  <metainfo>
    <metd>19990201</metd>
    <metc>
      <cntinfo>
        <cntperp>
          <cntper>Kimberly Bahl</cntper>
        </cntperp>
        <cntaddr>
          <addrtype>Mailing and Physical Address</addrtype>
          <address>NOAA / AFSC / PMEL, 7600 Sand Point Way N.E.</address>
          <city>Seattle</city>
          <state>WA</state>
          <postal>98115</postal>
          <country>USA</country>
        </cntaddr>
        <cntvoice>206-526-4314</cntvoice>
        <cntfax>206-526-6485</cntfax>
        <cntemail>kimberly.bahl@noaa.gov</cntemail>
      </cntinfo>
    </metc>
    <metstdn>Content Standards for Digital Geospatial Metadata</metstdn>
    <metstdv>FGDC-STD-001-1998</metstdv>
    <metac>None</metac>
    <metuc>None</metuc>
  </metainfo>
</metadata>
