<metadata>
  <idinfo>
    <citation>
      <citeinfo>
        <origin>Resource Data, Inc.</origin>
        <pubdate>1995</pubdate>
        <title>Mineral Terranes &amp; Known Mineral Deposit Areas</title>
      </citeinfo>
    </citation>
    <descript>
      <abstract>Data Type:  Mineral Deposit;   Mineral Terranes (MTAs) for the state of Alaska - Resource Data, Inc. completed a series of edits and updates to digital data files for the U.S. Bureau of Mines (USBM). Revisions to the Mineral Terranes Areas of Alaska (MTA) maps were completed based on information and digital data supplied by the U.S. Bureau of Mines and Alaska Earth Sciences. A new data set of Known Mineral Deposit Areas in Alaska (KMDA) was also developed.</abstract>
      <purpose>The compilation is designed to show areas of the state with potential for the discovery of resources of metallic minerals.   Intended use of data: Base layer for spatial analysis.</purpose>
    </descript>
    <timeperd>
      <timeinfo>
        <sngdate>
          <caldate>19950101</caldate>
        </sngdate>
      </timeinfo>
      <current>Publication Date</current>
    </timeperd>
    <status>
      <progress>Complete</progress>
      <update>Unknown</update>
    </status>
    <spdom>
      <bounding>
        <westbc>-167.49</westbc>
        <eastbc>-118.02</eastbc>
        <northbc>67.21</northbc>
        <southbc>54.15</southbc>
      </bounding>
    </spdom>
    <keywords>
      <theme>
        <themekt>North Pacific Ecosystem Metadatabase</themekt>
        <themekey>Geology</themekey>
        <themekey>Management</themekey>
      </theme>
      <theme>
        <themekt>Other</themekt>
        <themekey>Minerals</themekey>
        <themekey>Alaska</themekey>
        <themekey>North Pacific Ocean</themekey>
      </theme>
    </keywords>
    <accconst>None</accconst>
    <useconst>None</useconst>
    <ptcontac>
      <cntinfo>
        <cntperp>
          <cntper>Sherman, Gary E.</cntper>
        </cntperp>
        <cntaddr>
          <addrtype>Mailing and Physical Address</addrtype>
          <address>222 W. 7th Avenue #13-AK930</address>
          <city>Anchorage</city>
          <state>AK</state>
          <postal>99513</postal>
          <country>USA</country>
        </cntaddr>
        <cntvoice>907-271-2455</cntvoice>
        <cntfax>907-271-3933</cntfax>
        <cntemail>gsherman@ak.blm.gov</cntemail>
      </cntinfo>
    </ptcontac>
  </idinfo>
  <distinfo>
    <distrib>
      <cntinfo>
        <cntperp>
          <cntper>Sherman, Gary E.</cntper>
        </cntperp>
        <cntaddr>
          <addrtype>Mailing and Physical Address</addrtype>
          <address>222 W. 7th Avenue #13-AK930</address>
          <city>Anchorage</city>
          <state>AK</state>
          <postal>99513</postal>
          <country>USA</country>
        </cntaddr>
        <cntvoice>907-271-2455</cntvoice>
        <cntfax>907-271-3933</cntfax>
        <cntemail>gsherman@ak.blm.gov</cntemail>
      </cntinfo>
    </distrib>
    <distliab>While every effort has been made to ensure that these data are accurate and reliable within the limits of the current state of the art, NOAA cannot assume liability for any damages caused by any errors or omissions in the data, nor as a result of the failure of the data to function on a particular system. NOAA makes no warranty, expressed or implied, nor does the fact of distribution constitute such a warranty.</distliab>
  </distinfo>
  <metainfo>
    <metd>20020507</metd>
    <metc>
      <cntinfo>
        <cntperp>
          <cntper>Kimberly Bahl</cntper>
        </cntperp>
        <cntaddr>
          <addrtype>Mailing and Physical Address</addrtype>
          <address>NOAA / AFSC / PMEL, 7600 Sand Point Way N.E.</address>
          <city>Seattle</city>
          <state>WA</state>
          <postal>98115</postal>
          <country>USA</country>
        </cntaddr>
        <cntvoice>206-526-4314</cntvoice>
        <cntfax>206-526-6485</cntfax>
        <cntemail>kimberly.bahl@noaa.gov</cntemail>
      </cntinfo>
    </metc>
    <metstdn>Content Standards for Digital Geospatial Metadata</metstdn>
    <metstdv>FGDC-STD-001-1998</metstdv>
    <metac>None</metac>
    <metuc>None</metuc>
  </metainfo>
</metadata>
