<metadata>
  <idinfo>
    <citation>
      <citeinfo>
        <origin>National Fisheries Research and Development Institute (NFRDI), Korea Oceanographic Data Centre (KODC)</origin>
        <pubdate>Unknown</pubdate>
        <title>Serial Oceanographic Data</title>
      </citeinfo>
    </citation>
    <descript>
      <abstract>The serial oceanographic observations were carried out bimonthly on 175 fixed stations from 22 lines (East Sea; 8, South Sea : 7, West Sea ; 6 lines, Korea-Japan line ; 1) in Korean waters, since 1961, in February, April, June, August, October, and December. The water temperature, salinity, dissolved oxygen and meteorogical factors were recorded as well as nutrients data in some years and months.</abstract>
      <purpose>To archive serial oceanographic observations.</purpose>
    </descript>
    <timeperd>
      <timeinfo>
        <rngdates>
          <begdate>19610201</begdate>
          <enddate />
        </rngdates>
      </timeinfo>
      <current>Ground Condition</current>
    </timeperd>
    <status>
      <progress>In Progress</progress>
      <update>Daily</update>
    </status>
    <spdom>
      <bounding>
        <westbc>124.25</westbc>
        <eastbc>131.5</eastbc>
        <northbc>38.17</northbc>
        <southbc>33.1</southbc>
      </bounding>
    </spdom>
    <keywords>
      <theme>
        <themekt>North Pacific Ecosystem Metadatabase</themekt>
        <themekey>Oceanography</themekey>
      </theme>
      <theme>
        <themekt>Other</themekt>
        <themekey>Sea Temperature</themekey>
        <themekey>Salinity</themekey>
        <themekey>Oxygen</themekey>
        <themekey>pH</themekey>
        <themekey>Phosphate-P</themekey>
        <themekey>Nitrite-N</themekey>
        <themekey>Silicate-Si</themekey>
        <themekey>North Pacific Ocean</themekey>
      </theme>
    </keywords>
    <accconst>None</accconst>
    <useconst>Contact Source.</useconst>
    <ptcontac>
      <cntinfo>
        <cntperp>
          <cntper>Jeong, Hee-Dong</cntper>
        </cntperp>
        <cntaddr>
          <addrtype>Mailing Address</addrtype>
          <address>408-1 Shirang-ri, Gijang-eup</address>
          <city>Gijang-gun</city>
          <state>Busan</state>
          <postal>619-902</postal>
          <country>Republic of Korea</country>
        </cntaddr>
        <cntvoice>82-51-720-2223</cntvoice>
        <cntfax>82-51-720-2225</cntfax>
        <cntemail>kodc@nfrdi.re.kr</cntemail>
      </cntinfo>
    </ptcontac>
  </idinfo>
  <distinfo>
    <distrib>
      <cntinfo>
        <cntperp>
          <cntper>Jeong, Hee-Dong</cntper>
        </cntperp>
        <cntaddr>
          <addrtype>Mailing Address</addrtype>
          <address>408-1 Shirang-ri, Gijang-eup</address>
          <city>Gijang-gun</city>
          <state>Busan</state>
          <postal>619-902</postal>
          <country>Republic of Korea</country>
        </cntaddr>
        <cntvoice>82-51-720-2223</cntvoice>
        <cntfax>82-51-720-2225</cntfax>
        <cntemail>kodc@nfrdi.re.kr</cntemail>
      </cntinfo>
    </distrib>
    <distliab>While every effort has been made to ensure that these data are accurate and reliable within the limits of the current state of the art, NOAA cannot assume liability for any damages caused by any errors or omissions in the data, nor as a result of the failure of the data to function on a particular system. NOAA makes no warranty, expressed or implied, nor does the fact of distribution constitute such a warranty.</distliab>
  </distinfo>
  <metainfo>
    <metd>20040623</metd>
    <metc>
      <cntinfo>
        <cntperp>
          <cntper>Kimberly Bahl</cntper>
        </cntperp>
        <cntaddr>
          <addrtype>Mailing and Physical Address</addrtype>
          <address>NOAA / AFSC / PMEL, 7600 Sand Point Way N.E.</address>
          <city>Seattle</city>
          <state>WA</state>
          <postal>98115</postal>
          <country>USA</country>
        </cntaddr>
        <cntvoice>206-526-4314</cntvoice>
        <cntfax>206-526-6485</cntfax>
        <cntemail>kimberly.bahl@noaa.gov</cntemail>
      </cntinfo>
    </metc>
    <metstdn>Content Standards for Digital Geospatial Metadata</metstdn>
    <metstdv>FGDC-STD-001-1998</metstdv>
    <metac>None</metac>
    <metuc>Contact Source.</metuc>
  </metainfo>
</metadata>
