<metadata>
  <idinfo>
    <citation>
      <citeinfo>
        <origin>University of Washington (UW), International Pacific Halibut Commission (IPHC)</origin>
        <pubdate>Unknown</pubdate>
        <title>IPHC Ocean Bottom Properties Database</title>
      </citeinfo>
    </citation>
    <descript>
      <abstract>Data for the IPHC ocean bottom properties database were assembled from several sources, including the National Oceanic Data Center, National Marine Fisheries Service, Japanese Meteorological Agency, U.S. Foreign Observer Program, University of Alaska, and IPHC longline surveys.  The data were quality controlled through comparison of means and variances in areas of overlap.  All data were plotted and depths were checked against an independent bathymetry database (TerrainBase).  The database has the following boundary conditions: - Areal coverage: Alaska, British Columbia, and U.S. West Coast (to 30N) shelf and upper slope; - Depth: observations must be within 15 m of the bottom and are restricted to areas with a bottom depth of 1,000 m or less; - Variables: temperature, salinity, dissolved oxygen, nutrients (phosphate, nitrate, nitrite); - Time: as complete a historical record as possible.  Most of the data were compiled in the months of May through September.  

[ Reference: PICES Scientific Report No. 18 2001, Proceedings of the PICES/CoML/IPRC Workshop on "Impact of Climate Variability on Observation and Prediction of Ecosystem and Biodiversity Changes in the North Pacific", http://www.pices.int/publications/scientific_reports/Report18/default.aspx. ]</abstract>
      <purpose>To support modeling of historical changes in halibut size at age.</purpose>
    </descript>
    <timeperd>
      <timeinfo>
        <rngdates>
          <begdate>19610101</begdate>
          <enddate />
        </rngdates>
      </timeinfo>
      <current>Sample Date</current>
    </timeperd>
    <status>
      <progress>In Progress</progress>
      <update>Irregular</update>
    </status>
    <spdom>
      <bounding>
        <westbc>-170</westbc>
        <eastbc>-124.08</eastbc>
        <northbc>60</northbc>
        <southbc>30</southbc>
      </bounding>
    </spdom>
    <keywords>
      <theme>
        <themekt>North Pacific Ecosystem Metadatabase</themekt>
        <themekey>Oceanography</themekey>
      </theme>
      <theme>
        <themekt>Other</themekt>
        <themekey>Alaska</themekey>
        <themekey>British Columbia, Canada</themekey>
        <themekey>US West Coast</themekey>
        <themekey>North Pacific Ocean</themekey>
      </theme>
    </keywords>
    <accconst>Go to URL</accconst>
    <useconst>Contact Contributor.</useconst>
    <ptcontac>
      <cntinfo>
        <cntperp>
          <cntper>Leaman, Bruce</cntper>
        </cntperp>
        <cntaddr>
          <addrtype>Mailing Address</addrtype>
          <address>P.O. Box 95009</address>
          <city>Seattle</city>
          <state>WA</state>
          <postal>98145-2009</postal>
          <country>USA</country>
        </cntaddr>
        <cntvoice>206-634-1838x220</cntvoice>
        <cntfax>206-632-2983</cntfax>
        <cntemail>bruce@iphc.washington.edu</cntemail>
      </cntinfo>
    </ptcontac>
  </idinfo>
  <distinfo>
    <distrib>
      <cntinfo>
        <cntperp>
          <cntper>Leaman, Bruce</cntper>
        </cntperp>
        <cntaddr>
          <addrtype>Mailing Address</addrtype>
          <address>P.O. Box 95009</address>
          <city>Seattle</city>
          <state>WA</state>
          <postal>98145-2009</postal>
          <country>USA</country>
        </cntaddr>
        <cntvoice>206-634-1838x220</cntvoice>
        <cntfax>206-632-2983</cntfax>
        <cntemail>bruce@iphc.washington.edu</cntemail>
      </cntinfo>
    </distrib>
    <distliab>While every effort has been made to ensure that these data are accurate and reliable within the limits of the current state of the art, NOAA cannot assume liability for any damages caused by any errors or omissions in the data, nor as a result of the failure of the data to function on a particular system. NOAA makes no warranty, expressed or implied, nor does the fact of distribution constitute such a warranty.</distliab>
  </distinfo>
  <metainfo>
    <metd>20040225</metd>
    <metc>
      <cntinfo>
        <cntperp>
          <cntper>Kimberly Bahl</cntper>
        </cntperp>
        <cntaddr>
          <addrtype>Mailing and Physical Address</addrtype>
          <address>NOAA / AFSC / PMEL, 7600 Sand Point Way N.E.</address>
          <city>Seattle</city>
          <state>WA</state>
          <postal>98115</postal>
          <country>USA</country>
        </cntaddr>
        <cntvoice>206-526-4314</cntvoice>
        <cntfax>206-526-6485</cntfax>
        <cntemail>kimberly.bahl@noaa.gov</cntemail>
      </cntinfo>
    </metc>
    <metstdn>Content Standards for Digital Geospatial Metadata</metstdn>
    <metstdv>FGDC-STD-001-1998</metstdv>
    <metac>Go to URL</metac>
    <metuc>Contact Contributor.</metuc>
  </metainfo>
</metadata>
