<metadata>
  <idinfo>
    <citation>
      <citeinfo>
        <origin>North Pacific Anadromous Fish Commission (NPAFC)</origin>
        <pubdate>Unknown</pubdate>
        <title>Bering-Aleutian Salmon International Survey (BASIS)</title>
      </citeinfo>
    </citation>
    <descript>
      <abstract>
        <p>
          The Bering-Aleutian Salmon International Survey (BASIS) addresses scientific issues that provide necessary direction to the research include (but are not limited to):
          <ul>
            <li>Seasonal-specific migration patterns of salmon and their relation to the Bering Sea ecosystem</li>
            <li>Key biological, climatic, and oceanographic factors affecting long-term changes in Bering Sea food production and salmon growth rates</li>
            <li>Similarities in production trends between salmon populations in the Bering Sea and common factors associated with their trends in survival</li>
            <li>Overall limit or carrying capacity of the Bering Sea ecosystem to produce salmon</li>
          </ul>
        </p>
        <p>In 2002-2003 scientists of all NPAFC member nations cooperated in the design and execution of a complex ecosystem survey of salmon across the entire Bering Sea.</p>
        <p>Vast amounts of new information on the biology and ecology of foraging salmon and other fish species were collected. Oceanographic and other environmental data were gathered simultaneously with fishing operations. Research vessels sampled all major geographic regions, marine habitats (coastal, shelf, basin), and life history stages of salmon during summer and fall (July-November). A variety of fishing gear (trawl, gillnet, and longline) and plankton sampling gear were used. Calibration experiments were conducted to evaluate differences in some vessel/gear combinations. Samples and data for salmon age, growth, food habits, lipid content, bioenergetics, stock identification, and parasite research were collected. A shipboard technique to rapidly identify genetic stocks of salmon on the high seas was tested. Some fish were tagged and released with archival and data-storage tags that measure water temperature, swimming depth, and swimming speed. Over 50 scientific publications detailing the methods and results of BASIS research are in preparation.</p>
        <p>Plan for NPAFC Bering-Aleutian Salmon International Survey (BASIS) 2002 - 2006  is available for download at http://www.npafc.org/BASIS/579Rev2(BASIS).pdf</p>
      </abstract>
      <purpose>
        <p>
          <a href="http://www.npafc.org/" target="_blank">North Pacific Anadromous Fish Commissionﾒs</a>
          coordinated program of cooperative research on Pacific salmon in the Bering Sea that was designed to clarify the mechanisms of biological response by salmon to the conditions caused by climate changes.
        </p>
      </purpose>
    </descript>
    <timeperd>
      <timeinfo />
      <current>Publication Date</current>
    </timeperd>
    <status>
      <progress>In Progress</progress>
      <update>Unknown</update>
    </status>
    <spdom>
      <bounding>
        <westbc>165</westbc>
        <eastbc>-160</eastbc>
        <northbc>65</northbc>
        <southbc>52</southbc>
      </bounding>
    </spdom>
    <keywords>
      <theme>
        <themekt>North Pacific Ecosystem Metadatabase</themekt>
        <themekey>Plankton</themekey>
        <themekey>Oceanography</themekey>
        <themekey>Fish</themekey>
      </theme>
      <theme>
        <themekt>Other</themekt>
        <themekey>Stock Assessment</themekey>
        <themekey>Pelagic Neton</themekey>
        <themekey>Trawls</themekey>
        <themekey>Bering Sea</themekey>
        <themekey>Zooplankton</themekey>
        <themekey>Pacific Salmon</themekey>
        <themekey>Aleutian Islands Shelf</themekey>
        <themekey>North Pacific Ocean</themekey>
      </theme>
    </keywords>
    <accconst>None</accconst>
    <useconst>None</useconst>
    <ptcontac>
      <cntinfo>
        <cntperp>
          <cntper>NPAFC Secretariat</cntper>
        </cntperp>
        <cntaddr>
          <addrtype>Mailing and Physical Address</addrtype>
          <address>889 West Pender Street, Suite 502</address>
          <city>Vancouver</city>
          <state>BC</state>
          <postal>V6C 3B2</postal>
          <country>Canada</country>
        </cntaddr>
        <cntvoice>604-775-5550</cntvoice>
        <cntfax>604-775-5577</cntfax>
        <cntemail>secretariat@npafc.org</cntemail>
      </cntinfo>
    </ptcontac>
  </idinfo>
  <distinfo>
    <distrib>
      <cntinfo>
        <cntperp>
          <cntper>NPAFC Secretariat</cntper>
        </cntperp>
        <cntaddr>
          <addrtype>Mailing and Physical Address</addrtype>
          <address>889 West Pender Street, Suite 502</address>
          <city>Vancouver</city>
          <state>BC</state>
          <postal>V6C 3B2</postal>
          <country>Canada</country>
        </cntaddr>
        <cntvoice>604-775-5550</cntvoice>
        <cntfax>604-775-5577</cntfax>
        <cntemail>secretariat@npafc.org</cntemail>
      </cntinfo>
    </distrib>
    <distliab>While every effort has been made to ensure that these data are accurate and reliable within the limits of the current state of the art, NOAA cannot assume liability for any damages caused by any errors or omissions in the data, nor as a result of the failure of the data to function on a particular system. NOAA makes no warranty, expressed or implied, nor does the fact of distribution constitute such a warranty.</distliab>
  </distinfo>
  <metainfo>
    <metd>20050225</metd>
    <metc>
      <cntinfo>
        <cntperp>
          <cntper>Kimberly Bahl</cntper>
        </cntperp>
        <cntaddr>
          <addrtype>Mailing and Physical Address</addrtype>
          <address>NOAA / AFSC / PMEL, 7600 Sand Point Way N.E.</address>
          <city>Seattle</city>
          <state>WA</state>
          <postal>98115</postal>
          <country>USA</country>
        </cntaddr>
        <cntvoice>206-526-4314</cntvoice>
        <cntfax>206-526-6485</cntfax>
        <cntemail>kimberly.bahl@noaa.gov</cntemail>
      </cntinfo>
    </metc>
    <metstdn>Content Standards for Digital Geospatial Metadata</metstdn>
    <metstdv>FGDC-STD-001-1998</metstdv>
    <metac>None</metac>
    <metuc>None</metuc>
  </metainfo>
</metadata>
