<metadata>
  <idinfo>
    <citation>
      <citeinfo>
        <origin>DFO Staff</origin>
        <pubdate>Unpublished material</pubdate>
        <title>Ships` Bridge Logs</title>
        <geoform>Hardcopy; Tabular digital data</geoform>
      </citeinfo>
    </citation>
    <descript>
      <abstract>The bridge logs from oceanographic cruises from DFO ships such as the J.P. Tully, Vector, Parizeau, Endeavor, weatherships, etc. Including the automatically logged data collected from continuous surface sampler.</abstract>
      <purpose>Supports scientific and environmental research.</purpose>
      <supplinf>Custom software is available for use with this dataset.</supplinf>
    </descript>
    <timeperd>
      <timeinfo>
        <sngdate>
          <caldate>1974</caldate>
        </sngdate>
      </timeinfo>
      <current>publication date</current>
    </timeperd>
    <status>
      <progress>In Work</progress>
      <update>As needed</update>
    </status>
    <spdom>
      <bounding>
        <westbc>-139</westbc>
        <eastbc>-123</eastbc>
        <northbc>55</northbc>
        <southbc>48.25</southbc>
      </bounding>
    </spdom>
    <keywords>
      <theme>
        <themekt>None</themekt>
        <themekey>Oceanography</themekey>
        <themekey>Cruises</themekey>
        <themekey>Logbooks</themekey>
        <themekey>Continuous Surface Sampler</themekey>
        <themekey>oceans</themekey>
      </theme>
      <theme>
        <themekt>NASA/GCMD Earth Science Keywords</themekt>
        <themekey>Earth Science</themekey>
        <themekey>Oceans</themekey>
        <themekey>Ocean Temperature</themekey>
        <themekey>Sea Surface Temperature</themekey>
      </theme>
      <theme>
        <themekt>ISO 19115 Topic Category</themekt>
        <themekey>oceans</themekey>
      </theme>
      <place>
        <placekt>None</placekt>
        <placekey>Northern Hemisphere</placekey>
        <placekey>Western Hemisphere</placekey>
        <placekey>North America</placekey>
        <placekey>Northeast Pacific</placekey>
      </place>
      <place>
        <placekt>DFO Areas</placekt>
        <placekey>North Pacific Ocean</placekey>
        <placekey>North Inner Coast (QCS, Hecate, Dixon Inlet and passages)</placekey>
        <placekey>North Outer Coast (West Coast QCI)</placekey>
        <placekey>South Inner Coast (Johnstone, Georgia, JDF, inlets and passages)</placekey>
        <placekey>South Outer Coast (West Coast VI)</placekey>
      </place>
    </keywords>
    <accconst>Departmental</accconst>
    <useconst>None</useconst>
    <ptcontac>
      <cntinfo>
        <cntperp>
          <cntper>Bernard Minkley</cntper>
          <cntorg>Fisheries and Oceans Canada, Pacific Region, Institute of Ocean Sciences, Science Branch, Oceans Sciences and Productivity Division</cntorg>
        </cntperp>
        <cntpos>Oceanographic Technician, State of the Ocean</cntpos>
        <cntaddr>
          <addrtype>Oceanographic Technician,</addrtype>
          <address>9860 West Saanich Road</address>
          <address>PO Box 6000</address>
          <city>Sidney</city>
          <state>BC</state>
          <postal>V8L 4B2</postal>
          <country>Canada</country>
        </cntaddr>
        <cntvoice>(250) 363-6594</cntvoice>
        <cntemail>minkleyb@pac.dfo-mpo.gc.ca</cntemail>
      </cntinfo>
    </ptcontac>
  </idinfo>
  <distinfo>
    <distrib>
      <cntinfo>
        <cntorgp>
          <cntorg>Fisheries and Oceans Canada, Pacific Region, Institute of Ocean Sciences, Science Branch, Oceans Sciences and Productivity Division</cntorg>
          <cntper>John Page</cntper>
        </cntorgp>
        <cntpos>Programmer/Analyst, Integration and Prediction</cntpos>
        <cntaddr>
          <addrtype>Physical and mailing</addrtype>
          <address>9860 West Saanich Road</address>
          <address>PO Box 6000</address>
          <city>Sidney</city>
          <state>BC</state>
          <postal>V8L 4B2</postal>
          <country>Canada</country>
        </cntaddr>
        <cntvoice>(250) 363-6467</cntvoice>
        <cntemail>pagej@pac.dfo-mpo.gc.ca</cntemail>
      </cntinfo>
    </distrib>
    <resdesc>PAC-OSAP-202</resdesc>
    <distliab>These data are provided "as-is".</distliab>
  </distinfo>
  <metainfo>
    <metd>20040614</metd>
    <metc>
      <cntinfo>
        <cntorgp>
          <cntorg>Fisheries and Oceans Canada, Pacific Region, Institute of Ocean Sciences, Science Branch, Oceans Sciences and Productivity Division</cntorg>
          <cntper>John Page</cntper>
        </cntorgp>
        <cntpos>Programmer/Analyst, Integration and Prediction</cntpos>
        <cntaddr>
          <addrtype>Physical and mailing</addrtype>
          <address>9860 West Saanich Road</address>
          <address>PO Box 6000</address>
          <city>Sidney</city>
          <state>BC</state>
          <postal>V8L 4B2</postal>
          <country>Canada</country>
        </cntaddr>
        <cntvoice>(250) 363-6467</cntvoice>
        <cntemail>pagej@pac.dfo-mpo.gc.ca</cntemail>
      </cntinfo>
    </metc>
    <metstdn>FGDC Content Standard for Digital Geospatial Metadata</metstdn>
    <metstdv>FGDC-STD-001-1998</metstdv>
  </metainfo>
</metadata>
