<metadata>
  <idinfo>
    <citation>
      <citeinfo>
        <origin>Department of Fisheries and Oceans, Institute of Ocean Sciences</origin>
        <pubdate>Unknown</pubdate>
        <title>Columbia River - Fish Passage</title>
      </citeinfo>
    </citation>
    <descript>
      <abstract>Measurement Details
Daily counts of adult fish (by species) passing various sites (1962-present); hatchery releases (1995-present); Smolt Index (by species) (1985-present).

Custodian
Columbia Basin Research (CBR) is a joint effort of scientific research projects through the School of Fisheries at the University of Washington under the leadership of James Anderson and John Skalski.

Base Internet/URL -- ( http://www.cqs.washington.edu/index.html )  ( http://www.cqs.washington.edu/dart/dart.html )

[ A TCODE project ]</abstract>
      <purpose />
    </descript>
    <timeperd>
      <timeinfo>
        <rngdates>
          <begdate>19620101</begdate>
          <enddate>19991231</enddate>
        </rngdates>
      </timeinfo>
      <current>Sample Date</current>
    </timeperd>
    <status>
      <progress>Complete</progress>
      <update>As Needed</update>
    </status>
    <spdom>
      <bounding>
        <westbc>165</westbc>
        <eastbc>-165</eastbc>
        <northbc>67</northbc>
        <southbc>52</southbc>
      </bounding>
    </spdom>
    <keywords>
      <theme>
        <themekt>North Pacific Ecosystem Metadatabase</themekt>
        <themekey>Fish</themekey>
      </theme>
      <theme>
        <themekt>Other</themekt>
        <themekey>Fish Content</themekey>
        <themekey>North Pacific Ocean</themekey>
      </theme>
    </keywords>
    <accconst>Graphical and tabular data may be downloaded from this site</accconst>
    <useconst>None</useconst>
    <ptcontac>
      <cntinfo>
        <cntperp>
          <cntper>Brown, Robin</cntper>
        </cntperp>
        <cntaddr>
          <addrtype>Mailing and Physical Address</addrtype>
          <address>P.O. Box 6000</address>
          <city>Sidney</city>
          <state>BC</state>
          <postal>V81 4B2</postal>
          <country>Canada</country>
        </cntaddr>
        <cntvoice>604-363-6584</cntvoice>
        <cntfax>604-363-6390</cntfax>
        <cntemail>rmbrown@ios.bc.ca</cntemail>
      </cntinfo>
    </ptcontac>
  </idinfo>
  <distinfo>
    <distrib>
      <cntinfo>
        <cntperp>
          <cntper>Brown, Robin</cntper>
        </cntperp>
        <cntaddr>
          <addrtype>Mailing and Physical Address</addrtype>
          <address>P.O. Box 6000</address>
          <city>Sidney</city>
          <state>BC</state>
          <postal>V81 4B2</postal>
          <country>Canada</country>
        </cntaddr>
        <cntvoice>604-363-6584</cntvoice>
        <cntfax>604-363-6390</cntfax>
        <cntemail>rmbrown@ios.bc.ca</cntemail>
      </cntinfo>
    </distrib>
    <distliab>While every effort has been made to ensure that these data are accurate and reliable within the limits of the current state of the art, NOAA cannot assume liability for any damages caused by any errors or omissions in the data, nor as a result of the failure of the data to function on a particular system. NOAA makes no warranty, expressed or implied, nor does the fact of distribution constitute such a warranty.</distliab>
  </distinfo>
  <metainfo>
    <metd>19990813</metd>
    <metc>
      <cntinfo>
        <cntperp>
          <cntper>Kimberly Bahl</cntper>
        </cntperp>
        <cntaddr>
          <addrtype>Mailing and Physical Address</addrtype>
          <address>NOAA / AFSC / PMEL, 7600 Sand Point Way N.E.</address>
          <city>Seattle</city>
          <state>WA</state>
          <postal>98115</postal>
          <country>USA</country>
        </cntaddr>
        <cntvoice>206-526-4314</cntvoice>
        <cntfax>206-526-6485</cntfax>
        <cntemail>kimberly.bahl@noaa.gov</cntemail>
      </cntinfo>
    </metc>
    <metstdn>Content Standards for Digital Geospatial Metadata</metstdn>
    <metstdv>FGDC-STD-001-1998</metstdv>
    <metac>Graphical and tabular data may be downloaded from this site</metac>
    <metuc>None</metuc>
  </metainfo>
</metadata>
