<metadata>
  <idinfo>
    <citation>
      <citeinfo>
        <origin>Ecotrust, Pacific GIS, and Conservation International</origin>
        <pubdate>1990</pubdate>
        <title>Bathymetric Contours</title>
      </citeinfo>
    </citation>
    <descript>
      <abstract>Data Type: Ocean/Coasts ;   This layer contains bathymetric contours (20m interval) for the Exxon Valdez oil spill area as distributed by the Alaska Department of Natural Resources (DNR). The Alaska DNR data is based primarily on National Ocean Service (NOS) data. NOS publishes digital bathymetric data in two forms: raw depths of all soundings from included bathymetric surveys, and "gridded" data (a summarization of the raw data information). Gridded data is a summarization of raw NOS data information and includes the mean, maximum, and minimum depths recorded in each cell in a 15 second latitude by 15 second longitude grid. The Alaska DNR augmented the gridded data with information from NOAA nautical charts and converted it to bathymetric contours (interval = 20 m). Please see documentation for bath_pl and bath_pt for related databases.</abstract>
      <purpose>Unknown</purpose>
    </descript>
    <timeperd>
      <timeinfo>
        <sngdate>
          <caldate>19900101</caldate>
        </sngdate>
      </timeinfo>
      <current>Ground Condition</current>
    </timeperd>
    <status>
      <progress>Complete</progress>
      <update>Unknown</update>
    </status>
    <spdom>
      <bounding>
        <westbc>-149.3</westbc>
        <eastbc>-145</eastbc>
        <northbc>61.3</northbc>
        <southbc>59.45</southbc>
      </bounding>
    </spdom>
    <keywords>
      <theme>
        <themekt>North Pacific Ecosystem Metadatabase</themekt>
        <themekey>Oceanography</themekey>
        <themekey>Management</themekey>
        <themekey>Benthic</themekey>
      </theme>
      <theme>
        <themekt>Other</themekt>
        <themekey>Bathymetry</themekey>
        <themekey>Gridded Data</themekey>
        <themekey>Alaska</themekey>
        <themekey>North Pacific Ocean</themekey>
      </theme>
    </keywords>
    <accconst>Data transfer costs will be based on staff time and media costs.</accconst>
    <useconst>Data may not be sold.</useconst>
    <ptcontac>
      <cntinfo>
        <cntperp>
          <cntper>Oakley, Karen</cntper>
        </cntperp>
        <cntaddr>
          <addrtype>Mailing and Physical Address</addrtype>
          <address>1011 East Tudor Road</address>
          <city>Anchorage</city>
          <state>AK</state>
          <postal>99503</postal>
          <country>USA</country>
        </cntaddr>
        <cntvoice>907-786-3579</cntvoice>
        <cntfax />
        <cntemail>karen_oakley@nbs.gov</cntemail>
      </cntinfo>
    </ptcontac>
  </idinfo>
  <distinfo>
    <distrib>
      <cntinfo>
        <cntperp>
          <cntper>Oakley, Karen</cntper>
        </cntperp>
        <cntaddr>
          <addrtype>Mailing and Physical Address</addrtype>
          <address>1011 East Tudor Road</address>
          <city>Anchorage</city>
          <state>AK</state>
          <postal>99503</postal>
          <country>USA</country>
        </cntaddr>
        <cntvoice>907-786-3579</cntvoice>
        <cntfax />
        <cntemail>karen_oakley@nbs.gov</cntemail>
      </cntinfo>
    </distrib>
    <distliab>While every effort has been made to ensure that these data are accurate and reliable within the limits of the current state of the art, NOAA cannot assume liability for any damages caused by any errors or omissions in the data, nor as a result of the failure of the data to function on a particular system. NOAA makes no warranty, expressed or implied, nor does the fact of distribution constitute such a warranty.</distliab>
  </distinfo>
  <metainfo>
    <metd>20020429</metd>
    <metc>
      <cntinfo>
        <cntperp>
          <cntper>Kimberly Bahl</cntper>
        </cntperp>
        <cntaddr>
          <addrtype>Mailing and Physical Address</addrtype>
          <address>NOAA / AFSC / PMEL, 7600 Sand Point Way N.E.</address>
          <city>Seattle</city>
          <state>WA</state>
          <postal>98115</postal>
          <country>USA</country>
        </cntaddr>
        <cntvoice>206-526-4314</cntvoice>
        <cntfax>206-526-6485</cntfax>
        <cntemail>kimberly.bahl@noaa.gov</cntemail>
      </cntinfo>
    </metc>
    <metstdn>Content Standards for Digital Geospatial Metadata</metstdn>
    <metstdv>FGDC-STD-001-1998</metstdv>
    <metac>Data transfer costs will be based on staff time and media costs.</metac>
    <metuc>Data may not be sold.</metuc>
  </metainfo>
</metadata>
