<metadata>
  <idinfo>
    <citation>
      <citeinfo>
        <origin>Kristin McDougall: U. S. Geological Survey (USGS), Menlo Park, California 94025, U.S.A.</origin>
        <pubdate>19820301</pubdate>
        <title>Microfaunal Analysis of Late Quaternary Deposits of the Northern Bering Sea</title>
      </citeinfo>
    </citation>
    <descript>
      <abstract>
        <p>Holocene microfaunal association and distribution patterns define three inner-shelf biofacies in Norton Sound, northern Bering Sea. The first biofacies is composed of typical bay faunas dominated by the species. Eggerella advena, Buccella frigida, Ammotium cassis and Peophax dentaliformis. The second biofacies contains bay to inner-shelf faunas indicative of deeper, more marine waters: such inner-shelf species as Reophax arctica, R. fusiformis, Spiroplectammina biformis, and Textularia torquata dominate.  The third biofacies, common in deltaic areas with high sedimentation rates and freshwater input, is characterized by abundant Elphidium orbiculare and E. clavatum.  The distribution of other microfaunal groups (diatoms, ostracods, tintinnids, and fragments of larger invertebrates and plants) corresponds to current and sedimentary patterns.</p>
        <p>[Reference: McDougall, Kristin. 1982. Microfaunal Analysis of Late Quaternary Deposits of the Northern Bering Sea. Geologie Mijnb., 61(1):19-27.]</p>
        <p>This volume may be found at many university libraries.</p>
      </abstract>
      <purpose>To determine what biofacies, if any, could be recognized in the shallow marine waters of Norton Sound, what physical parameters might be related to any of the biofacies found, and which of these biofacies relations might be useful in interpreting the paleoecology of the Holocene transgression.</purpose>
    </descript>
    <timeperd>
      <timeinfo>
        <rngdates>
          <begdate>19760101</begdate>
          <enddate>19771231</enddate>
        </rngdates>
      </timeinfo>
      <current>Sample Date</current>
    </timeperd>
    <status>
      <progress>Complete</progress>
      <update>Unknown</update>
    </status>
    <spdom>
      <bounding>
        <westbc>-172</westbc>
        <eastbc>-160</eastbc>
        <northbc>66</northbc>
        <southbc>62.5</southbc>
      </bounding>
    </spdom>
    <keywords>
      <theme>
        <themekt>North Pacific Ecosystem Metadatabase</themekt>
        <themekey>Geology</themekey>
      </theme>
      <theme>
        <themekt>Other</themekt>
        <themekey>Microfauna</themekey>
        <themekey>Sediment Transport</themekey>
        <themekey>Norton Sound</themekey>
        <themekey>Bering Sea</themekey>
        <themekey>Bering Sea Shelf</themekey>
        <themekey>Alaska</themekey>
        <themekey>North Pacific Ocean</themekey>
      </theme>
    </keywords>
    <accconst>None</accconst>
    <useconst>None</useconst>
    <ptcontac>
      <cntinfo>
        <cntperp>
          <cntper>Natural Sciences Library</cntper>
        </cntperp>
        <cntaddr>
          <addrtype>Mailing and Physical Address</addrtype>
          <address>Allen Library South, Ground and 1st floors
Box 352900</address>
          <city>Seatte</city>
          <state>WA</state>
          <postal>98195-2900</postal>
          <country>USA</country>
        </cntaddr>
        <cntvoice>206-543-1243</cntvoice>
        <cntfax>206-685-1665</cntfax>
        <cntemail>natsci@u.washington.edu</cntemail>
      </cntinfo>
    </ptcontac>
  </idinfo>
  <distinfo>
    <distrib>
      <cntinfo>
        <cntperp>
          <cntper>Natural Sciences Library</cntper>
        </cntperp>
        <cntaddr>
          <addrtype>Mailing and Physical Address</addrtype>
          <address>Allen Library South, Ground and 1st floors
Box 352900</address>
          <city>Seatte</city>
          <state>WA</state>
          <postal>98195-2900</postal>
          <country>USA</country>
        </cntaddr>
        <cntvoice>206-543-1243</cntvoice>
        <cntfax>206-685-1665</cntfax>
        <cntemail>natsci@u.washington.edu</cntemail>
      </cntinfo>
    </distrib>
    <distliab>While every effort has been made to ensure that these data are accurate and reliable within the limits of the current state of the art, NOAA cannot assume liability for any damages caused by any errors or omissions in the data, nor as a result of the failure of the data to function on a particular system. NOAA makes no warranty, expressed or implied, nor does the fact of distribution constitute such a warranty.</distliab>
  </distinfo>
  <metainfo>
    <metd>19990201</metd>
    <metc>
      <cntinfo>
        <cntperp>
          <cntper>Kimberly Bahl</cntper>
        </cntperp>
        <cntaddr>
          <addrtype>Mailing and Physical Address</addrtype>
          <address>NOAA / AFSC / PMEL, 7600 Sand Point Way N.E.</address>
          <city>Seattle</city>
          <state>WA</state>
          <postal>98115</postal>
          <country>USA</country>
        </cntaddr>
        <cntvoice>206-526-4314</cntvoice>
        <cntfax>206-526-6485</cntfax>
        <cntemail>kimberly.bahl@noaa.gov</cntemail>
      </cntinfo>
    </metc>
    <metstdn>Content Standards for Digital Geospatial Metadata</metstdn>
    <metstdv>FGDC-STD-001-1998</metstdv>
    <metac>None</metac>
    <metuc>None</metuc>
  </metainfo>
</metadata>
