<metadata>
  <idinfo>
    <citation>
      <citeinfo>
        <origin>Marine Data Center, NMDIS</origin>
        <pubdate>Unknown</pubdate>
        <title>Marine Data From ZHEN HAI Station of China</title>
        <geoform>tabular digital data</geoform>
        <onlink>http://near-goos.coi.gov.cn/</onlink>
      </citeinfo>
    </citation>
    <descript>
      <abstract>The data cover the quasi-real time data from ZHEN HAI Station of china, including sea temperature and salinity, wave height, wave period, visibility, air temperature, air pressure, precipitation, wind speed and wind direction from January 2010 to December 2010. The format is an ASCII(character) format. There is one data file for each month. Code identification, decoding, format check, code transform, standardization, primary quality control, visual inspection, calibration, etc, are carried out before the creation of standard format datasets. The quality control procedure includes range check, illegal code check, station identification check, etc.</abstract>
      <purpose>To collect and archive marine data from Chinese coastal stations.</purpose>
    </descript>
    <timeperd>
      <timeinfo>
        <rngdates>
          <begdate>20100101</begdate>
          <enddate>20101230</enddate>
        </rngdates>
      </timeinfo>
      <current>ground condition</current>
    </timeperd>
    <status>
      <progress>Complete</progress>
      <update>Monthly</update>
    </status>
    <spdom>
      <bounding>
        <westbc>121.73</westbc>
        <eastbc>121.73</eastbc>
        <northbc>29.98</northbc>
        <southbc>29.98</southbc>
      </bounding>
    </spdom>
    <keywords>
      <theme>
        <themekt>None</themekt>
        <themekey>temperature and salinity</themekey>
        <themekey>wave</themekey>
        <themekey>wind</themekey>
      </theme>
      <place>
        <placekt>None</placekt>
        <placekey>ZHEN HAI</placekey>
        <placekey>East China Sea</placekey>
      </place>
    </keywords>
    <accconst>None</accconst>
    <useconst>None</useconst>
  </idinfo>
  <distinfo>
    <distrib>
      <cntinfo>
        <cntorgp>
          <cntorg>National Marine Data and Information Service, SOA, China</cntorg>
          <cntper>Yang Jinkun</cntper>
        </cntorgp>
        <cntaddr>
          <addrtype>mailing and physical</addrtype>
          <address>No.93, Liuwei Road, Hedong District, Tianjin</address>
          <city>Tianjin</city>
          <state>Tianjin</state>
          <postal>300171</postal>
          <country>China</country>
        </cntaddr>
        <cntvoice>86-22-24010830</cntvoice>
        <cntemail>yjk@mail.nmdis.gov.cn</cntemail>
      </cntinfo>
    </distrib>
    <distliab>Data Owner</distliab>
  </distinfo>
  <metainfo>
    <metd>20110921</metd>
    <metc>
      <cntinfo>
        <cntperp>
          <cntper>Chen Jixiang</cntper>
          <cntorg>National Marine Data and Information Service</cntorg>
        </cntperp>
        <cntaddr>
          <addrtype>mailing and physical</addrtype>
          <city>Tianjin</city>
          <state>Tianjin</state>
          <postal>300171</postal>
          <country>China</country>
        </cntaddr>
        <cntvoice>86-22-24010833</cntvoice>
        <cntemail>chenjx@mail.nmdis.gov.cn</cntemail>
      </cntinfo>
    </metc>
    <metstdn>FGDC Biological Data Profile of the Content Standard for Digital Geospatial Metadata</metstdn>
    <metstdv>FGDC-STD-001.1-1999</metstdv>
  </metainfo>
</metadata>
