<metadata>
  <idinfo>
    <citation>
      <citeinfo>
        <origin>National Oceanic and Atmospheric Administration (NOAA), National Environmental Satellite, Data and Information Service (NESDIS), Office of Satellite Data Processing and Distributing (OSDPD)</origin>
        <pubdate>Unknown</pubdate>
        <title>Sitka CoastWatch SST</title>
      </citeinfo>
    </citation>
    <descript>
      <abstract>This data set contains one SST image for each computation: split window, dual window, and triple window for Multichannel SST, Cross Product SST, and Non-Linear SST. The data control blocks of the SST file are not fixed, but are determined by the size of the geographic region and the specific subsampling. Each SST image is preceded by one header record. Data word 25 of the header record indicates the SST type that each image represents.

  The Office of Satellite Data Processing and Distribution (OSDPC) keeps this data for a month, then sends it to the National Climatic Data Center (NCDC) for archiving.  For current data, contact John Sapper at OSDPC,  telephone 301-457-0914 ext.148, e-mail: john.sapper@noaa.gov.  For archived data contact Thomas Ross at NCDC, telephone 828-271-4499, e-mail: tom.ross@noaa.gov.</abstract>
      <purpose>To archive SST images for Sitka in the Gulf of Alaska.</purpose>
    </descript>
    <timeperd>
      <timeinfo>
        <rngdates>
          <begdate>19911120</begdate>
          <enddate />
        </rngdates>
      </timeinfo>
      <current>Ground Condition</current>
    </timeperd>
    <status>
      <progress>In Progress</progress>
      <update>Unknown</update>
    </status>
    <spdom>
      <bounding>
        <westbc>-160</westbc>
        <eastbc>-130</eastbc>
        <northbc>60</northbc>
        <southbc>55</southbc>
      </bounding>
    </spdom>
    <keywords>
      <theme>
        <themekt>North Pacific Ecosystem Metadatabase</themekt>
        <themekey>Oceanography</themekey>
      </theme>
      <theme>
        <themekt>Other</themekt>
        <themekey>Sea Surface Temperature (SST)</themekey>
        <themekey>Gulf of Alaska</themekey>
        <themekey>Sitka, Alaska</themekey>
        <themekey>Advanced Very High Resolution Radiometer (AVHRR)</themekey>
        <themekey>Physical Oceanography</themekey>
        <themekey>North Pacific Ocean</themekey>
      </theme>
    </keywords>
    <accconst>Contact Source.</accconst>
    <useconst>Check with Source.</useconst>
    <ptcontac>
      <cntinfo>
        <cntperp>
          <cntper>Sapper, John F.</cntper>
        </cntperp>
        <cntaddr>
          <addrtype>Mailing and Physical Address</addrtype>
          <address>5200 AUTH RD</address>
          <city>Suitland</city>
          <state>MD</state>
          <postal>20746-4304</postal>
          <country>USA</country>
        </cntaddr>
        <cntvoice>301-457-0914x148</cntvoice>
        <cntfax>301-457-0918</cntfax>
        <cntemail>John.Sapper@noaa.gov</cntemail>
      </cntinfo>
    </ptcontac>
  </idinfo>
  <distinfo>
    <distrib>
      <cntinfo>
        <cntperp>
          <cntper>Sapper, John F.</cntper>
        </cntperp>
        <cntaddr>
          <addrtype>Mailing and Physical Address</addrtype>
          <address>5200 AUTH RD</address>
          <city>Suitland</city>
          <state>MD</state>
          <postal>20746-4304</postal>
          <country>USA</country>
        </cntaddr>
        <cntvoice>301-457-0914x148</cntvoice>
        <cntfax>301-457-0918</cntfax>
        <cntemail>John.Sapper@noaa.gov</cntemail>
      </cntinfo>
    </distrib>
    <distliab>While every effort has been made to ensure that these data are accurate and reliable within the limits of the current state of the art, NOAA cannot assume liability for any damages caused by any errors or omissions in the data, nor as a result of the failure of the data to function on a particular system. NOAA makes no warranty, expressed or implied, nor does the fact of distribution constitute such a warranty.</distliab>
  </distinfo>
  <metainfo>
    <metd>20040827</metd>
    <metc>
      <cntinfo>
        <cntperp>
          <cntper>Kimberly Bahl</cntper>
        </cntperp>
        <cntaddr>
          <addrtype>Mailing and Physical Address</addrtype>
          <address>NOAA / AFSC / PMEL, 7600 Sand Point Way N.E.</address>
          <city>Seattle</city>
          <state>WA</state>
          <postal>98115</postal>
          <country>USA</country>
        </cntaddr>
        <cntvoice>206-526-4314</cntvoice>
        <cntfax>206-526-6485</cntfax>
        <cntemail>kimberly.bahl@noaa.gov</cntemail>
      </cntinfo>
    </metc>
    <metstdn>Content Standards for Digital Geospatial Metadata</metstdn>
    <metstdv>FGDC-STD-001-1998</metstdv>
    <metac>Contact Source.</metac>
    <metuc>Check with Source.</metuc>
  </metainfo>
</metadata>
