<metadata>
  <idinfo>
    <citation>
      <citeinfo>
        <origin>Minerals Management Service</origin>
        <pubdate>1975-1988</pubdate>
        <title>Outer Continental Shelf Environmental Assessment Program (OCSEAP) Bibliography</title>
      </citeinfo>
    </citation>
    <descript>
      <abstract>A compilation of publications and reports that have resulted from scientific research on the marine and coastal environment of Alaska during the period of 1975-1988.</abstract>
      <purpose>To list publications and reports that have resulted from scientific research on the marine and coastal environment of Alaska.  The bibliography is available at Alaska libraries and is updated periodically.</purpose>
    </descript>
    <timeperd>
      <timeinfo>
        <rngdates>
          <begdate>19750101</begdate>
          <enddate>19881231</enddate>
        </rngdates>
      </timeinfo>
      <current>Ground Condition</current>
    </timeperd>
    <status>
      <progress>In Progress</progress>
      <update>Unknown</update>
    </status>
    <spdom>
      <bounding>
        <westbc>172</westbc>
        <eastbc>-130</eastbc>
        <northbc>72</northbc>
        <southbc>50</southbc>
      </bounding>
    </spdom>
    <keywords>
      <theme>
        <themekt>North Pacific Ecosystem Metadatabase</themekt>
        <themekey>Fish</themekey>
        <themekey>Oceanography</themekey>
        <themekey>Biology</themekey>
        <themekey>Chemistry</themekey>
      </theme>
      <theme>
        <themekt>Other</themekt>
        <themekey>Alaska</themekey>
        <themekey>Gulf of Alaska</themekey>
        <themekey>Chukchi Sea</themekey>
        <themekey>Bering Sea</themekey>
        <themekey>Beaufort Sea</themekey>
        <themekey>Arctic</themekey>
        <themekey>North Pacific Ocean</themekey>
      </theme>
    </keywords>
    <accconst>None</accconst>
    <useconst>None</useconst>
    <ptcontac>
      <cntinfo>
        <cntperp>
          <cntper>Huffaker, Tina</cntper>
        </cntperp>
        <cntaddr>
          <addrtype>Mailing and Physical Address</addrtype>
          <address>949  East 36th Avenue,  Room 110</address>
          <city>Anchorage</city>
          <state>AK</state>
          <postal>99508</postal>
          <country>USA</country>
        </cntaddr>
        <cntvoice>907-261-4435</cntvoice>
        <cntfax />
        <cntemail />
      </cntinfo>
    </ptcontac>
  </idinfo>
  <distinfo>
    <distrib>
      <cntinfo>
        <cntperp>
          <cntper>Huffaker, Tina</cntper>
        </cntperp>
        <cntaddr>
          <addrtype>Mailing and Physical Address</addrtype>
          <address>949  East 36th Avenue,  Room 110</address>
          <city>Anchorage</city>
          <state>AK</state>
          <postal>99508</postal>
          <country>USA</country>
        </cntaddr>
        <cntvoice>907-261-4435</cntvoice>
        <cntfax />
        <cntemail />
      </cntinfo>
    </distrib>
    <distliab>While every effort has been made to ensure that these data are accurate and reliable within the limits of the current state of the art, NOAA cannot assume liability for any damages caused by any errors or omissions in the data, nor as a result of the failure of the data to function on a particular system. NOAA makes no warranty, expressed or implied, nor does the fact of distribution constitute such a warranty.</distliab>
  </distinfo>
  <metainfo>
    <metd>19980728</metd>
    <metc>
      <cntinfo>
        <cntperp>
          <cntper>Kimberly Bahl</cntper>
        </cntperp>
        <cntaddr>
          <addrtype>Mailing and Physical Address</addrtype>
          <address>NOAA / AFSC / PMEL, 7600 Sand Point Way N.E.</address>
          <city>Seattle</city>
          <state>WA</state>
          <postal>98115</postal>
          <country>USA</country>
        </cntaddr>
        <cntvoice>206-526-4314</cntvoice>
        <cntfax>206-526-6485</cntfax>
        <cntemail>kimberly.bahl@noaa.gov</cntemail>
      </cntinfo>
    </metc>
    <metstdn>Content Standards for Digital Geospatial Metadata</metstdn>
    <metstdv>FGDC-STD-001-1998</metstdv>
    <metac>None</metac>
    <metuc>None</metuc>
  </metainfo>
</metadata>
