<metadata>
  <idinfo>
    <citation>
      <citeinfo>
        <origin>Pacific Oceanological Institute (POI)</origin>
        <pubdate>Unknown</pubdate>
        <title>Hydrographic Parameters and Plankton Time-series Observation of the Okhotsk Sea</title>
      </citeinfo>
    </citation>
    <descript>
      <abstract>Hydrographic parameters and plankton data.  Observations occurred twice yearly along the standard sections, down to 500-1,500 meter depth.  Results of historical observations since the 1950s were published as printed and electronic versions of an atlas.  

[ Reference: PICES Scientific Report No. 18 2001, Proceedings of the PICES/CoML/IPRC Workshop on "Impact of Climate Variability on Observation and Prediction of Ecosystem and Biodiversity Changes in the North Pacific", http://www.pices.int/publications/scientific_reports/Report18/default.aspx. ]</abstract>
      <purpose />
    </descript>
    <timeperd>
      <timeinfo />
      <current>Ground Condition</current>
    </timeperd>
    <status>
      <progress />
      <update />
    </status>
    <spdom>
      <bounding>
        <westbc>135</westbc>
        <eastbc>160</eastbc>
        <northbc>60</northbc>
        <southbc>45</southbc>
      </bounding>
    </spdom>
    <keywords>
      <theme>
        <themekt>North Pacific Ecosystem Metadatabase</themekt>
        <themekey>Plankton</themekey>
      </theme>
      <theme>
        <themekt>Other</themekt>
        <themekey>Hydrographics</themekey>
        <themekey>Sea of Okhotsk</themekey>
        <themekey>North Pacific Ocean</themekey>
      </theme>
    </keywords>
    <accconst>Contact Source</accconst>
    <useconst>Contact Source</useconst>
    <ptcontac>
      <cntinfo>
        <cntperp>
          <cntper>Lobanov, Vyacheslav B.</cntper>
        </cntperp>
        <cntaddr>
          <addrtype>Mailing Address</addrtype>
          <address />
          <city>Yuzhno-Sakhalinsk</city>
          <state />
          <postal>693002</postal>
          <country>Russia</country>
        </cntaddr>
        <cntvoice />
        <cntfax />
        <cntemail>vpishchalnik@mail.ru</cntemail>
      </cntinfo>
    </ptcontac>
  </idinfo>
  <distinfo>
    <distrib>
      <cntinfo>
        <cntperp>
          <cntper>Lobanov, Vyacheslav B.</cntper>
        </cntperp>
        <cntaddr>
          <addrtype>Mailing Address</addrtype>
          <address />
          <city>Yuzhno-Sakhalinsk</city>
          <state />
          <postal>693002</postal>
          <country>Russia</country>
        </cntaddr>
        <cntvoice />
        <cntfax />
        <cntemail>vpishchalnik@mail.ru</cntemail>
      </cntinfo>
    </distrib>
    <distliab>While every effort has been made to ensure that these data are accurate and reliable within the limits of the current state of the art, NOAA cannot assume liability for any damages caused by any errors or omissions in the data, nor as a result of the failure of the data to function on a particular system. NOAA makes no warranty, expressed or implied, nor does the fact of distribution constitute such a warranty.</distliab>
  </distinfo>
  <metainfo>
    <metd>20031216</metd>
    <metc>
      <cntinfo>
        <cntperp>
          <cntper>Kimberly Bahl</cntper>
        </cntperp>
        <cntaddr>
          <addrtype>Mailing and Physical Address</addrtype>
          <address>NOAA / AFSC / PMEL, 7600 Sand Point Way N.E.</address>
          <city>Seattle</city>
          <state>WA</state>
          <postal>98115</postal>
          <country>USA</country>
        </cntaddr>
        <cntvoice>206-526-4314</cntvoice>
        <cntfax>206-526-6485</cntfax>
        <cntemail>kimberly.bahl@noaa.gov</cntemail>
      </cntinfo>
    </metc>
    <metstdn>Content Standards for Digital Geospatial Metadata</metstdn>
    <metstdv>FGDC-STD-001-1998</metstdv>
    <metac>Contact Source</metac>
    <metuc>Contact Source</metuc>
  </metainfo>
</metadata>
