<metadata>
  <idinfo>
    <citation>
      <citeinfo>
        <origin>National Oceanic and Atmospheric Administration (NOAA), National Marine Fisheries Service (NMFS), Alaska Fisheries Science Center (AFSC)</origin>
        <pubdate>Unknown</pubdate>
        <title>Eastern Bering Sea Groundfish Food Habits Database</title>
      </citeinfo>
    </citation>
    <descript>
      <abstract>Eastern Bering Sea groundfish food habits database donated to AFSC by Japanese scientists who collected these data on Japanese research vessels from 1979 to 1985.  The database is composed of four tables. The primary diet table is the Predator-Prey (PP) table, which contains data on each stomach analyzed. Within this table are data on the size, weight, sex, stomach fullness and maturity of each predator along with the taxon, number, weight, and state of digestion of each prey within a given predatorﾒs stomach.  Identification information about the vessel, cruise, haul number and specimen number of each predator sampled are also kept in the PP table to allow unique identification of each sample as well as cross-referencing to other tables. The Haul table contains spatial, temporal and physical data for each location at which we have fish stomach samples. Within the Haul table are latitude, longitude, date, bottom and gear depth, surface and gear temperature, gear type as well as vessel, cruise and haul identifiers. The Prey Length (PL) table primarily contains size information of commercially important prey found in the stomach contents that were in adequate condition to allow measurement. In this table we have standard length (mm) of fish prey, carapace width (mm) of brachyuran crabs (snow, Tanner, Dungeness), and carapace length (mm) of anomuran (king) crabs and pandalid shrimps. Along with the prey data, the corresponding predator length as well as the vessel, cruise, haul identifiers and specimen number are maintained. Finally the intestine (Intest) table contains intestine data of those species, primarily small-mouthed flatfishes, from which we examine intestine contents in addition to stomach contents. This table is fundamentally structured the same as the PP table.  

[ Reference: PICES Scientific Report No. 18 2001, Proceedings of the PICES/CoML/IPRC Workshop on "Impact of Climate Variability on Observation and Prediction of Ecosystem and Biodiversity Changes in the North Pacific", http://www.pices.int/publications/scientific_reports/Report18/default.aspx. ]</abstract>
      <purpose>To be incorporated into multispecies and ecosystem models.</purpose>
    </descript>
    <timeperd>
      <timeinfo>
        <rngdates>
          <begdate>19790101</begdate>
          <enddate>19851231</enddate>
        </rngdates>
      </timeinfo>
      <current>Sample Date</current>
    </timeperd>
    <status>
      <progress>Complete</progress>
      <update>Unknown</update>
    </status>
    <spdom>
      <bounding>
        <westbc>172</westbc>
        <eastbc>-160</eastbc>
        <northbc>62</northbc>
        <southbc>50</southbc>
      </bounding>
    </spdom>
    <keywords>
      <theme>
        <themekt>North Pacific Ecosystem Metadatabase</themekt>
        <themekey>Fish</themekey>
      </theme>
      <theme>
        <themekt>Other</themekt>
        <themekey>Food Habits</themekey>
        <themekey>Eastern Bering Sea</themekey>
        <themekey>North Pacific Ocean</themekey>
      </theme>
    </keywords>
    <accconst>None</accconst>
    <useconst>Contact Source.</useconst>
    <ptcontac>
      <cntinfo>
        <cntperp>
          <cntper>Livingston, Patricia A.</cntper>
        </cntperp>
        <cntaddr>
          <addrtype>Mailing Address</addrtype>
          <address>7600 Sand Point Way N.E.</address>
          <city>Seattle</city>
          <state>WA</state>
          <postal>98115</postal>
          <country>USA</country>
        </cntaddr>
        <cntvoice>206-526-4242</cntvoice>
        <cntfax>206-526- 6723</cntfax>
        <cntemail>Pat.Livingston@noaa.gov</cntemail>
      </cntinfo>
    </ptcontac>
  </idinfo>
  <distinfo>
    <distrib>
      <cntinfo>
        <cntperp>
          <cntper>Livingston, Patricia A.</cntper>
        </cntperp>
        <cntaddr>
          <addrtype>Mailing Address</addrtype>
          <address>7600 Sand Point Way N.E.</address>
          <city>Seattle</city>
          <state>WA</state>
          <postal>98115</postal>
          <country>USA</country>
        </cntaddr>
        <cntvoice>206-526-4242</cntvoice>
        <cntfax>206-526- 6723</cntfax>
        <cntemail>Pat.Livingston@noaa.gov</cntemail>
      </cntinfo>
    </distrib>
    <distliab>While every effort has been made to ensure that these data are accurate and reliable within the limits of the current state of the art, NOAA cannot assume liability for any damages caused by any errors or omissions in the data, nor as a result of the failure of the data to function on a particular system. NOAA makes no warranty, expressed or implied, nor does the fact of distribution constitute such a warranty.</distliab>
  </distinfo>
  <metainfo>
    <metd>20040301</metd>
    <metc>
      <cntinfo>
        <cntperp>
          <cntper>Kimberly Bahl</cntper>
        </cntperp>
        <cntaddr>
          <addrtype>Mailing and Physical Address</addrtype>
          <address>NOAA / AFSC / PMEL, 7600 Sand Point Way N.E.</address>
          <city>Seattle</city>
          <state>WA</state>
          <postal>98115</postal>
          <country>USA</country>
        </cntaddr>
        <cntvoice>206-526-4314</cntvoice>
        <cntfax>206-526-6485</cntfax>
        <cntemail>kimberly.bahl@noaa.gov</cntemail>
      </cntinfo>
    </metc>
    <metstdn>Content Standards for Digital Geospatial Metadata</metstdn>
    <metstdv>FGDC-STD-001-1998</metstdv>
    <metac>None</metac>
    <metuc>Contact Source.</metuc>
  </metainfo>
</metadata>
