<metadata>
  <idinfo>
    <citation>
      <citeinfo>
        <origin>DFO Staff</origin>
        <pubdate>Unknown</pubdate>
        <title>Northwest Pacific and Bering Sea, 1991-1992 (GEMS)</title>
        <geoform>Tabular digital data; Digital document</geoform>
      </citeinfo>
    </citation>
    <descript>
      <abstract>Full depth hydrocast data from two cruises in the Northwest Pacific in 1991 and 1992 aboard Russian Ships in collaboration with Pacific Oceanological Institute, Vladivostok. In 1991, there were two legs: Vladivostok to Hawaii, and Vladivostok to Bering Sea to Vladivostok, 3 sediment traps were deployed. In 1992, the second leg was repeated, and sediment traps were recovered.</abstract>
      <purpose>Supports scientific and environmental research.</purpose>
      <supplinf>Physical samples exist for this dataset. Custom software is available for use with this dataset.</supplinf>
    </descript>
    <timeperd>
      <timeinfo>
        <rngdates>
          <begdate>1991</begdate>
          <enddate>1992</enddate>
        </rngdates>
      </timeinfo>
      <current>publication date</current>
    </timeperd>
    <status>
      <progress>Complete</progress>
      <update>None planned</update>
    </status>
    <spdom>
      <bounding>
        <westbc>131.8</westbc>
        <eastbc>-154.5</eastbc>
        <northbc>65</northbc>
        <southbc>18.5</southbc>
      </bounding>
    </spdom>
    <keywords>
      <theme>
        <themekt>None</themekt>
        <themekey>Oceanography</themekey>
        <themekey>Sediments</themekey>
        <themekey>Hydrocast Samples</themekey>
        <themekey>oceans</themekey>
      </theme>
      <theme>
        <themekt>NASA/GCMD Earth Science Keywords</themekt>
        <themekey>Earth Science</themekey>
        <themekey>Oceans</themekey>
        <themekey>Marine Sediments</themekey>
        <themekey>Sediment Composition</themekey>
      </theme>
      <theme>
        <themekt>ISO 19115 Topic Category</themekt>
        <themekey>oceans</themekey>
      </theme>
      <place>
        <placekt>None</placekt>
        <placekey>Northern Hemisphere</placekey>
        <placekey>Eastern Hemisphere</placekey>
        <placekey>Western Hemisphere</placekey>
        <placekey>North America</placekey>
        <placekey>Russia</placekey>
        <placekey>United States</placekey>
        <placekey>Alaska</placekey>
        <placekey>Hawaii</placekey>
        <placekey>Northwest Pacific</placekey>
        <placekey>Bering Sea</placekey>
        <placekey>Vladivostok</placekey>
      </place>
      <place>
        <placekt>DFO Areas</placekt>
        <placekey>North Pacific Ocean</placekey>
        <placekey>Bering Sea</placekey>
      </place>
    </keywords>
    <accconst>Departmental</accconst>
    <useconst>None</useconst>
    <ptcontac>
      <cntinfo>
        <cntperp>
          <cntper>Chi Shing Wong</cntper>
          <cntorg>Fisheries and Oceans Canada, Pacific Region, Institute of Ocean Sciences, Science Branch</cntorg>
        </cntperp>
        <cntpos>Research Scientist</cntpos>
        <cntaddr>
          <addrtype>Physical and mailing</addrtype>
          <address>9860 West Saanich Road</address>
          <address>PO Box 6000</address>
          <city>Sidney</city>
          <state>BC</state>
          <postal>V8L 4B2</postal>
          <country>Canada</country>
        </cntaddr>
        <cntvoice>(250) 363-6407</cntvoice>
        <cntemail>wongcs@pac.dfo-mpo.gc.ca</cntemail>
        <cntinst>Frank Whitney</cntinst>
      </cntinfo>
    </ptcontac>
  </idinfo>
  <distinfo>
    <distrib>
      <cntinfo>
        <cntorgp>
          <cntorg>Fisheries and Oceans Canada, Pacific Region, Institute of Ocean Sciences, Science Branch</cntorg>
          <cntper>Chi Shing Wong</cntper>
        </cntorgp>
        <cntpos>Research Scientist</cntpos>
        <cntaddr>
          <addrtype>Physical and mailing</addrtype>
          <address>9860 West Saanich Road</address>
          <address>PO Box 6000</address>
          <city>Sidney</city>
          <state>BC</state>
          <postal>V8L 4B2</postal>
          <country>Canada</country>
        </cntaddr>
        <cntvoice>(250) 363-6407</cntvoice>
        <cntemail>wongcs@pac.dfo-mpo.gc.ca</cntemail>
      </cntinfo>
    </distrib>
    <resdesc>PAC-OSAP-010</resdesc>
    <distliab>These data are provided "as-is".</distliab>
  </distinfo>
  <metainfo>
    <metd>20040610</metd>
    <metc>
      <cntinfo>
        <cntorgp>
          <cntorg>Fisheries and Oceans Canada, Pacific Region, Institute of Ocean Sciences, Science Branch</cntorg>
          <cntper>Chi Shing Wong</cntper>
        </cntorgp>
        <cntpos>Research Scientist</cntpos>
        <cntaddr>
          <addrtype>Physical and mailing</addrtype>
          <address>9860 West Saanich Road</address>
          <address>PO Box 6000</address>
          <city>Sidney</city>
          <state>BC</state>
          <postal>V8L 4B2</postal>
          <country>Canada</country>
        </cntaddr>
        <cntvoice>(250) 363-6407</cntvoice>
        <cntemail>wongcs@pac.dfo-mpo.gc.ca</cntemail>
      </cntinfo>
    </metc>
    <metstdn>FGDC Content Standard for Digital Geospatial Metadata</metstdn>
    <metstdv>FGDC-STD-001-1998</metstdv>
  </metainfo>
</metadata>
