<metadata>
  <idinfo>
    <citation>
      <citeinfo>
        <origin>University of Washington (UW), International Pacific Halibut Commission (IPHC)</origin>
        <pubdate>Unknown</pubdate>
        <title>Pacific Halibut Age-6 Recruitment Time Series for Gulf of Alaska and British Columbia</title>
      </citeinfo>
    </citation>
    <descript>
      <abstract>Age-6 recruitment time series from 1935 to 1994 for the Gulf of Alaska and British Columbia. Estimates are generated from a catch-age stock assessment model.  

[ Reference: PICES Scientific Report No. 18 2001, Proceedings of the PICES/CoML/IPRC Workshop on "Impact of Climate Variability on Observation and Prediction of Ecosystem and Biodiversity Changes in the North Pacific", http://www.pices.int/publications/scientific_reports/Report18/default.aspx. ]</abstract>
      <purpose>To understand Pacific halibut life history.</purpose>
    </descript>
    <timeperd>
      <timeinfo>
        <rngdates>
          <begdate>19350101</begdate>
          <enddate>19941231</enddate>
        </rngdates>
      </timeinfo>
      <current>Ground Condition</current>
    </timeperd>
    <status>
      <progress>Complete</progress>
      <update>Unknown</update>
    </status>
    <spdom>
      <bounding>
        <westbc>-160</westbc>
        <eastbc>-123</eastbc>
        <northbc>60</northbc>
        <southbc>49</southbc>
      </bounding>
    </spdom>
    <keywords>
      <theme>
        <themekt>North Pacific Ecosystem Metadatabase</themekt>
        <themekey>Fish</themekey>
      </theme>
      <theme>
        <themekt>Other</themekt>
        <themekey>Pacific Halibut</themekey>
        <themekey>Gulf of Alaska</themekey>
        <themekey>British Columbia, Canada</themekey>
        <themekey>North Pacific Ocean</themekey>
      </theme>
    </keywords>
    <accconst>Contact Source.</accconst>
    <useconst>Contact Source.</useconst>
    <ptcontac>
      <cntinfo>
        <cntperp>
          <cntper>Hare, Steven R.</cntper>
        </cntperp>
        <cntaddr>
          <addrtype>Mailing Address</addrtype>
          <address>P.O. Box 95009</address>
          <city>Seattle</city>
          <state>WA</state>
          <postal>98145-2009</postal>
          <country>USA</country>
        </cntaddr>
        <cntvoice>206-634-1838x220</cntvoice>
        <cntfax>206-632-2983</cntfax>
        <cntemail>hare@iphc.washington.edu</cntemail>
      </cntinfo>
    </ptcontac>
  </idinfo>
  <distinfo>
    <distrib>
      <cntinfo>
        <cntperp>
          <cntper>Hare, Steven R.</cntper>
        </cntperp>
        <cntaddr>
          <addrtype>Mailing Address</addrtype>
          <address>P.O. Box 95009</address>
          <city>Seattle</city>
          <state>WA</state>
          <postal>98145-2009</postal>
          <country>USA</country>
        </cntaddr>
        <cntvoice>206-634-1838x220</cntvoice>
        <cntfax>206-632-2983</cntfax>
        <cntemail>hare@iphc.washington.edu</cntemail>
      </cntinfo>
    </distrib>
    <distliab>While every effort has been made to ensure that these data are accurate and reliable within the limits of the current state of the art, NOAA cannot assume liability for any damages caused by any errors or omissions in the data, nor as a result of the failure of the data to function on a particular system. NOAA makes no warranty, expressed or implied, nor does the fact of distribution constitute such a warranty.</distliab>
  </distinfo>
  <metainfo>
    <metd>20040219</metd>
    <metc>
      <cntinfo>
        <cntperp>
          <cntper>Kimberly Bahl</cntper>
        </cntperp>
        <cntaddr>
          <addrtype>Mailing and Physical Address</addrtype>
          <address>NOAA / AFSC / PMEL, 7600 Sand Point Way N.E.</address>
          <city>Seattle</city>
          <state>WA</state>
          <postal>98115</postal>
          <country>USA</country>
        </cntaddr>
        <cntvoice>206-526-4314</cntvoice>
        <cntfax>206-526-6485</cntfax>
        <cntemail>kimberly.bahl@noaa.gov</cntemail>
      </cntinfo>
    </metc>
    <metstdn>Content Standards for Digital Geospatial Metadata</metstdn>
    <metstdv>FGDC-STD-001-1998</metstdv>
    <metac>Contact Source.</metac>
    <metuc>Contact Source.</metuc>
  </metainfo>
</metadata>
