<metadata>
  <idinfo>
    <citation>
      <citeinfo>
        <origin>National Snow and Ice Data Center (NSIDC)</origin>
        <pubdate>1975</pubdate>
        <title>Arctic Ice Dynamics Joint Experiment (AIDJEX) Wind, Current, and Camp Position Data</title>
      </citeinfo>
    </citation>
    <descript>
      <abstract>
        <p>During the summer of 1975, the Arctic Ice Dynamics Joint Experiment (AIDJEX) maintained four manned camps on ice floes in the Arctic Ocean. Instrumentation located at those camps, or deployed on floating data buoys, recorded surface and geostrophic winds, ocean current velocity at 2 and 30 meter depths, and camp (ice floe) position. Data are archived as daily average values for each camp, as well as ice velocity and smoothed positions. Surface pressure and geostrophic wind data are also available at 6-hourly intervals. Data acquired during the AIDJEX main experiment have been validated, for the most part, by the principal investigators and analysts. Data are available via ftp at ftp://sidads.colorado.edu/pub/DATASETS/NOAA/G02167.</p>
      </abstract>
      <purpose>To report on the Arctic Ice Dynamics Joint Experiment - Camp Data</purpose>
    </descript>
    <timeperd>
      <timeinfo>
        <rngdates>
          <begdate>19751231</begdate>
          <enddate />
        </rngdates>
      </timeinfo>
      <current>Sample Date</current>
    </timeperd>
    <status>
      <progress>Complete</progress>
      <update>None Planned</update>
    </status>
    <spdom>
      <bounding>
        <westbc>178</westbc>
        <eastbc>-168</eastbc>
        <northbc>67.5</northbc>
        <southbc>52</southbc>
      </bounding>
    </spdom>
    <keywords>
      <theme>
        <themekt>North Pacific Ecosystem Metadatabase</themekt>
        <themekey>Oceanography</themekey>
      </theme>
      <theme>
        <themekt>Other</themekt>
        <themekey>Arctic</themekey>
        <themekey>Wind Velocity</themekey>
        <themekey>Surface Winds</themekey>
        <themekey>Surface Pressure</themekey>
        <themekey>Ice Velocity</themekey>
        <themekey>Sea Ice Motion</themekey>
        <themekey>Current Velocity</themekey>
        <themekey>Ocean Currents</themekey>
        <themekey>North Pacific Ocean</themekey>
      </theme>
    </keywords>
    <accconst>None</accconst>
    <useconst>Check with Contributor</useconst>
    <ptcontac>
      <cntinfo>
        <cntperp>
          <cntper>NSIDC User Services</cntper>
        </cntperp>
        <cntaddr>
          <addrtype>Mailing and Physical Address</addrtype>
          <address>Campus Box 449 - CIRES</address>
          <city>Boulder</city>
          <state>CO</state>
          <postal>80309-0449</postal>
          <country>USA</country>
        </cntaddr>
        <cntvoice>303-492-6199</cntvoice>
        <cntfax>303-492-2468</cntfax>
        <cntemail>nsidc@nsidc.org</cntemail>
      </cntinfo>
    </ptcontac>
  </idinfo>
  <distinfo>
    <distrib>
      <cntinfo>
        <cntperp>
          <cntper>NSIDC User Services</cntper>
        </cntperp>
        <cntaddr>
          <addrtype>Mailing and Physical Address</addrtype>
          <address>Campus Box 449 - CIRES</address>
          <city>Boulder</city>
          <state>CO</state>
          <postal>80309-0449</postal>
          <country>USA</country>
        </cntaddr>
        <cntvoice>303-492-6199</cntvoice>
        <cntfax>303-492-2468</cntfax>
        <cntemail>nsidc@nsidc.org</cntemail>
      </cntinfo>
    </distrib>
    <distliab>While every effort has been made to ensure that these data are accurate and reliable within the limits of the current state of the art, NOAA cannot assume liability for any damages caused by any errors or omissions in the data, nor as a result of the failure of the data to function on a particular system. NOAA makes no warranty, expressed or implied, nor does the fact of distribution constitute such a warranty.</distliab>
  </distinfo>
  <metainfo>
    <metd>19990209</metd>
    <metc>
      <cntinfo>
        <cntperp>
          <cntper>Kimberly Bahl</cntper>
        </cntperp>
        <cntaddr>
          <addrtype>Mailing and Physical Address</addrtype>
          <address>NOAA / AFSC / PMEL, 7600 Sand Point Way N.E.</address>
          <city>Seattle</city>
          <state>WA</state>
          <postal>98115</postal>
          <country>USA</country>
        </cntaddr>
        <cntvoice>206-526-4314</cntvoice>
        <cntfax>206-526-6485</cntfax>
        <cntemail>kimberly.bahl@noaa.gov</cntemail>
      </cntinfo>
    </metc>
    <metstdn>Content Standards for Digital Geospatial Metadata</metstdn>
    <metstdv>FGDC-STD-001-1998</metstdv>
    <metac>None</metac>
    <metuc>Check with Contributor</metuc>
  </metainfo>
</metadata>
