<metadata>
  <idinfo>
    <citation>
      <citeinfo>
        <origin>DFO Staff</origin>
        <pubdate>Unknown</pubdate>
        <title>Moored Sediment Trap Data: Alaska Gyre</title>
        <geoform>Hardcopy; Tabular digital data; Digital document</geoform>
      </citeinfo>
    </citation>
    <descript>
      <abstract>Time-series data from sediment traps moored along Z line.</abstract>
      <purpose>Supports scientific and environmental research.</purpose>
      <supplinf>Physical samples exist for this dataset.</supplinf>
    </descript>
    <timeperd>
      <timeinfo>
        <rngdates>
          <begdate>1990</begdate>
          <enddate>1993</enddate>
        </rngdates>
      </timeinfo>
      <current>publication date</current>
    </timeperd>
    <status>
      <progress>Complete</progress>
      <update>None planned</update>
    </status>
    <spdom>
      <bounding>
        <westbc>170</westbc>
        <eastbc>-141</eastbc>
        <northbc>60</northbc>
        <southbc>45</southbc>
      </bounding>
    </spdom>
    <keywords>
      <theme>
        <themekt>None</themekt>
        <themekey>Alaska Gyre Ecosystem</themekey>
        <themekey>Sediments</themekey>
        <themekey>Time-Series Data</themekey>
        <themekey>oceans</themekey>
      </theme>
      <theme>
        <themekt>NASA/GCMD Earth Science Keywords</themekt>
        <themekey>Earth Science</themekey>
        <themekey>Oceans</themekey>
        <themekey>Marine Sediments</themekey>
        <themekey>Sediment Composition</themekey>
      </theme>
      <theme>
        <themekt>ISO 19115 Topic Category</themekt>
        <themekey>oceans</themekey>
      </theme>
      <place>
        <placekt>None</placekt>
        <placekey>Northern Hemisphere</placekey>
        <placekey>Western Hemisphere</placekey>
        <placekey>North America</placekey>
        <placekey>United States</placekey>
        <placekey>Alaska</placekey>
        <placekey>Aleutian Islands</placekey>
      </place>
      <place>
        <placekt>DFO Areas</placekt>
        <placekey>North Pacific Ocean</placekey>
        <placekey>North Outer Coast (West Coast QCI)</placekey>
        <placekey>North Inner Coast (QCS, Hecate, Dixon Inlet and passages)</placekey>
      </place>
    </keywords>
    <accconst>Departmental</accconst>
    <useconst>None</useconst>
    <ptcontac>
      <cntinfo>
        <cntperp>
          <cntper>Chi Shing Wong</cntper>
          <cntorg>Fisheries and Oceans Canada, Pacific Region, Institute of Ocean Sciences, Science Branch</cntorg>
        </cntperp>
        <cntpos>Research Scientist</cntpos>
        <cntaddr>
          <addrtype>Physical and mailing</addrtype>
          <address>9860 West Saanich Road</address>
          <address>PO Box 6000</address>
          <city>Sidney</city>
          <state>BC</state>
          <postal>V8L 4B2</postal>
          <country>Canada</country>
        </cntaddr>
        <cntvoice>(250) 363-6407</cntvoice>
        <cntemail>wongcs@pac.dfo-mpo.gc.ca</cntemail>
        <cntinst>Janet Barwell-Clarke</cntinst>
      </cntinfo>
    </ptcontac>
  </idinfo>
  <distinfo>
    <distrib>
      <cntinfo>
        <cntorgp>
          <cntorg>Fisheries and Oceans Canada, Pacific Region, Institute of Ocean Sciences, Science Branch</cntorg>
          <cntper>Chi Shing Wong</cntper>
        </cntorgp>
        <cntpos>Research Scientist</cntpos>
        <cntaddr>
          <addrtype>Physical and mailing</addrtype>
          <address>9860 West Saanich Road</address>
          <address>PO Box 6000</address>
          <city>Sidney</city>
          <state>BC</state>
          <postal>V8L 4B2</postal>
          <country>Canada</country>
        </cntaddr>
        <cntvoice>(250) 363-6407</cntvoice>
        <cntemail>wongcs@pac.dfo-mpo.gc.ca</cntemail>
      </cntinfo>
    </distrib>
    <resdesc>PAC-OSAP-003</resdesc>
    <distliab>These data are provided "as-is".</distliab>
  </distinfo>
  <metainfo>
    <metd>20040610</metd>
    <metc>
      <cntinfo>
        <cntorgp>
          <cntorg>Fisheries and Oceans Canada, Pacific Region, Institute of Ocean Sciences, Science Branch</cntorg>
          <cntper>Chi Shing Wong</cntper>
        </cntorgp>
        <cntpos>Research Scientist</cntpos>
        <cntaddr>
          <addrtype>Physical and mailing</addrtype>
          <address>9860 West Saanich Road</address>
          <address>PO Box 6000</address>
          <city>Sidney</city>
          <state>BC</state>
          <postal>V8L 4B2</postal>
          <country>Canada</country>
        </cntaddr>
        <cntvoice>(250) 363-6407</cntvoice>
        <cntemail>wongcs@pac.dfo-mpo.gc.ca</cntemail>
      </cntinfo>
    </metc>
    <metstdn>FGDC Content Standard for Digital Geospatial Metadata</metstdn>
    <metstdv>FGDC-STD-001-1998</metstdv>
  </metainfo>
</metadata>
