<metadata>
  <idinfo>
    <citation>
      <citeinfo>
        <origin>Gerald A. Sanger and Scott A. Hatch of the Alaska Fish and Wildlife Research Center, U.S. Fish and Wildlife Service, Anchorage, Alaska</origin>
        <pubdate>19870401</pubdate>
        <title>
          Diets of Nestling Tufted Puffins (
          <I>Fratercula cirrhata</I>
          ) in the Gulf of Alaska and Eastern Aleutian Islands in 1986, with Special Reference to "Forage Fish"
        </title>
      </citeinfo>
    </citation>
    <descript>
      <abstract>
        <p>
          This report describes field work and preliminary results of a study of the diets of nestling tufted puffins (
          <I>Fratercula cirrhata</I>
          ) at several breeding colonies in the northern and western Gulf of Alaska between Prince William Sound and Unimak Pass during late summer 1986.
        </p>
        <p>In late summer 1986, diets of nestling tufted puffins were studied at 18 breeding colonies between Prince William Sound and Unimak Pass as part of a continuing investigation into the commercial fish food dependencies of puffins in the northern Gulf of Alaska and eastern Aleutian Islands.</p>
        <p>[Reference: Sanger, G. A. and S. A. Hatch. 1987. Diets of nestling tufted puffins (Fratercula cirrhata) in the Gulf of Alaska and eastern Aleutian Islands in 1986, with special reference to "forage fish", Alaska Fish and Wildl. Res. Center, Seabird Res. Team, Field Rep., April 1987, U.S. Fish Wildl. Serv., Anchorage, AK.] Reprint available at the NOAA Seattle NMML Library.</p>
      </abstract>
      <purpose>This is a continuing project that is part of a broader program of investigations on seabirds conducted by the U.S. Fish and Wildlife Service, Alaska Fish and Wildlife Research Center.</purpose>
    </descript>
    <timeperd>
      <timeinfo>
        <rngdates>
          <begdate>19860725</begdate>
          <enddate>19860820</enddate>
        </rngdates>
      </timeinfo>
      <current>Sample Date</current>
    </timeperd>
    <status>
      <progress>Complete</progress>
      <update>Unknown</update>
    </status>
    <spdom>
      <bounding>
        <westbc>-165</westbc>
        <eastbc>-145</eastbc>
        <northbc>59</northbc>
        <southbc>56.67</southbc>
      </bounding>
    </spdom>
    <keywords>
      <theme>
        <themekt>North Pacific Ecosystem Metadatabase</themekt>
        <themekey>Fish</themekey>
        <themekey>Birds</themekey>
      </theme>
      <theme>
        <themekt>Other</themekt>
        <themekey>Bering Sea</themekey>
        <themekey>Diet</themekey>
        <themekey>Tufted Puffins</themekey>
        <themekey>Eastern Aleutian Islands</themekey>
        <themekey>Prince William Sound</themekey>
        <themekey>Gulf of Alaska</themekey>
        <themekey>Alaska</themekey>
        <themekey>North Pacific Ocean</themekey>
      </theme>
    </keywords>
    <accconst>None</accconst>
    <useconst>None</useconst>
    <ptcontac>
      <cntinfo>
        <cntperp>
          <cntper>NMML Library</cntper>
        </cntperp>
        <cntaddr>
          <addrtype>Mailing and Physical Address</addrtype>
          <address>7600 Sand Point Way N.E.</address>
          <city>Seattle</city>
          <state>WA</state>
          <postal>98115</postal>
          <country>USA</country>
        </cntaddr>
        <cntvoice>206-526-4013</cntvoice>
        <cntfax>206-526-6615</cntfax>
        <cntemail>nmml.library@noaa.gov</cntemail>
      </cntinfo>
    </ptcontac>
  </idinfo>
  <distinfo>
    <distrib>
      <cntinfo>
        <cntperp>
          <cntper>NMML Library</cntper>
        </cntperp>
        <cntaddr>
          <addrtype>Mailing and Physical Address</addrtype>
          <address>7600 Sand Point Way N.E.</address>
          <city>Seattle</city>
          <state>WA</state>
          <postal>98115</postal>
          <country>USA</country>
        </cntaddr>
        <cntvoice>206-526-4013</cntvoice>
        <cntfax>206-526-6615</cntfax>
        <cntemail>nmml.library@noaa.gov</cntemail>
      </cntinfo>
    </distrib>
    <distliab>While every effort has been made to ensure that these data are accurate and reliable within the limits of the current state of the art, NOAA cannot assume liability for any damages caused by any errors or omissions in the data, nor as a result of the failure of the data to function on a particular system. NOAA makes no warranty, expressed or implied, nor does the fact of distribution constitute such a warranty.</distliab>
  </distinfo>
  <metainfo>
    <metd>19990125</metd>
    <metc>
      <cntinfo>
        <cntperp>
          <cntper>Kimberly Bahl</cntper>
        </cntperp>
        <cntaddr>
          <addrtype>Mailing and Physical Address</addrtype>
          <address>NOAA / AFSC / PMEL, 7600 Sand Point Way N.E.</address>
          <city>Seattle</city>
          <state>WA</state>
          <postal>98115</postal>
          <country>USA</country>
        </cntaddr>
        <cntvoice>206-526-4314</cntvoice>
        <cntfax>206-526-6485</cntfax>
        <cntemail>kimberly.bahl@noaa.gov</cntemail>
      </cntinfo>
    </metc>
    <metstdn>Content Standards for Digital Geospatial Metadata</metstdn>
    <metstdv>FGDC-STD-001-1998</metstdv>
    <metac>None</metac>
    <metuc>None</metuc>
  </metainfo>
</metadata>
