<metadata>
  <idinfo>
    <citation>
      <citeinfo>
        <origin>China State Oceanic Administration, First Institute of Oceanography</origin>
        <pubdate>Unknown</pubdate>
        <title>1996 Chinese Spring Cruise of the Yellow Sea</title>
      </citeinfo>
    </citation>
    <descript>
      <abstract>Oceanography data from cruise covering the whole Yellow Sea.  Cruises were carried out from the spring of 1996 to the spring of 1998.  Data include chemical and biological observations, CTD, and  ADCP.  

[ Reference: PICES Scientific Report No. 18 2001, Proceedings of the PICES/CoML/IPRC Workshop on "Impact of Climate Variability on Observation and Prediction of Ecosystem and Biodiversity Changes in the North Pacific", http://www.pices.int/publications/scientific_reports/Report18/default.aspx. ]</abstract>
      <purpose>To better understand the Yellow Sea.</purpose>
    </descript>
    <timeperd>
      <timeinfo>
        <mdattim>
          <sngdate>
            <caldate>Spring of 1996</caldate>
          </sngdate>
        </mdattim>
      </timeinfo>
      <current>Ground Condition</current>
    </timeperd>
    <status>
      <progress>Complete</progress>
      <update>Irregular</update>
    </status>
    <spdom>
      <bounding>
        <westbc>121</westbc>
        <eastbc>126</eastbc>
        <northbc>37</northbc>
        <southbc>31.5</southbc>
      </bounding>
    </spdom>
    <keywords>
      <theme>
        <themekt>North Pacific Ecosystem Metadatabase</themekt>
        <themekey>Oceanography</themekey>
      </theme>
      <theme>
        <themekt>Other</themekt>
        <themekey>Yellow Sea/West Sea</themekey>
        <themekey>North Pacific Ocean</themekey>
      </theme>
    </keywords>
    <accconst>Contact Source.</accconst>
    <useconst>Contact Source.</useconst>
    <ptcontac>
      <cntinfo>
        <cntperp>
          <cntper>Qiao, Fangli</cntper>
        </cntperp>
        <cntaddr>
          <addrtype>Mailing Address</addrtype>
          <address>Xian-Xia-Ling Road</address>
          <city>Qingdao</city>
          <state>Shangdong</state>
          <postal>266061</postal>
          <country>China</country>
        </cntaddr>
        <cntvoice>301-763-8000</cntvoice>
        <cntfax>301-713-4598</cntfax>
        <cntemail>lagfd@public.qd.sd.cn</cntemail>
      </cntinfo>
    </ptcontac>
  </idinfo>
  <distinfo>
    <distrib>
      <cntinfo>
        <cntperp>
          <cntper>Qiao, Fangli</cntper>
        </cntperp>
        <cntaddr>
          <addrtype>Mailing Address</addrtype>
          <address>Xian-Xia-Ling Road</address>
          <city>Qingdao</city>
          <state>Shangdong</state>
          <postal>266061</postal>
          <country>China</country>
        </cntaddr>
        <cntvoice>301-763-8000</cntvoice>
        <cntfax>301-713-4598</cntfax>
        <cntemail>lagfd@public.qd.sd.cn</cntemail>
      </cntinfo>
    </distrib>
    <distliab>While every effort has been made to ensure that these data are accurate and reliable within the limits of the current state of the art, NOAA cannot assume liability for any damages caused by any errors or omissions in the data, nor as a result of the failure of the data to function on a particular system. NOAA makes no warranty, expressed or implied, nor does the fact of distribution constitute such a warranty.</distliab>
  </distinfo>
  <metainfo>
    <metd>20040102</metd>
    <metc>
      <cntinfo>
        <cntperp>
          <cntper>Kimberly Bahl</cntper>
        </cntperp>
        <cntaddr>
          <addrtype>Mailing and Physical Address</addrtype>
          <address>NOAA / AFSC / PMEL, 7600 Sand Point Way N.E.</address>
          <city>Seattle</city>
          <state>WA</state>
          <postal>98115</postal>
          <country>USA</country>
        </cntaddr>
        <cntvoice>206-526-4314</cntvoice>
        <cntfax>206-526-6485</cntfax>
        <cntemail>kimberly.bahl@noaa.gov</cntemail>
      </cntinfo>
    </metc>
    <metstdn>Content Standards for Digital Geospatial Metadata</metstdn>
    <metstdv>FGDC-STD-001-1998</metstdv>
    <metac>Contact Source.</metac>
    <metuc>Contact Source.</metuc>
  </metainfo>
</metadata>
