<metadata>
  <idinfo>
    <citation>
      <citeinfo>
        <origin>North Pacific Andromous Fish Commission (NPAFC)</origin>
        <pubdate>Unknown</pubdate>
        <title>Report of the Bering-Aleutian Salmon International Survey (BASIS) Working Group Meeting</title>
      </citeinfo>
    </citation>
    <descript>
      <abstract>
        <p>The Bering-Aleutian Salmon International Survey (BASIS) Working Group Meeting was held on 30 May 2003 at the School of Aquatic and Fishery Sciences, University of Washington in Seattle, Washington, U.S.A.</p>
        <p>
          The meeting agenda included the following:
          <ol>
            <li>Opening Remarks and Introductions</li>
            <li>Meeting Procedures</li>
            <li>Adoption of Agenda</li>
            <li>Review of Points of Contacts for BASIS Research</li>
            <li>Coordination of National Research Plans</li>
            <li>Annual Implementation Plan for Joint BASIS Research</li>
            <li>Sample and Data Exchanges; Exchanges of Scientists</li>
            <li>Reports and Publications</li>
            <li>Coordination and Cooperation with other Bering Sea Research Programs</li>
            <li>Financial Support and proposals</li>
            <li>Proposals for Future Meetings on BASIS Research</li>
            <li>Other Business</li>
            <li>Summary Report of the Meeting</li>
          </ol>
        </p>
      </abstract>
      <purpose>
        <p>To report on the Bering-Aleutian Salmon International Survey (BASIS) Working Group Meeting held in 2003</p>
      </purpose>
    </descript>
    <timeperd>
      <timeinfo />
      <current>Publication Date</current>
    </timeperd>
    <status>
      <progress>Complete</progress>
      <update>Unknown</update>
    </status>
    <spdom>
      <bounding>
        <westbc>150</westbc>
        <eastbc>-157</eastbc>
        <northbc>65.5</northbc>
        <southbc>39</southbc>
      </bounding>
    </spdom>
    <keywords>
      <theme>
        <themekt>North Pacific Ecosystem Metadatabase</themekt>
        <themekey>Fish</themekey>
      </theme>
      <theme>
        <themekt>Other</themekt>
        <themekey>Bering Sea</themekey>
        <themekey>Aleutian Islands Shelf</themekey>
        <themekey>Salmon</themekey>
        <themekey>North Pacific Ocean</themekey>
      </theme>
    </keywords>
    <accconst>None</accconst>
    <useconst>None</useconst>
    <ptcontac>
      <cntinfo>
        <cntperp>
          <cntper>NPAFC Secretariat</cntper>
        </cntperp>
        <cntaddr>
          <addrtype>Mailing and Physical Address</addrtype>
          <address>889 West Pender Street, Suite 502</address>
          <city>Vancouver</city>
          <state>BC</state>
          <postal>V6C 3B2</postal>
          <country>Canada</country>
        </cntaddr>
        <cntvoice>604-775-5550</cntvoice>
        <cntfax>604-775-5577</cntfax>
        <cntemail>secretariat@npafc.org</cntemail>
      </cntinfo>
    </ptcontac>
  </idinfo>
  <distinfo>
    <distrib>
      <cntinfo>
        <cntperp>
          <cntper>NPAFC Secretariat</cntper>
        </cntperp>
        <cntaddr>
          <addrtype>Mailing and Physical Address</addrtype>
          <address>889 West Pender Street, Suite 502</address>
          <city>Vancouver</city>
          <state>BC</state>
          <postal>V6C 3B2</postal>
          <country>Canada</country>
        </cntaddr>
        <cntvoice>604-775-5550</cntvoice>
        <cntfax>604-775-5577</cntfax>
        <cntemail>secretariat@npafc.org</cntemail>
      </cntinfo>
    </distrib>
    <distliab>While every effort has been made to ensure that these data are accurate and reliable within the limits of the current state of the art, NOAA cannot assume liability for any damages caused by any errors or omissions in the data, nor as a result of the failure of the data to function on a particular system. NOAA makes no warranty, expressed or implied, nor does the fact of distribution constitute such a warranty.</distliab>
  </distinfo>
  <metainfo>
    <metd>20050225</metd>
    <metc>
      <cntinfo>
        <cntperp>
          <cntper>Kimberly Bahl</cntper>
        </cntperp>
        <cntaddr>
          <addrtype>Mailing and Physical Address</addrtype>
          <address>NOAA / AFSC / PMEL, 7600 Sand Point Way N.E.</address>
          <city>Seattle</city>
          <state>WA</state>
          <postal>98115</postal>
          <country>USA</country>
        </cntaddr>
        <cntvoice>206-526-4314</cntvoice>
        <cntfax>206-526-6485</cntfax>
        <cntemail>kimberly.bahl@noaa.gov</cntemail>
      </cntinfo>
    </metc>
    <metstdn>Content Standards for Digital Geospatial Metadata</metstdn>
    <metstdv>FGDC-STD-001-1998</metstdv>
    <metac>None</metac>
    <metuc>None</metuc>
  </metainfo>
</metadata>
