<metadata>
  <idinfo>
    <citation>
      <citeinfo>
        <origin>National Fisheries Research and Development Institute (NFRDI), Korea Oceanographic Data Centre (KODC)</origin>
        <pubdate>Unknown</pubdate>
        <title>Coastal Oceanographic Data</title>
      </citeinfo>
    </citation>
    <descript>
      <abstract>Daily observations at 10:00 A.M were carried out for surface temperature, air temperature and other meteorological factors at 40 fixed stations (at lighthouse) in Korean coastal waters. The observation starting years are different along to the stations. Recently, there are some stations in which the observation were stopped by the change over the self-operating lighthouse.</abstract>
      <purpose>To archive daily coastal oceanographic observations.</purpose>
    </descript>
    <timeperd>
      <timeinfo>
        <rngdates>
          <begdate>19330101</begdate>
          <enddate>20021231</enddate>
        </rngdates>
      </timeinfo>
      <current>Ground Condition</current>
    </timeperd>
    <status>
      <progress>In Progress</progress>
      <update>Daily</update>
    </status>
    <spdom>
      <bounding>
        <westbc>124.73</westbc>
        <eastbc>130.9</eastbc>
        <northbc>38.46</northbc>
        <southbc>33.1</southbc>
      </bounding>
    </spdom>
    <keywords>
      <theme>
        <themekt>North Pacific Ecosystem Metadatabase</themekt>
        <themekey>Oceanography</themekey>
      </theme>
      <theme>
        <themekt>Other</themekt>
        <themekey>South Korean Coastal Waters</themekey>
        <themekey>Surface Temperature</themekey>
        <themekey>Air Temperature</themekey>
        <themekey>North Pacific Ocean</themekey>
      </theme>
    </keywords>
    <accconst>None</accconst>
    <useconst>Contact Source.</useconst>
    <ptcontac>
      <cntinfo>
        <cntperp>
          <cntper>Jeong, Hee-Dong</cntper>
        </cntperp>
        <cntaddr>
          <addrtype>Mailing Address</addrtype>
          <address>408-1 Shirang-ri, Gijang-eup</address>
          <city>Gijang-gun</city>
          <state>Busan</state>
          <postal>619-902</postal>
          <country>Republic of Korea</country>
        </cntaddr>
        <cntvoice>82-51-720-2223</cntvoice>
        <cntfax>82-51-720-2225</cntfax>
        <cntemail>kodc@nfrdi.re.kr</cntemail>
      </cntinfo>
    </ptcontac>
  </idinfo>
  <distinfo>
    <distrib>
      <cntinfo>
        <cntperp>
          <cntper>Jeong, Hee-Dong</cntper>
        </cntperp>
        <cntaddr>
          <addrtype>Mailing Address</addrtype>
          <address>408-1 Shirang-ri, Gijang-eup</address>
          <city>Gijang-gun</city>
          <state>Busan</state>
          <postal>619-902</postal>
          <country>Republic of Korea</country>
        </cntaddr>
        <cntvoice>82-51-720-2223</cntvoice>
        <cntfax>82-51-720-2225</cntfax>
        <cntemail>kodc@nfrdi.re.kr</cntemail>
      </cntinfo>
    </distrib>
    <distliab>While every effort has been made to ensure that these data are accurate and reliable within the limits of the current state of the art, NOAA cannot assume liability for any damages caused by any errors or omissions in the data, nor as a result of the failure of the data to function on a particular system. NOAA makes no warranty, expressed or implied, nor does the fact of distribution constitute such a warranty.</distliab>
  </distinfo>
  <metainfo>
    <metd>20040624</metd>
    <metc>
      <cntinfo>
        <cntperp>
          <cntper>Kimberly Bahl</cntper>
        </cntperp>
        <cntaddr>
          <addrtype>Mailing and Physical Address</addrtype>
          <address>NOAA / AFSC / PMEL, 7600 Sand Point Way N.E.</address>
          <city>Seattle</city>
          <state>WA</state>
          <postal>98115</postal>
          <country>USA</country>
        </cntaddr>
        <cntvoice>206-526-4314</cntvoice>
        <cntfax>206-526-6485</cntfax>
        <cntemail>kimberly.bahl@noaa.gov</cntemail>
      </cntinfo>
    </metc>
    <metstdn>Content Standards for Digital Geospatial Metadata</metstdn>
    <metstdv>FGDC-STD-001-1998</metstdv>
    <metac>None</metac>
    <metuc>Contact Source.</metuc>
  </metainfo>
</metadata>
