<metadata>
  <idinfo>
    <citation>
      <citeinfo>
        <origin>USDA Forest Service, Alaska Department of Natural Resources, Division of Support Services-Land Records Information Section</origin>
        <pubdate>1994</pubdate>
        <title>Roads</title>
      </citeinfo>
    </citation>
    <descript>
      <abstract>Data Type: Infrastructure ;  Statewide roads were taken from the USGS 1:2,000,000 Digital Line Graphs (DLG) dataset.</abstract>
      <purpose>Unknown</purpose>
    </descript>
    <timeperd>
      <timeinfo>
        <sngdate>
          <caldate>19940101</caldate>
        </sngdate>
      </timeinfo>
      <current>Ground Condition</current>
    </timeperd>
    <status>
      <progress>Complete</progress>
      <update>Unknown</update>
    </status>
    <spdom>
      <bounding>
        <westbc>174</westbc>
        <eastbc>-130</eastbc>
        <northbc>71.24</northbc>
        <southbc>51</southbc>
      </bounding>
    </spdom>
    <keywords>
      <theme>
        <themekt>North Pacific Ecosystem Metadatabase</themekt>
        <themekey>Geology</themekey>
        <themekey>Management</themekey>
      </theme>
      <theme>
        <themekt>Other</themekt>
        <themekey>Alaska</themekey>
        <themekey>Infrastructure</themekey>
        <themekey>North Pacific Ocean</themekey>
      </theme>
    </keywords>
    <accconst>Requestor must complete GIS Starter Kit Data Agreement stating Terms and Conditions for use of Starter Kit Data.</accconst>
    <useconst>DNR does not recommend use of this data at a larger scale. Greater detail for each layer is provided from DNR, Land Records Information Section, for each data module upon receipt of order.</useconst>
    <ptcontac>
      <cntinfo>
        <cntperp>
          <cntper>Oakley, Karen</cntper>
        </cntperp>
        <cntaddr>
          <addrtype>Mailing and Physical Address</addrtype>
          <address>1011 East Tudor Road</address>
          <city>Anchorage</city>
          <state>AK</state>
          <postal>99503</postal>
          <country>USA</country>
        </cntaddr>
        <cntvoice>907-786-3579</cntvoice>
        <cntfax />
        <cntemail>karen_oakley@nbs.gov</cntemail>
      </cntinfo>
    </ptcontac>
  </idinfo>
  <distinfo>
    <distrib>
      <cntinfo>
        <cntperp>
          <cntper>Oakley, Karen</cntper>
        </cntperp>
        <cntaddr>
          <addrtype>Mailing and Physical Address</addrtype>
          <address>1011 East Tudor Road</address>
          <city>Anchorage</city>
          <state>AK</state>
          <postal>99503</postal>
          <country>USA</country>
        </cntaddr>
        <cntvoice>907-786-3579</cntvoice>
        <cntfax />
        <cntemail>karen_oakley@nbs.gov</cntemail>
      </cntinfo>
    </distrib>
    <distliab>While every effort has been made to ensure that these data are accurate and reliable within the limits of the current state of the art, NOAA cannot assume liability for any damages caused by any errors or omissions in the data, nor as a result of the failure of the data to function on a particular system. NOAA makes no warranty, expressed or implied, nor does the fact of distribution constitute such a warranty.</distliab>
  </distinfo>
  <metainfo>
    <metd>20020502</metd>
    <metc>
      <cntinfo>
        <cntperp>
          <cntper>Kimberly Bahl</cntper>
        </cntperp>
        <cntaddr>
          <addrtype>Mailing and Physical Address</addrtype>
          <address>NOAA / AFSC / PMEL, 7600 Sand Point Way N.E.</address>
          <city>Seattle</city>
          <state>WA</state>
          <postal>98115</postal>
          <country>USA</country>
        </cntaddr>
        <cntvoice>206-526-4314</cntvoice>
        <cntfax>206-526-6485</cntfax>
        <cntemail>kimberly.bahl@noaa.gov</cntemail>
      </cntinfo>
    </metc>
    <metstdn>Content Standards for Digital Geospatial Metadata</metstdn>
    <metstdv>FGDC-STD-001-1998</metstdv>
    <metac>Requestor must complete GIS Starter Kit Data Agreement stating Terms and Conditions for use of Starter Kit Data.</metac>
    <metuc>DNR does not recommend use of this data at a larger scale. Greater detail for each layer is provided from DNR, Land Records Information Section, for each data module upon receipt of order.</metuc>
  </metainfo>
</metadata>
