<metadata>
  <idinfo>
    <citation>
      <citeinfo>
        <origin>U.S. Fish and Wildlife Service (USFWS)</origin>
        <pubdate>19610501</pubdate>
        <title>North Pacific and Bering Sea Oceanography, 1959</title>
      </citeinfo>
    </citation>
    <descript>
      <abstract>This report presents oceanographic data collected at fishing stations in the North Pacific and the Bering Sea from May to September 1959, as a part of the research conducted by the United States Fish and Wildlife Service under the direction of the United States Section of the International North Pacific Fisheries Commission.  The also describes procedures and shows stations occupied by the fishing vessels "Tordenskjold", and  "Pioneer".  The tabulated data show temperature and values of salinity density dissolved oxygen and dissolved inorganic phosphate at varying depths to 1050 meters, numbers, time and position of drift bottle release; time position and weather and sea conditions for bathythermograph lowerings; and displacement volumes, wet weights and numbers of organisms per cubic meter of water for the vertical 1/2 meter plankton hauls.

  [Reference: Favorite, F. and G.M. Pedersen. North Pacific and Bering Sea Oceanography, 1957. U.S. Fish &amp; Wildlife Service Special Scientific Report - Fisheries No. 377. 1959. 212 p.]</abstract>
      <purpose>To report on oceanographic data collected at fishing stations in the North Pacific and the Bering Sea.</purpose>
    </descript>
    <timeperd>
      <timeinfo>
        <rngdates>
          <begdate>19590424</begdate>
          <enddate>19590926</enddate>
        </rngdates>
      </timeinfo>
      <current>Sample Date</current>
    </timeperd>
    <status>
      <progress>Complete</progress>
      <update>None Planned</update>
    </status>
    <spdom>
      <bounding>
        <westbc>172</westbc>
        <eastbc>-130</eastbc>
        <northbc>61</northbc>
        <southbc>47</southbc>
      </bounding>
    </spdom>
    <keywords>
      <theme>
        <themekt>North Pacific Ecosystem Metadatabase</themekt>
        <themekey>Oceanography</themekey>
        <themekey>Plankton</themekey>
      </theme>
      <theme>
        <themekt>Other</themekt>
        <themekey>Nutrients</themekey>
        <themekey>Organic</themekey>
        <themekey>Inorganic</themekey>
        <themekey>Bering Sea</themekey>
        <themekey>North Pacific Ocean</themekey>
      </theme>
    </keywords>
    <accconst>None</accconst>
    <useconst>None</useconst>
    <ptcontac>
      <cntinfo>
        <cntperp>
          <cntper>NMML Library</cntper>
        </cntperp>
        <cntaddr>
          <addrtype>Mailing and Physical Address</addrtype>
          <address>7600 Sand Point Way NE</address>
          <city>Seattle</city>
          <state>WA</state>
          <postal>98115</postal>
          <country>USA</country>
        </cntaddr>
        <cntvoice>206-526-4013</cntvoice>
        <cntfax>206-526-6615</cntfax>
        <cntemail>nmml.library@noaa.gov</cntemail>
      </cntinfo>
    </ptcontac>
  </idinfo>
  <distinfo>
    <distrib>
      <cntinfo>
        <cntperp>
          <cntper>NMML Library</cntper>
        </cntperp>
        <cntaddr>
          <addrtype>Mailing and Physical Address</addrtype>
          <address>7600 Sand Point Way NE</address>
          <city>Seattle</city>
          <state>WA</state>
          <postal>98115</postal>
          <country>USA</country>
        </cntaddr>
        <cntvoice>206-526-4013</cntvoice>
        <cntfax>206-526-6615</cntfax>
        <cntemail>nmml.library@noaa.gov</cntemail>
      </cntinfo>
    </distrib>
    <distliab>While every effort has been made to ensure that these data are accurate and reliable within the limits of the current state of the art, NOAA cannot assume liability for any damages caused by any errors or omissions in the data, nor as a result of the failure of the data to function on a particular system. NOAA makes no warranty, expressed or implied, nor does the fact of distribution constitute such a warranty.</distliab>
  </distinfo>
  <metainfo>
    <metd>20001017</metd>
    <metc>
      <cntinfo>
        <cntperp>
          <cntper>Kimberly Bahl</cntper>
        </cntperp>
        <cntaddr>
          <addrtype>Mailing and Physical Address</addrtype>
          <address>NOAA / AFSC / PMEL, 7600 Sand Point Way N.E.</address>
          <city>Seattle</city>
          <state>WA</state>
          <postal>98115</postal>
          <country>USA</country>
        </cntaddr>
        <cntvoice>206-526-4314</cntvoice>
        <cntfax>206-526-6485</cntfax>
        <cntemail>kimberly.bahl@noaa.gov</cntemail>
      </cntinfo>
    </metc>
    <metstdn>Content Standards for Digital Geospatial Metadata</metstdn>
    <metstdv>FGDC-STD-001-1998</metstdv>
    <metac>None</metac>
    <metuc>None</metuc>
  </metainfo>
</metadata>
