<metadata>
  <idinfo>
    <citation>
      <citeinfo>
        <origin>UCAR, Joint Office for Science Support (JOSS), Joint Office for Science Support</origin>
        <pubdate>Unknown</pubdate>
        <title>SHEBA: Sea Ice Analysis Chukchi Sea (GIF)</title>
      </citeinfo>
    </citation>
    <descript>
      <abstract>Sea Ice analysis for the Chukchi Sea west of Alaska.  Data provided by the National Ice Center based on satellite and surface reports.  Map provided once per day at 1200 UTC but updated only every 10-14 days.  NOAAServer Codes: [POL 80 65 -130 -170] .</abstract>
      <purpose>Unknown.</purpose>
    </descript>
    <timeperd>
      <timeinfo>
        <rngdates>
          <begdate>19970917</begdate>
          <enddate>19981001</enddate>
        </rngdates>
      </timeinfo>
      <current>Ground Condition</current>
    </timeperd>
    <status>
      <progress>In Progress</progress>
      <update>Unknown</update>
    </status>
    <spdom>
      <bounding>
        <westbc>170</westbc>
        <eastbc>-130</eastbc>
        <northbc>80</northbc>
        <southbc>65</southbc>
      </bounding>
    </spdom>
    <keywords>
      <theme>
        <themekt>North Pacific Ecosystem Metadatabase</themekt>
        <themekey>Oceanography</themekey>
      </theme>
      <theme>
        <themekt>Other</themekt>
        <themekey>Chukchi Sea</themekey>
        <themekey>Alaska</themekey>
        <themekey>Sea Ice</themekey>
        <themekey>North Pacific Ocean</themekey>
      </theme>
    </keywords>
    <accconst>Check with Contributor about how to obtain data.</accconst>
    <useconst>Check with Contributor about how to obtain data.</useconst>
    <ptcontac>
      <cntinfo>
        <cntperp>
          <cntper>Moore, Jim</cntper>
        </cntperp>
        <cntaddr>
          <addrtype>Mailing and Physical Address</addrtype>
          <address>P.O. Box 3000</address>
          <city>Boulder</city>
          <state>CO</state>
          <postal>80307-3000</postal>
          <country>USA</country>
        </cntaddr>
        <cntvoice>303-497-8635</cntvoice>
        <cntfax>303-497-8158</cntfax>
        <cntemail>jmoore@ucar.edu</cntemail>
      </cntinfo>
    </ptcontac>
  </idinfo>
  <distinfo>
    <distrib>
      <cntinfo>
        <cntperp>
          <cntper>Moore, Jim</cntper>
        </cntperp>
        <cntaddr>
          <addrtype>Mailing and Physical Address</addrtype>
          <address>P.O. Box 3000</address>
          <city>Boulder</city>
          <state>CO</state>
          <postal>80307-3000</postal>
          <country>USA</country>
        </cntaddr>
        <cntvoice>303-497-8635</cntvoice>
        <cntfax>303-497-8158</cntfax>
        <cntemail>jmoore@ucar.edu</cntemail>
      </cntinfo>
    </distrib>
    <distliab>While every effort has been made to ensure that these data are accurate and reliable within the limits of the current state of the art, NOAA cannot assume liability for any damages caused by any errors or omissions in the data, nor as a result of the failure of the data to function on a particular system. NOAA makes no warranty, expressed or implied, nor does the fact of distribution constitute such a warranty.</distliab>
  </distinfo>
  <metainfo>
    <metd>19981012</metd>
    <metc>
      <cntinfo>
        <cntperp>
          <cntper>Kimberly Bahl</cntper>
        </cntperp>
        <cntaddr>
          <addrtype>Mailing and Physical Address</addrtype>
          <address>NOAA / AFSC / PMEL, 7600 Sand Point Way N.E.</address>
          <city>Seattle</city>
          <state>WA</state>
          <postal>98115</postal>
          <country>USA</country>
        </cntaddr>
        <cntvoice>206-526-4314</cntvoice>
        <cntfax>206-526-6485</cntfax>
        <cntemail>kimberly.bahl@noaa.gov</cntemail>
      </cntinfo>
    </metc>
    <metstdn>Content Standards for Digital Geospatial Metadata</metstdn>
    <metstdv>FGDC-STD-001-1998</metstdv>
    <metac>Check with Contributor about how to obtain data.</metac>
    <metuc>Check with Contributor about how to obtain data.</metuc>
  </metainfo>
</metadata>
