<metadata>
  <idinfo>
    <citation>
      <citeinfo>
        <origin>Washington Sea Grant Program</origin>
        <pubdate>20020805</pubdate>
        <title>Whale Count Results - Alaska Sea Grant Radio Show</title>
      </citeinfo>
    </citation>
    <descript>
      <abstract>During three days last month, scientists asked Alaskans and visitors to the state's coast to be on the lookout for killer whales. Scientists are trying to learn more about these highly successful predators and what role they may be playing in keeping Steller sea lion numbers low in parts of the state. Doug Schneider has more in this week's Arctic Science Journeys Radio.</abstract>
      <purpose>When Kerry Irish decided to count Alaska's killer whales, she quickly realized that she couldn't possibly be everywhere along the state's 35,000 miles of coast at the same time. The next thing she realized was that other people are just as fascinated about these black-and-white whales as she is. It's a fascination she's trying to tap into.</purpose>
    </descript>
    <timeperd>
      <timeinfo>
        <sngdate>
          <caldate>20020805</caldate>
        </sngdate>
      </timeinfo>
      <current>Publication Date</current>
    </timeperd>
    <status>
      <progress>Complete</progress>
      <update>None Planned</update>
    </status>
    <spdom>
      <bounding>
        <westbc>-180</westbc>
        <eastbc>-130</eastbc>
        <northbc>72.42</northbc>
        <southbc>50</southbc>
      </bounding>
    </spdom>
    <keywords>
      <theme>
        <themekt>North Pacific Ecosystem Metadatabase</themekt>
        <themekey>Mammals</themekey>
      </theme>
      <theme>
        <themekt>Other</themekt>
        <themekey>Killer Whales</themekey>
        <themekey>Gulf of Alaska</themekey>
        <themekey>Aleutian Islands</themekey>
        <themekey>Killer Whale Sighting</themekey>
        <themekey>North Pacific Ocean</themekey>
      </theme>
    </keywords>
    <accconst>None</accconst>
    <useconst>None</useconst>
    <ptcontac>
      <cntinfo>
        <cntperp>
          <cntper>Washington Sea Grant Program</cntper>
        </cntperp>
        <cntaddr>
          <addrtype>Mailing and Physical Address</addrtype>
          <address>3716 Brooklyn Avenue NE</address>
          <city>Seattle</city>
          <state>WA</state>
          <postal>98105</postal>
          <country>USA</country>
        </cntaddr>
        <cntvoice>206-685-9215</cntvoice>
        <cntfax>206-685-0380</cntfax>
        <cntemail>seagrant@u.washington.edu</cntemail>
      </cntinfo>
    </ptcontac>
  </idinfo>
  <distinfo>
    <distrib>
      <cntinfo>
        <cntperp>
          <cntper>Washington Sea Grant Program</cntper>
        </cntperp>
        <cntaddr>
          <addrtype>Mailing and Physical Address</addrtype>
          <address>3716 Brooklyn Avenue NE</address>
          <city>Seattle</city>
          <state>WA</state>
          <postal>98105</postal>
          <country>USA</country>
        </cntaddr>
        <cntvoice>206-685-9215</cntvoice>
        <cntfax>206-685-0380</cntfax>
        <cntemail>seagrant@u.washington.edu</cntemail>
      </cntinfo>
    </distrib>
    <distliab>While every effort has been made to ensure that these data are accurate and reliable within the limits of the current state of the art, NOAA cannot assume liability for any damages caused by any errors or omissions in the data, nor as a result of the failure of the data to function on a particular system. NOAA makes no warranty, expressed or implied, nor does the fact of distribution constitute such a warranty.</distliab>
  </distinfo>
  <metainfo>
    <metd>20040712</metd>
    <metc>
      <cntinfo>
        <cntperp>
          <cntper>Kimberly Bahl</cntper>
        </cntperp>
        <cntaddr>
          <addrtype>Mailing and Physical Address</addrtype>
          <address>NOAA / AFSC / PMEL, 7600 Sand Point Way N.E.</address>
          <city>Seattle</city>
          <state>WA</state>
          <postal>98115</postal>
          <country>USA</country>
        </cntaddr>
        <cntvoice>206-526-4314</cntvoice>
        <cntfax>206-526-6485</cntfax>
        <cntemail>kimberly.bahl@noaa.gov</cntemail>
      </cntinfo>
    </metc>
    <metstdn>Content Standards for Digital Geospatial Metadata</metstdn>
    <metstdv>FGDC-STD-001-1998</metstdv>
    <metac>None</metac>
    <metuc>None</metuc>
  </metainfo>
</metadata>
