<metadata>
  <idinfo>
    <citation>
      <citeinfo>
        <origin>National Oceanic and Atmospheric Administration (NOAA), Office of Oceanic and Atmospheric Research (OAR), Pacific Marine Environmental Laboratory (PMEL)</origin>
        <pubdate>1987</pubdate>
        <title>Hydrothermal Plume Measurements: a Regional Perspective</title>
      </citeinfo>
    </citation>
    <descript>
      <abstract>Data Set: An extensive deep-two survey around an active submarine vent field was conducted. Emissions from the 10-kilometer-long vent field
formed a nearly isopycnal plume about 250 meters thick and elongated in the direction of the local net current. Net export of hydrothermal
discharge from both point and diffuse sources was estimated from the advective transport of the plume; the heat flux was 5.8 ﾱ 2.9 ￗ 10
watts and the dissolved manganese flux was 0.2 ﾱ 0.1 moles per second. Flux measurements of this type could be expanded to
encompass entire ridge segments, allowing comparison with theoretical thermal and chemical process models on a common spatial scale.</abstract>
      <purpose>To map three-dimensional distribution of hydrothermal emissions and calculate hydrothermal discharge of heat and manganese</purpose>
    </descript>
    <timeperd>
      <timeinfo />
      <current>Publication Date</current>
    </timeperd>
    <status>
      <progress>Complete</progress>
      <update>None Planned</update>
    </status>
    <spdom>
      <bounding>
        <westbc>-115</westbc>
        <eastbc>-90</eastbc>
        <northbc>30</northbc>
        <southbc>-30</southbc>
      </bounding>
    </spdom>
    <keywords>
      <theme>
        <themekt>North Pacific Ecosystem Metadatabase</themekt>
        <themekey>Oceanography</themekey>
      </theme>
      <theme>
        <themekt>Other</themekt>
        <themekey>Hydrothermal Plume</themekey>
        <themekey>North Pacific Ocean</themekey>
      </theme>
    </keywords>
    <accconst>Check with Contributor</accconst>
    <useconst>Check with Contributor</useconst>
    <ptcontac>
      <cntinfo>
        <cntperp>
          <cntper>Baker, Edward T.</cntper>
        </cntperp>
        <cntaddr>
          <addrtype>Mailing and Physical Address</addrtype>
          <address>7600 Sand Point Way N.E.</address>
          <city>Seattle</city>
          <state>WA</state>
          <postal>98115</postal>
          <country>USA</country>
        </cntaddr>
        <cntvoice>206-526-6251</cntvoice>
        <cntfax />
        <cntemail>Edward.Baker@noaa.gov</cntemail>
      </cntinfo>
    </ptcontac>
  </idinfo>
  <distinfo>
    <distrib>
      <cntinfo>
        <cntperp>
          <cntper>Baker, Edward T.</cntper>
        </cntperp>
        <cntaddr>
          <addrtype>Mailing and Physical Address</addrtype>
          <address>7600 Sand Point Way N.E.</address>
          <city>Seattle</city>
          <state>WA</state>
          <postal>98115</postal>
          <country>USA</country>
        </cntaddr>
        <cntvoice>206-526-6251</cntvoice>
        <cntfax />
        <cntemail>Edward.Baker@noaa.gov</cntemail>
      </cntinfo>
    </distrib>
    <distliab>While every effort has been made to ensure that these data are accurate and reliable within the limits of the current state of the art, NOAA cannot assume liability for any damages caused by any errors or omissions in the data, nor as a result of the failure of the data to function on a particular system. NOAA makes no warranty, expressed or implied, nor does the fact of distribution constitute such a warranty.</distliab>
  </distinfo>
  <metainfo>
    <metd>20010307</metd>
    <metc>
      <cntinfo>
        <cntperp>
          <cntper>Kimberly Bahl</cntper>
        </cntperp>
        <cntaddr>
          <addrtype>Mailing and Physical Address</addrtype>
          <address>NOAA / AFSC / PMEL, 7600 Sand Point Way N.E.</address>
          <city>Seattle</city>
          <state>WA</state>
          <postal>98115</postal>
          <country>USA</country>
        </cntaddr>
        <cntvoice>206-526-4314</cntvoice>
        <cntfax>206-526-6485</cntfax>
        <cntemail>kimberly.bahl@noaa.gov</cntemail>
      </cntinfo>
    </metc>
    <metstdn>Content Standards for Digital Geospatial Metadata</metstdn>
    <metstdv>FGDC-STD-001-1998</metstdv>
    <metac>Check with Contributor</metac>
    <metuc>Check with Contributor</metuc>
  </metainfo>
</metadata>
