<metadata>
  <idinfo>
    <citation>
      <citeinfo>
        <origin>Fisheries and Oceans Canada - Ocean Science And Productivity, Pacific</origin>
        <pubdate>Unpublished material</pubdate>
        <title>Ship of Opportunity - Canada to Australia, 1981-present</title>
      </citeinfo>
    </citation>
    <descript>
      <abstract>Data from merchant ships travelling between British Columbia and Australia, from 1981 to 1988 (Lillooet), 1997-1998 (Western Hawk), 1998-1999 (Australian Current), and 1999-2000, continuing (Packing). Data collected include total carbon dioxide, alkalinity(after 1997), nutrients, chlorophyll a (after 1997), carbon-13 in seawater, atmospheric carbon dioxide (PCO2), and atmospheric carbon-13. Underway measurements include position, time, temperature and salinity</abstract>
      <purpose>Constructing models of Pacific Ocean carbon cycling; air-sea exchange, monitoring long term changes in the Pacific Ocean, tracking water masses in the ocean, El Nino monitoring</purpose>
      <supplinf>Risk Justification: Custodian will be leaving soon and has a large quantity of data not secured in a regional data centre.
Risk of Loss: High
Impact Justification: Time series of 5 to 10 years
Impact of Loss: Medium
Recommended Action: Obtain access to data, bring data to archives</supplinf>
    </descript>
    <timeperd>
      <timeinfo>
        <rngdates>
          <begdate>1981</begdate>
          <enddate>present</enddate>
        </rngdates>
      </timeinfo>
      <current>ground condition</current>
    </timeperd>
    <status>
      <progress>In work</progress>
      <update>None planned</update>
    </status>
    <spdom>
      <bounding>
        <westbc>-136.5</westbc>
        <eastbc>-122.5</eastbc>
        <northbc>55</northbc>
        <southbc>48</southbc>
      </bounding>
    </spdom>
    <keywords>
      <theme>
        <themekt>NASA/GCMD Earth Science Keywords</themekt>
        <themekey>Earth Science</themekey>
        <themekey>Biosphere</themekey>
        <themekey>Ecological Dynamics</themekey>
        <themekey>Ecosystem Functions</themekey>
        <themekey>Biogeochemical Cycles</themekey>
        <themekey>Earth Science</themekey>
        <themekey>Climate Indicators</themekey>
        <themekey>Teleconnections</themekey>
        <themekey>El Nino Southern Oscillation</themekey>
      </theme>
      <theme>
        <themekt>ISO 19115 Topic Category</themekt>
        <themekey>oceans</themekey>
      </theme>
      <place>
        <placekt>DFO Areas</placekt>
        <placekey>North Pacific Ocean</placekey>
        <placekey>South Inner Coast (Johnstone, Georgia, JDF, inlets and passages)</placekey>
        <placekey>South Outer Coast (West Coast VI)</placekey>
        <placekey>North Inner Coast (QCS, Hecate, Dixon Inlet and passages)</placekey>
        <placekey>North Outer Coast (West Coast QCI)</placekey>
      </place>
    </keywords>
    <accconst>Private</accconst>
    <useconst>Data will be available after it is quality checked and published.</useconst>
    <ptcontac>
      <cntinfo>
        <cntperp>
          <cntper>C.S. Wong</cntper>
          <cntorg>Ocean Science and Productivity</cntorg>
        </cntperp>
        <cntaddr>
          <addrtype>mailing and physical</addrtype>
          <address>Institute of Ocean Sciences, P.O. Box 6000, 9860 West Saanich Road</address>
          <city>Sidney</city>
          <state>British Columbia</state>
          <postal>V8L 4B2</postal>
          <country>Canada</country>
        </cntaddr>
        <cntvoice>(250)363-6407</cntvoice>
        <cntfax>(250) 363-6476</cntfax>
        <cntemail>wongcs@pac.dfo-mpo.gc.ca</cntemail>
      </cntinfo>
    </ptcontac>
  </idinfo>
  <dataqual>
    <logic>Interlaboratory comparisons of nutrient and carbon-13 and oxygen-18 measurements; comparison to known standards. Salinometer calibrated with standard seawater. Fluorometer calibrated with commercially prepared standard or concentrated natural pigments.Nutrient standards compared to commercially prepared standards.</logic>
    <complete>Electronic Data Complications: All of the magnetic tapes are older then their guaranteed physical lifespan.</complete>
    <lineage>
      <procstep>
        <procdesc>Unknown</procdesc>
        <procdate>Unknown</procdate>
      </procstep>
    </lineage>
  </dataqual>
  <distinfo>
    <distrib>
      <cntinfo>
        <cntperp>
          <cntper>C.S. Wong</cntper>
          <cntorg>Ocean Science and Productivity</cntorg>
        </cntperp>
        <cntaddr>
          <addrtype>mailing and physical</addrtype>
          <address>Institute of Ocean Sciences, P.O. Box 6000, 9860 West Saanich Road</address>
          <city>Sidney</city>
          <state>British Columbia</state>
          <postal>V8L 4B2</postal>
          <country>Canada</country>
        </cntaddr>
        <cntvoice>(250)363-6407</cntvoice>
        <cntfax>(250) 363-6476</cntfax>
        <cntemail>wongcs@pac.dfo-mpo.gc.ca</cntemail>
      </cntinfo>
    </distrib>
    <resdesc>PAC-OSAP-014-6987</resdesc>
    <distliab>[unknown]</distliab>
    <stdorder>
      <nondig>Hardcopy Original Exists: Y
Hardcopy Locations: Keith Johnson, Rm 2404, IOS, and 1421 IOS
Hardcopy Description: Binders of log sheets from the ships.
Hardcopy Volume: about 3 4 in. binders
Hardcopy Complications: N/A
Physical Sample Exists: Y
Physical Sample Locations: C.S. Wong, Cooler in Hangar Bldg, IOS.
Physical Sample Volume: 30 samples
Physical Sample Description: C-13 seawater samples
Physical Sample Complications: Samples need to be kept refrigerated.</nondig>
      <fees>Ask Custodian</fees>
      <ordering>Contact data custodian.</ordering>
    </stdorder>
    <stdorder>
      <digform>
        <digtinfo>
          <formname>Excel spreadsheets or ASCII files</formname>
          <formcont>PCO2 data: special in-house programs for gas chromatograph (raw) data.</formcont>
        </digtinfo>
        <digtopt>
          <offoptn>
            <offmedia>Computer hard drive, VMS network hard drives, PC network hard drives, zip drives</offmedia>
            <recfmt>unknown</recfmt>
          </offoptn>
        </digtopt>
      </digform>
      <fees>Ask Custodian</fees>
      <ordering>Electronic Data Doc Locations: Header information in each file
Dataset Locations: Shared drive (CHEM), other computer hard drives in chemistry</ordering>
    </stdorder>
    <techpreq>Backup by Custodian: Y
Backup by Automation: Y
Backup Description: Most data are on Alpha/Unix computers. Magnetic tapes (9-track) ascii data files are alsways saved to 3 mirror image tapes. VAX account backup saved to only 1 tape. Most data on tapes are no longer current version. Some magnetic tapes were sent to Vancouver tape archive some years ago.</techpreq>
  </distinfo>
  <metainfo>
    <metd>20080207</metd>
    <metc>
      <cntinfo>
        <cntorgp>
          <cntorg>Fisheries and Oceans Canada
Canadian Hydrographic Service</cntorg>
          <cntper>Chelsea Stanley and Matt McCormick</cntper>
        </cntorgp>
        <cntaddr>
          <addrtype>mailing</addrtype>
          <address>Institute of Ocean Sciences
P.O. Box 6000
9860 West Saanich Road</address>
          <city>Sidney</city>
          <state>British Columbia</state>
          <postal>V8L 4B2</postal>
          <country>Canada</country>
        </cntaddr>
        <cntvoice>(250) 363-6358</cntvoice>
        <cntfax>(250) 363-6823</cntfax>
        <cntemail>ChartSales@pac.dfo-mpo.gc.ca</cntemail>
        <hours>M-F, 08:30-16:30 Pacific Time</hours>
      </cntinfo>
    </metc>
    <metstdn>FGDC Content Standard for Digital Geospatial Metadata</metstdn>
    <metstdv>FGDC-STD-1998-1</metstdv>
  </metainfo>
</metadata>
