<metadata>
  <idinfo>
    <citation>
      <citeinfo>
        <origin>DFO Staff</origin>
        <pubdate>Unknown</pubdate>
        <title>Ship of Opportunity: West Coast Vancouver Island</title>
        <geoform>Hardcopy; Tabular digital data; Digital document</geoform>
      </citeinfo>
    </citation>
    <descript>
      <abstract>Time series data to correlate plankton patterns with fish studies. Program started in 1977, to 1982. Then was transferred to Fisheries Patrol Vessel Tanu in 1983. It finished around 1989. A number of standard stations and opportunitistic stations were sampled; CTD and zooplankton haul data were collected.</abstract>
      <purpose>Supports scientific and environmental research.</purpose>
      <supplinf>Custom software is available for use with this dataset.</supplinf>
    </descript>
    <timeperd>
      <timeinfo>
        <rngdates>
          <begdate>1977</begdate>
          <enddate>1989</enddate>
        </rngdates>
      </timeinfo>
      <current>publication date</current>
    </timeperd>
    <status>
      <progress>Complete</progress>
      <update>None planned</update>
    </status>
    <spdom>
      <bounding>
        <westbc>-134</westbc>
        <eastbc>-122.9</eastbc>
        <northbc>51</northbc>
        <southbc>48.25</southbc>
      </bounding>
    </spdom>
    <keywords>
      <theme>
        <themekt>None</themekt>
        <themekey>Oceanography</themekey>
        <themekey>Physical Oceanography</themekey>
        <themekey>CTD</themekey>
        <themekey>Conductivity</themekey>
        <themekey>Temperature</themekey>
        <themekey>Depth</themekey>
        <themekey>Plankton</themekey>
        <themekey>Zooplankton</themekey>
        <themekey>Marine Invertebrates</themekey>
        <themekey>Fish</themekey>
        <themekey>Time Series</themekey>
        <themekey>oceans</themekey>
      </theme>
      <theme>
        <themekt>NASA/GCMD Earth Science Keywords</themekt>
        <themekey>Earth Science</themekey>
        <themekey>Biological Classification</themekey>
        <themekey>Animals/Vertebrates</themekey>
        <themekey>Fish</themekey>
        <themekey>Earth Science</themekey>
        <themekey>Oceans</themekey>
        <themekey>Salinity/Density</themekey>
        <themekey>Conductivity</themekey>
        <themekey>Earth Science</themekey>
        <themekey>Oceans</themekey>
        <themekey>Ocean Temperature</themekey>
        <themekey>Water Temperature</themekey>
        <themekey>Earth Science</themekey>
        <themekey>Biosphere</themekey>
        <themekey>Plankton</themekey>
        <themekey>Zooplankton</themekey>
        <themekey>Earth Science</themekey>
        <themekey>Oceans</themekey>
        <themekey>Bathymetry/Seafloor Topography</themekey>
        <themekey>Water Depth</themekey>
      </theme>
      <theme>
        <themekt>ISO 19115 Topic Category</themekt>
        <themekey>biota</themekey>
        <themekey>oceans</themekey>
      </theme>
      <place>
        <placekt>None</placekt>
        <placekey>Northern Hemisphere</placekey>
        <placekey>Western Hemisphere</placekey>
        <placekey>North America</placekey>
        <placekey>Northeast Pacific</placekey>
        <placekey>Canada</placekey>
        <placekey>British Columbia</placekey>
        <placekey>Vancouver Island</placekey>
        <placekey>West Coast Vancouver Island</placekey>
      </place>
      <place>
        <placekt>DFO Areas</placekt>
        <placekey>North Pacific Ocean</placekey>
        <placekey>South Outer Coast (West Coast VI)</placekey>
      </place>
    </keywords>
    <accconst>Public</accconst>
    <useconst>None</useconst>
    <ptcontac>
      <cntinfo>
        <cntperp>
          <cntper>Stephen Romaine</cntper>
          <cntorg>Fisheries and Oceans Canada, Pacific Region, Institute of Ocean Sciences, Science Branch, Oceans Sciences and Productivity Division</cntorg>
        </cntperp>
        <cntpos>Research Biologist, Plankton Productivity</cntpos>
        <cntaddr>
          <addrtype>Physical and mailing</addrtype>
          <address>9860 West Saanich Road</address>
          <address>PO Box 6000</address>
          <city>Sidney</city>
          <state>BC</state>
          <postal>V8L 4B2</postal>
          <country>Canada</country>
        </cntaddr>
        <cntvoice>(250) 363-6868</cntvoice>
        <cntemail>romaines@pac.dfo-mpo.gc.ca</cntemail>
        <cntinst>Moira Galbraith</cntinst>
      </cntinfo>
    </ptcontac>
  </idinfo>
  <distinfo>
    <distrib>
      <cntinfo>
        <cntorgp>
          <cntorg>Fisheries and Oceans Canada, Pacific Region, Institute of Ocean Sciences, Science Branch, Oceans Sciences and Productivity Division</cntorg>
          <cntper>Stephen Romaine</cntper>
        </cntorgp>
        <cntpos>Research Biologist, Plankton Productivity</cntpos>
        <cntaddr>
          <addrtype>Physical and mailing</addrtype>
          <address>9860 West Saanich Road</address>
          <address>PO Box 6000</address>
          <city>Sidney</city>
          <state>BC</state>
          <postal>V8L 4B2</postal>
          <country>Canada</country>
        </cntaddr>
        <cntvoice>(250) 363-6868</cntvoice>
        <cntemail>romaines@pac.dfo-mpo.gc.ca</cntemail>
      </cntinfo>
    </distrib>
    <resdesc>PAC-OSAP-119</resdesc>
    <distliab>These data are provided "as-is".</distliab>
  </distinfo>
  <metainfo>
    <metd>20040609</metd>
    <metc>
      <cntinfo>
        <cntorgp>
          <cntorg>Fisheries and Oceans Canada, Pacific Region, Institute of Ocean Sciences, Science Branch, Oceans Sciences and Productivity Division</cntorg>
          <cntper>Stephen Romaine</cntper>
        </cntorgp>
        <cntpos>Research Biologist, Plankton Productivity</cntpos>
        <cntaddr>
          <addrtype>Physical and mailing</addrtype>
          <address>9860 West Saanich Road</address>
          <address>PO Box 6000</address>
          <city>Sidney</city>
          <state>BC</state>
          <postal>V8L 4B2</postal>
          <country>Canada</country>
        </cntaddr>
        <cntvoice>(250) 363-6868</cntvoice>
        <cntemail>romaines@pac.dfo-mpo.gc.ca</cntemail>
      </cntinfo>
    </metc>
    <metstdn>FGDC Content Standard for Digital Geospatial Metadata</metstdn>
    <metstdv>FGDC-STD-001-1998</metstdv>
  </metainfo>
</metadata>
