<metadata>
  <idinfo>
    <citation>
      <citeinfo>
        <origin>National Oceanic and Atmospheric Administration (NOAA), Office of Oceanic and Atmospheric Research (OAR), Pacific Marine Environmental Laboratory (PMEL)</origin>
        <pubdate>1990</pubdate>
        <title>Hydrothermal Plume Prospecting: Hydrographic and Geochemical Techniques</title>
      </citeinfo>
    </citation>
    <descript>
      <abstract>Hydrothermal plumes, formed by the mixing of hot vent fluids and ambient seawater, can be used to locate, characterize, and quantify
sources of seafloor hydrothermal emissions. Vent fluids typically undergo a 10-fold dilution as they rise several hundred meters above the sea floor and form neutrally buoyant plumes with heat and chemical anomalies that stretch tens to thousands of kilometers downcurrent of their source. Real-time mapping of these plumes by towing sensitive hydrographic and optical sensors from a surface ship can efficiently locate the plume source, guide discrete chemical sampling of the diluted hydrothermal fluids, and estimate the heat and mass flux of individual vent fields. This paper uses case histories of investigations along the Juan de Fuca and Gorda Ridges to describe strategies for mapping and characterizing hydrothermal plumes at spatial scales ranging from hundreds of meters to hundreds of kilometers.</abstract>
      <purpose />
    </descript>
    <timeperd>
      <timeinfo />
      <current>Publication Date</current>
    </timeperd>
    <status>
      <progress>Complete</progress>
      <update>None Planned</update>
    </status>
    <spdom>
      <bounding>
        <westbc>-135</westbc>
        <eastbc>-123</eastbc>
        <northbc>53</northbc>
        <southbc>39</southbc>
      </bounding>
    </spdom>
    <keywords>
      <theme>
        <themekt>Other</themekt>
        <themekey>North Pacific Ocean</themekey>
      </theme>
    </keywords>
    <accconst>Check with Contributor</accconst>
    <useconst>Check with Contributor</useconst>
    <ptcontac>
      <cntinfo>
        <cntperp>
          <cntper>Baker, Edward T.</cntper>
        </cntperp>
        <cntaddr>
          <addrtype>Mailing and Physical Address</addrtype>
          <address>7600 Sand Point Way N.E.</address>
          <city>Seattle</city>
          <state>WA</state>
          <postal>98115</postal>
          <country>USA</country>
        </cntaddr>
        <cntvoice>206-526-6251</cntvoice>
        <cntfax />
        <cntemail>Edward.Baker@noaa.gov</cntemail>
      </cntinfo>
    </ptcontac>
  </idinfo>
  <distinfo>
    <distrib>
      <cntinfo>
        <cntperp>
          <cntper>Baker, Edward T.</cntper>
        </cntperp>
        <cntaddr>
          <addrtype>Mailing and Physical Address</addrtype>
          <address>7600 Sand Point Way N.E.</address>
          <city>Seattle</city>
          <state>WA</state>
          <postal>98115</postal>
          <country>USA</country>
        </cntaddr>
        <cntvoice>206-526-6251</cntvoice>
        <cntfax />
        <cntemail>Edward.Baker@noaa.gov</cntemail>
      </cntinfo>
    </distrib>
    <distliab>While every effort has been made to ensure that these data are accurate and reliable within the limits of the current state of the art, NOAA cannot assume liability for any damages caused by any errors or omissions in the data, nor as a result of the failure of the data to function on a particular system. NOAA makes no warranty, expressed or implied, nor does the fact of distribution constitute such a warranty.</distliab>
  </distinfo>
  <metainfo>
    <metd>20010307</metd>
    <metc>
      <cntinfo>
        <cntperp>
          <cntper>Kimberly Bahl</cntper>
        </cntperp>
        <cntaddr>
          <addrtype>Mailing and Physical Address</addrtype>
          <address>NOAA / AFSC / PMEL, 7600 Sand Point Way N.E.</address>
          <city>Seattle</city>
          <state>WA</state>
          <postal>98115</postal>
          <country>USA</country>
        </cntaddr>
        <cntvoice>206-526-4314</cntvoice>
        <cntfax>206-526-6485</cntfax>
        <cntemail>kimberly.bahl@noaa.gov</cntemail>
      </cntinfo>
    </metc>
    <metstdn>Content Standards for Digital Geospatial Metadata</metstdn>
    <metstdv>FGDC-STD-001-1998</metstdv>
    <metac>Check with Contributor</metac>
    <metuc>Check with Contributor</metuc>
  </metainfo>
</metadata>
