<metadata>
  <idinfo>
    <citation>
      <citeinfo>
        <origin>University of Alaska Fairbanks (UAF), School of Fisheries and Ocean Sciences (SFOS), Institute of Marine Science (IMS)</origin>
        <pubdate>1982</pubdate>
        <title>Probes Data Reports  1978 - 1981 (to study the spring bloom and its relation to upper trophic levels)</title>
      </citeinfo>
    </citation>
    <descript>
      <abstract>Contains hydrographic chemical and biological parameters measured in the Southeast Bering Sea during 1978 - 1981.</abstract>
      <purpose>to study the spring bloom and its relation to upper trophic levels</purpose>
    </descript>
    <timeperd>
      <timeinfo>
        <rngdates>
          <begdate>19780301</begdate>
          <enddate>19810701</enddate>
        </rngdates>
      </timeinfo>
      <current>Ground Condition</current>
    </timeperd>
    <status>
      <progress>Complete</progress>
      <update>None Planned</update>
    </status>
    <spdom>
      <bounding>
        <westbc>-180</westbc>
        <eastbc>-153</eastbc>
        <northbc>63</northbc>
        <southbc>57</southbc>
      </bounding>
    </spdom>
    <keywords>
      <theme>
        <themekt>North Pacific Ecosystem Metadatabase</themekt>
        <themekey>Benthic</themekey>
        <themekey>Biology</themekey>
        <themekey>Chemistry</themekey>
        <themekey>Oceanography</themekey>
        <themekey>Plankton</themekey>
      </theme>
      <theme>
        <themekt>Other</themekt>
        <themekey>North Pacific Ocean</themekey>
      </theme>
    </keywords>
    <accconst>None</accconst>
    <useconst>None</useconst>
    <ptcontac>
      <cntinfo>
        <cntperp>
          <cntper>McRoy, Peter</cntper>
        </cntperp>
        <cntaddr>
          <addrtype>Mailing and Physical Address</addrtype>
          <address>P.O. Box 757220</address>
          <city>Fairbanks</city>
          <state>AK</state>
          <postal>99701</postal>
          <country>USA</country>
        </cntaddr>
        <cntvoice>907-474-7783</cntvoice>
        <cntfax>907-474-7204</cntfax>
        <cntemail>mcroy@ims.uaf.edu</cntemail>
      </cntinfo>
    </ptcontac>
  </idinfo>
  <distinfo>
    <distrib>
      <cntinfo>
        <cntperp>
          <cntper>McRoy, Peter</cntper>
        </cntperp>
        <cntaddr>
          <addrtype>Mailing and Physical Address</addrtype>
          <address>P.O. Box 757220</address>
          <city>Fairbanks</city>
          <state>AK</state>
          <postal>99701</postal>
          <country>USA</country>
        </cntaddr>
        <cntvoice>907-474-7783</cntvoice>
        <cntfax>907-474-7204</cntfax>
        <cntemail>mcroy@ims.uaf.edu</cntemail>
      </cntinfo>
    </distrib>
    <distliab>While every effort has been made to ensure that these data are accurate and reliable within the limits of the current state of the art, NOAA cannot assume liability for any damages caused by any errors or omissions in the data, nor as a result of the failure of the data to function on a particular system. NOAA makes no warranty, expressed or implied, nor does the fact of distribution constitute such a warranty.</distliab>
  </distinfo>
  <metainfo>
    <metd>19980728</metd>
    <metc>
      <cntinfo>
        <cntperp>
          <cntper>Kimberly Bahl</cntper>
        </cntperp>
        <cntaddr>
          <addrtype>Mailing and Physical Address</addrtype>
          <address>NOAA / AFSC / PMEL, 7600 Sand Point Way N.E.</address>
          <city>Seattle</city>
          <state>WA</state>
          <postal>98115</postal>
          <country>USA</country>
        </cntaddr>
        <cntvoice>206-526-4314</cntvoice>
        <cntfax>206-526-6485</cntfax>
        <cntemail>kimberly.bahl@noaa.gov</cntemail>
      </cntinfo>
    </metc>
    <metstdn>Content Standards for Digital Geospatial Metadata</metstdn>
    <metstdv>FGDC-STD-001-1998</metstdv>
    <metac>None</metac>
    <metuc>None</metuc>
  </metainfo>
</metadata>
