<metadata>
  <idinfo>
    <citation>
      <citeinfo>
        <origin>U. S. Geological Survey (USGS)</origin>
        <pubdate>19680122</pubdate>
        <title>Cretaceous and Neogene Rocks from the Continental Margin in Bering Sea</title>
      </citeinfo>
    </citation>
    <descript>
      <abstract>Rocks dredged from the continental margin in and near the Pribilof and Zhemchug Submarine Canyons indicate that the acoustic basement represents the upper surface of thoroughly lithified marine graywacke and siltstone of late Cretaceous age, and that the gently deformed stratified sequence covering the acoustic basement consists of marine clastic and diatomaceous sediments of late Miocene or possible Pliocene age.  A rich pollen flora in the upper sequence indicates that the shoreline lay only a few kilometers away from the present Pribilof Canyon during the late Miocene or early Pliocene time.</abstract>
      <purpose>A historical report on the Cretaceous and Neogene rocks from the continental margin in Bering Sea.</purpose>
    </descript>
    <timeperd>
      <timeinfo>
        <sngdate>
          <caldate>19680122</caldate>
        </sngdate>
      </timeinfo>
      <current>Publication Date</current>
    </timeperd>
    <status>
      <progress>Complete</progress>
      <update>Unknown</update>
    </status>
    <spdom>
      <bounding>
        <westbc>-177</westbc>
        <eastbc>-167</eastbc>
        <northbc>60</northbc>
        <southbc>55</southbc>
      </bounding>
    </spdom>
    <keywords>
      <theme>
        <themekt>North Pacific Ecosystem Metadatabase</themekt>
        <themekey>Geology</themekey>
      </theme>
      <theme>
        <themekt>Other</themekt>
        <themekey>Zhemchug Canyon</themekey>
        <themekey>Pribilof Canyon</themekey>
        <themekey>Bering Sea</themekey>
        <themekey>Alaska</themekey>
        <themekey>North Pacific Ocean</themekey>
        <themekey>Rocks</themekey>
        <themekey>Sediments</themekey>
      </theme>
    </keywords>
    <accconst>None</accconst>
    <useconst>None</useconst>
    <ptcontac>
      <cntinfo>
        <cntperp>
          <cntper>Hopkins, David M.</cntper>
        </cntperp>
        <cntaddr>
          <addrtype>Mailing and Physical Address</addrtype>
          <address>U.S. Geological Survey</address>
          <city>Menlo Park</city>
          <state>CA</state>
          <postal>94025</postal>
          <country>USA</country>
        </cntaddr>
        <cntvoice />
        <cntfax />
        <cntemail />
      </cntinfo>
    </ptcontac>
  </idinfo>
  <distinfo>
    <distrib>
      <cntinfo>
        <cntperp>
          <cntper>Hopkins, David M.</cntper>
        </cntperp>
        <cntaddr>
          <addrtype>Mailing and Physical Address</addrtype>
          <address>U.S. Geological Survey</address>
          <city>Menlo Park</city>
          <state>CA</state>
          <postal>94025</postal>
          <country>USA</country>
        </cntaddr>
        <cntvoice />
        <cntfax />
        <cntemail />
      </cntinfo>
    </distrib>
    <distliab>While every effort has been made to ensure that these data are accurate and reliable within the limits of the current state of the art, NOAA cannot assume liability for any damages caused by any errors or omissions in the data, nor as a result of the failure of the data to function on a particular system. NOAA makes no warranty, expressed or implied, nor does the fact of distribution constitute such a warranty.</distliab>
  </distinfo>
  <metainfo>
    <metd>19990201</metd>
    <metc>
      <cntinfo>
        <cntperp>
          <cntper>Kimberly Bahl</cntper>
        </cntperp>
        <cntaddr>
          <addrtype>Mailing and Physical Address</addrtype>
          <address>NOAA / AFSC / PMEL, 7600 Sand Point Way N.E.</address>
          <city>Seattle</city>
          <state>WA</state>
          <postal>98115</postal>
          <country>USA</country>
        </cntaddr>
        <cntvoice>206-526-4314</cntvoice>
        <cntfax>206-526-6485</cntfax>
        <cntemail>kimberly.bahl@noaa.gov</cntemail>
      </cntinfo>
    </metc>
    <metstdn>Content Standards for Digital Geospatial Metadata</metstdn>
    <metstdv>FGDC-STD-001-1998</metstdv>
    <metac>None</metac>
    <metuc>None</metuc>
  </metainfo>
</metadata>
