<metadata>
  <idinfo>
    <citation>
      <citeinfo>
        <origin>DFO Staff</origin>
        <pubdate>Unknown</pubdate>
        <title>Nanoose Bay Weapons Testing Laboratory Data</title>
        <geoform>Tabular digital data; Digital document</geoform>
      </citeinfo>
    </citation>
    <descript>
      <abstract>Data from CTD casts taken daily at Nanoose Bay.</abstract>
      <purpose>Supports scientific and environmental research.</purpose>
      <supplinf>Custom software is available for use with this dataset.</supplinf>
    </descript>
    <timeperd>
      <timeinfo>
        <rngdates>
          <begdate>1979</begdate>
          <enddate>Present</enddate>
        </rngdates>
      </timeinfo>
      <current>publication date</current>
    </timeperd>
    <status>
      <progress>In Work</progress>
      <update>Daily</update>
    </status>
    <spdom>
      <bounding>
        <westbc>-124.25</westbc>
        <eastbc>-124.1</eastbc>
        <northbc>49.28</northbc>
        <southbc>49.25</southbc>
      </bounding>
    </spdom>
    <keywords>
      <theme>
        <themekt>None</themekt>
        <themekey>Oceanography</themekey>
        <themekey>CTD</themekey>
        <themekey>Conductivity</themekey>
        <themekey>Temperature</themekey>
        <themekey>Depth</themekey>
        <themekey>oceans</themekey>
      </theme>
      <theme>
        <themekt>NASA/GCMD Earth Science Keywords</themekt>
        <themekey>Earth Science</themekey>
        <themekey>Oceans</themekey>
        <themekey>Salinity/Density</themekey>
        <themekey>Conductivity</themekey>
        <themekey>Earth Science</themekey>
        <themekey>Oceans</themekey>
        <themekey>Ocean Temperature</themekey>
        <themekey>Water Temperature</themekey>
        <themekey>Earth Science</themekey>
        <themekey>Oceans</themekey>
        <themekey>Bathymetry/Seafloor Topography</themekey>
        <themekey>Water Depth</themekey>
      </theme>
      <theme>
        <themekt>ISO 19115 Topic Category</themekt>
        <themekey>oceans</themekey>
      </theme>
      <place>
        <placekt>None</placekt>
        <placekey>Northern Hemisphere</placekey>
        <placekey>Western Hemisphere</placekey>
        <placekey>North America</placekey>
        <placekey>Northeast Pacific</placekey>
        <placekey>Canada</placekey>
        <placekey>British Columbia</placekey>
      </place>
      <place>
        <placekt>DFO Areas</placekt>
        <placekey>North Pacific Ocean</placekey>
        <placekey>South Inner Coast (Johnstone, Georgia, JDF, inlets and passages)</placekey>
      </place>
    </keywords>
    <accconst>Departmental</accconst>
    <useconst>None</useconst>
    <ptcontac>
      <cntinfo>
        <cntperp>
          <cntper>Ronald Perkin</cntper>
          <cntorg>Fisheries and Oceans Canada, Pacific Region, Institute of Ocean Sciences, Science Branch, Oceans Sciences and Productivity Division</cntorg>
        </cntperp>
        <cntpos>Ocean Data Manager, State of the Ocean</cntpos>
        <cntaddr>
          <addrtype>Physical and mailing</addrtype>
          <address>9860 West Saanich Road</address>
          <address>PO Box 6000</address>
          <city>Sidney</city>
          <state>BC</state>
          <postal>V8L 4B2</postal>
          <country>Canada</country>
        </cntaddr>
        <cntvoice>(250) 363-6584</cntvoice>
        <cntemail>perkinr@pac.dfo-mpo.gc.ca</cntemail>
        <cntinst>(other contacts - Ian Ferguson, Wally Funk)</cntinst>
      </cntinfo>
    </ptcontac>
  </idinfo>
  <distinfo>
    <distrib>
      <cntinfo>
        <cntorgp>
          <cntorg>Fisheries and Oceans Canada, Pacific Region, Institute of Ocean Sciences, Science Branch, Oceans Sciences and Productivity Division</cntorg>
          <cntper>Ronald Perkin</cntper>
        </cntorgp>
        <cntpos>Ocean Data Manager, State of the Ocean</cntpos>
        <cntaddr>
          <addrtype>Physical and mailing</addrtype>
          <address>9860 West Saanich Road</address>
          <address>PO Box 6000</address>
          <city>Sidney</city>
          <state>BC</state>
          <postal>V8L 4B2</postal>
          <country>Canada</country>
        </cntaddr>
        <cntvoice>(250) 363-6584</cntvoice>
        <cntemail>perkinr@pac.dfo-mpo.gc.ca</cntemail>
      </cntinfo>
    </distrib>
    <resdesc>PAC-OSAP-241</resdesc>
    <distliab>These data are provided "as-is".</distliab>
  </distinfo>
  <metainfo>
    <metd>20040609</metd>
    <metc>
      <cntinfo>
        <cntorgp>
          <cntorg>Fisheries and Oceans Canada, Pacific Region, Institute of Ocean Sciences, Science Branch, Oceans Sciences and Productivity Division</cntorg>
          <cntper>Ronald Perkin</cntper>
        </cntorgp>
        <cntpos>Ocean Data Manager, State of the Ocean</cntpos>
        <cntaddr>
          <addrtype>Physical and mailing</addrtype>
          <address>9860 West Saanich Road</address>
          <address>PO Box 6000</address>
          <city>Sidney</city>
          <state>BC</state>
          <postal>V8L 4B2</postal>
          <country>Canada</country>
        </cntaddr>
        <cntvoice>(250) 363-6584</cntvoice>
        <cntemail>perkinr@pac.dfo-mpo.gc.ca</cntemail>
      </cntinfo>
    </metc>
    <metstdn>FGDC Content Standard for Digital Geospatial Metadata</metstdn>
    <metstdv>FGDC-STD-001-1998</metstdv>
  </metainfo>
</metadata>
