<metadata>
  <idinfo>
    <citation>
      <citeinfo>
        <origin>National Oceanic and Atmospheric Administration (NOAA)</origin>
        <pubdate>Unknown</pubdate>
        <title>2002 (Sep. - Oct.): A Two-leg Survey Leg 1 Data of Mooring Recovery and Deployment in the Waters Between Kodiak and Seward, AK - R/V Miller Freeman (Cruise ID: MF2002-11)</title>
      </citeinfo>
    </citation>
    <descript>
      <abstract>
        <p>The Alaska Fisheries Science Center and Pacific Marine Environmental Laboratory FOCI program conducted a mooring survey in the waters between Kodiak and Seward, Alaska.</p>
        <p>Data collected include subsurface and surface water temperature and water salinity, chlorophyll, and nutrients.</p>
        <p>
          Cruise ID: MF2002-07 (25 Sept. - 4 Oct. 2002)
          <br />
          Survey vessels:
          <em>R/V Miller Freeman</em>
        </p>
        <p>For preliminary survey results see
http://www.pmel.noaa.gov/foci/operations/instructions/2002/MF02-11/MF0211_L1_rpt.htm</p>
      </abstract>
      <purpose>To recover and deploy subsurface and surface oceanographic instrumentation moorings, complete CDT casts for mooring instrument calibrations, further identify ocean structure and water movements in the area, deploy ocean current drifting buoys, complete MOCNESS tows near mooring site GB3, and collect nutrient samples at certain mooring locations.</purpose>
    </descript>
    <timeperd>
      <timeinfo>
        <rngdates>
          <begdate>20020925</begdate>
          <enddate>20021003</enddate>
        </rngdates>
      </timeinfo>
      <current>Ground Condition</current>
    </timeperd>
    <status>
      <progress>Complete</progress>
      <update>As Needed</update>
    </status>
    <spdom>
      <bounding>
        <westbc>-152.4</westbc>
        <eastbc>-147.67</eastbc>
        <northbc>59.92</northbc>
        <southbc>57.67</southbc>
      </bounding>
    </spdom>
    <keywords>
      <theme>
        <themekt>North Pacific Ecosystem Metadatabase</themekt>
        <themekey>Oceanography</themekey>
      </theme>
      <theme>
        <themekt>Other</themekt>
        <themekey>North Pacific Ocean</themekey>
        <themekey>CTD</themekey>
        <themekey>Nutrient</themekey>
        <themekey>Chlorophyll</themekey>
        <themekey>Sea Salinity</themekey>
        <themekey>Sea Temperature</themekey>
        <themekey>Mooring</themekey>
        <themekey>Seward, Alaska</themekey>
        <themekey>Kodiak Island, Alaska</themekey>
        <themekey>Chiniak Bay, Alaska</themekey>
        <themekey>Albatross Bank</themekey>
      </theme>
    </keywords>
    <accconst>Check with Contributor or Source.</accconst>
    <useconst>Check with Contributor or Source.</useconst>
    <ptcontac>
      <cntinfo>
        <cntperp>
          <cntper>Stauffer, Gary</cntper>
        </cntperp>
        <cntaddr>
          <addrtype>Mailing and Physical Address</addrtype>
          <address>7600 Sand Point Way N.E.</address>
          <city>Seattle</city>
          <state>WA</state>
          <postal>98115</postal>
          <country>USA</country>
        </cntaddr>
        <cntvoice>206-526-4170</cntvoice>
        <cntfax>206-526-6723</cntfax>
        <cntemail>gary.stauffer@noaa.gov</cntemail>
      </cntinfo>
    </ptcontac>
  </idinfo>
  <distinfo>
    <distrib>
      <cntinfo>
        <cntperp>
          <cntper>Stauffer, Gary</cntper>
        </cntperp>
        <cntaddr>
          <addrtype>Mailing and Physical Address</addrtype>
          <address>7600 Sand Point Way N.E.</address>
          <city>Seattle</city>
          <state>WA</state>
          <postal>98115</postal>
          <country>USA</country>
        </cntaddr>
        <cntvoice>206-526-4170</cntvoice>
        <cntfax>206-526-6723</cntfax>
        <cntemail>gary.stauffer@noaa.gov</cntemail>
      </cntinfo>
    </distrib>
    <distliab>While every effort has been made to ensure that these data are accurate and reliable within the limits of the current state of the art, NOAA cannot assume liability for any damages caused by any errors or omissions in the data, nor as a result of the failure of the data to function on a particular system. NOAA makes no warranty, expressed or implied, nor does the fact of distribution constitute such a warranty.</distliab>
  </distinfo>
  <metainfo>
    <metd>20030530</metd>
    <metc>
      <cntinfo>
        <cntperp>
          <cntper>Kimberly Bahl</cntper>
        </cntperp>
        <cntaddr>
          <addrtype>Mailing and Physical Address</addrtype>
          <address>NOAA / AFSC / PMEL, 7600 Sand Point Way N.E.</address>
          <city>Seattle</city>
          <state>WA</state>
          <postal>98115</postal>
          <country>USA</country>
        </cntaddr>
        <cntvoice>206-526-4314</cntvoice>
        <cntfax>206-526-6485</cntfax>
        <cntemail>kimberly.bahl@noaa.gov</cntemail>
      </cntinfo>
    </metc>
    <metstdn>Content Standards for Digital Geospatial Metadata</metstdn>
    <metstdv>FGDC-STD-001-1998</metstdv>
    <metac>Check with Contributor or Source.</metac>
    <metuc>Check with Contributor or Source.</metuc>
  </metainfo>
</metadata>
