<metadata>
  <idinfo>
    <citation>
      <citeinfo>
        <origin>California Cooperative Oceanic Fisheries Investigations (CalCOFI)</origin>
        <pubdate>Unknown</pubdate>
        <title>CalCOFI Zooplankton Data 1951 - 1998</title>
      </citeinfo>
    </citation>
    <descript>
      <abstract>Zooplankton were collected from 1951 until 1978 by oblique net tows (1 m diameter, 5 m long, 500 um mesh-size nets).  After 1978 a Bongo net, consisting of two side by side 0.71 m diameter 505 um mesh nets, was used.  From 1951 until 1969 tows were made between the surface and a depth of 140 m.  After 1969 tows were made between the surface and a depth of 210 m.  Fish eggs were enumerated from the zooplankton tows. These procedures are summarized in greater detail in Kramer et al. (1972).

   [ Reference : Kramer, D., M. J. Kalin, E. G. Stevens, J. R. Thraikill, J. R. Zweifel, 1972, Collecting and processing data on fish eggs and larvae in the California Current region.  NOAA Technical Report NMFS, CIRC-370: 38 pp. ]</abstract>
      <purpose>To present climatologies of zooplankton volume for the California Current System as covered by the CalCOFI program.</purpose>
    </descript>
    <timeperd>
      <timeinfo>
        <rngdates>
          <begdate>19510101</begdate>
          <enddate>19981231</enddate>
        </rngdates>
      </timeinfo>
      <current>Sample Date</current>
    </timeperd>
    <status>
      <progress>In Progress</progress>
      <update>Unknown</update>
    </status>
    <spdom>
      <bounding>
        <westbc>-124.5</westbc>
        <eastbc>-117.17</eastbc>
        <northbc>35.5</northbc>
        <southbc>29.33</southbc>
      </bounding>
    </spdom>
    <keywords>
      <theme>
        <themekt>North Pacific Ecosystem Metadatabase</themekt>
        <themekey>Plankton</themekey>
      </theme>
      <theme>
        <themekt>Other</themekt>
        <themekey>Zooplankton</themekey>
        <themekey>Fish Eggs</themekey>
        <themekey>Southern California, U.S.A</themekey>
        <themekey>North Pacific Ocean</themekey>
      </theme>
    </keywords>
    <accconst>None</accconst>
    <useconst>http://www.calcofi.org/acknowledgements.html</useconst>
    <ptcontac>
      <cntinfo>
        <cntperp>
          <cntper>McCann, Sherry</cntper>
        </cntperp>
        <cntaddr>
          <addrtype>Mailing Address</addrtype>
          <address>9500 Gilman Drive</address>
          <city>La Jolla</city>
          <state>CA</state>
          <postal>92093</postal>
          <country>USA</country>
        </cntaddr>
        <cntvoice>858-534-6780</cntvoice>
        <cntfax>808-822-0562</cntfax>
        <cntemail>scummings@ucsd.edu</cntemail>
      </cntinfo>
    </ptcontac>
  </idinfo>
  <distinfo>
    <distrib>
      <cntinfo>
        <cntperp>
          <cntper>McCann, Sherry</cntper>
        </cntperp>
        <cntaddr>
          <addrtype>Mailing Address</addrtype>
          <address>9500 Gilman Drive</address>
          <city>La Jolla</city>
          <state>CA</state>
          <postal>92093</postal>
          <country>USA</country>
        </cntaddr>
        <cntvoice>858-534-6780</cntvoice>
        <cntfax>808-822-0562</cntfax>
        <cntemail>scummings@ucsd.edu</cntemail>
      </cntinfo>
    </distrib>
    <distliab>While every effort has been made to ensure that these data are accurate and reliable within the limits of the current state of the art, NOAA cannot assume liability for any damages caused by any errors or omissions in the data, nor as a result of the failure of the data to function on a particular system. NOAA makes no warranty, expressed or implied, nor does the fact of distribution constitute such a warranty.</distliab>
  </distinfo>
  <metainfo>
    <metd>20040629</metd>
    <metc>
      <cntinfo>
        <cntperp>
          <cntper>Kimberly Bahl</cntper>
        </cntperp>
        <cntaddr>
          <addrtype>Mailing and Physical Address</addrtype>
          <address>NOAA / AFSC / PMEL, 7600 Sand Point Way N.E.</address>
          <city>Seattle</city>
          <state>WA</state>
          <postal>98115</postal>
          <country>USA</country>
        </cntaddr>
        <cntvoice>206-526-4314</cntvoice>
        <cntfax>206-526-6485</cntfax>
        <cntemail>kimberly.bahl@noaa.gov</cntemail>
      </cntinfo>
    </metc>
    <metstdn>Content Standards for Digital Geospatial Metadata</metstdn>
    <metstdv>FGDC-STD-001-1998</metstdv>
    <metac>None</metac>
    <metuc>http://www.calcofi.org/acknowledgements.html</metuc>
  </metainfo>
</metadata>
