<metadata>
  <idinfo>
    <citation>
      <citeinfo>
        <origin>University of Hawaii, Dept. of Oceanography, Sea Level Center, Sea Level</origin>
        <pubdate>Unknown</pubdate>
        <title>Joint Archive for Shipboard ADCP (JASADCP) at the UH</title>
      </citeinfo>
    </citation>
    <descript>
      <abstract>
        <p>Parameter - Current speed and direction profiles from Shipboard ADCP</p>
        <p>
          Measurement Details:
          <br />
          The JASADCP is responsible for the acquisition, review, documentation, archival, and distribution of shipboard ADCP data sets. The archive primarily handles US national cruises, although it also supports several completed multi-national programs such as TOGA COARE, WEPOCS, and US-PRC cruises. The JASADCP is also a Data Assembly Center for the World Ocean Circulation Experiment (WOCE) in collaboration with the Japan Oceanographic Data Center (JODC). The WOCE archive consists of 15 cruise lines and 55 of the Hawaii Ocean Time-series (HOT) cruises. The growing JASADCP now totals 135 cruises.
        </p>
        <p>
          Geographic Area:
          <br />
          North and South Pacific Ocean
        </p>
        <p>
          Custodian:
          <br />
          NODC/University of Hawaii ( Mr. Patrick Caldwell, caldwell@iniki.soest.hawaii.edu)
        </p>
        <p>Base Internet/URL http://ilikai.soest.hawaii.edu/sadcp/ and http://ilikai.soest.hawaii.edu/sadcp/</p>
        <p>[ A TCODE project ]</p>
      </abstract>
      <purpose>
        <p>To aquire, review, document, archive, and distribute shipboard ADCP data sets.</p>
      </purpose>
    </descript>
    <timeperd>
      <timeinfo>
        <rngdates>
          <begdate>19880101</begdate>
          <enddate />
        </rngdates>
      </timeinfo>
      <current>Sample Date</current>
    </timeperd>
    <status>
      <progress>In Progress</progress>
      <update>As Needed</update>
    </status>
    <spdom>
      <bounding>
        <westbc>165</westbc>
        <eastbc>-165</eastbc>
        <northbc>67</northbc>
        <southbc>52</southbc>
      </bounding>
    </spdom>
    <keywords>
      <theme>
        <themekt>Other</themekt>
        <themekey>Physical Chemical Oceanography</themekey>
        <themekey>Current Speed</themekey>
        <themekey>North Pacific Ocean</themekey>
        <themekey>Acoustic Doppler Current Profiler (ADCP)</themekey>
        <themekey>Oceanography</themekey>
      </theme>
    </keywords>
    <accconst>On-line access to data via internet; contact custodian (Mr. Patrick Caldwell, caldwell@iniki.soest.hawaii.edu).</accconst>
    <useconst>No use constraints after one year after collection other than giving proper citation to the data origin.</useconst>
    <ptcontac>
      <cntinfo>
        <cntperp>
          <cntper>Caldwell, Patrick</cntper>
        </cntperp>
        <cntaddr>
          <addrtype>Mailing and Physical Address</addrtype>
          <address>MSB 317</address>
          <city>Honolulu</city>
          <state>HI</state>
          <postal>96822</postal>
          <country>USA</country>
        </cntaddr>
        <cntvoice>808-956-4105</cntvoice>
        <cntfax>808-956-2352</cntfax>
        <cntemail>patrick_caldwell@noaa.gov</cntemail>
      </cntinfo>
    </ptcontac>
  </idinfo>
  <distinfo>
    <distrib>
      <cntinfo>
        <cntperp>
          <cntper>Caldwell, Patrick</cntper>
        </cntperp>
        <cntaddr>
          <addrtype>Mailing and Physical Address</addrtype>
          <address>MSB 317</address>
          <city>Honolulu</city>
          <state>HI</state>
          <postal>96822</postal>
          <country>USA</country>
        </cntaddr>
        <cntvoice>808-956-4105</cntvoice>
        <cntfax>808-956-2352</cntfax>
        <cntemail>patrick_caldwell@noaa.gov</cntemail>
      </cntinfo>
    </distrib>
    <distliab>While every effort has been made to ensure that these data are accurate and reliable within the limits of the current state of the art, NOAA cannot assume liability for any damages caused by any errors or omissions in the data, nor as a result of the failure of the data to function on a particular system. NOAA makes no warranty, expressed or implied, nor does the fact of distribution constitute such a warranty.</distliab>
  </distinfo>
  <metainfo>
    <metd>19990810</metd>
    <metc>
      <cntinfo>
        <cntperp>
          <cntper>Kimberly Bahl</cntper>
        </cntperp>
        <cntaddr>
          <addrtype>Mailing and Physical Address</addrtype>
          <address>NOAA / AFSC / PMEL, 7600 Sand Point Way N.E.</address>
          <city>Seattle</city>
          <state>WA</state>
          <postal>98115</postal>
          <country>USA</country>
        </cntaddr>
        <cntvoice>206-526-4314</cntvoice>
        <cntfax>206-526-6485</cntfax>
        <cntemail>kimberly.bahl@noaa.gov</cntemail>
      </cntinfo>
    </metc>
    <metstdn>Content Standards for Digital Geospatial Metadata</metstdn>
    <metstdv>FGDC-STD-001-1998</metstdv>
    <metac>On-line access to data via internet; contact custodian (Mr. Patrick Caldwell, caldwell@iniki.soest.hawaii.edu).</metac>
    <metuc>No use constraints after one year after collection other than giving proper citation to the data origin.</metuc>
  </metainfo>
</metadata>
