<metadata>
  <idinfo>
    <citation>
      <citeinfo>
        <origin>National Aeronautics and Space Administration (NASA), Goddard Space Flight Center (GSFC)</origin>
        <pubdate>1978-1982</pubdate>
        <title>Mapped Sea Surface Parameters from Nimbus-7 SMMR (Martix-SS)</title>
      </citeinfo>
    </citation>
    <descript>
      <abstract>
        <p>The Matrix-SS data set consists of several mapped parameters derived from the Map-SS data set (NSSDC ID 78-098A-08F).  This data set includes a series of color film products providing maps of six-day and monthly averages of sea ice surface temperatures, sea ice concentration (percent of ice cover within the field of view), percent polarization of the 18- 37-ghz brightness temperatures, and other geophysical parameters over land snow, ice sheet, and sea ice in a Mercator projection.  There are approximately 61 frames per year plus 12 monthly averages frames.</p>
        <p>The data are only available for years 1, 2, and 4, and the user can request several types of distribution media (film and prints).</p>
      </abstract>
      <purpose>To report on the Matrix-SS data set consists of several mapped parameters derived from the Map-SS data set (NSSDC ID 78-098A-08F).  This data set includes a series of color film products providing maps of six-day and monthly averages of sea ice surface temperatures, sea ice concentration (percent of ice cover within the field of view).</purpose>
    </descript>
    <timeperd>
      <timeinfo>
        <rngdates>
          <begdate>19780101</begdate>
          <enddate>19821231</enddate>
        </rngdates>
      </timeinfo>
      <current>Sample Date</current>
    </timeperd>
    <status>
      <progress>Complete</progress>
      <update>None Planned</update>
    </status>
    <spdom>
      <bounding>
        <westbc>178</westbc>
        <eastbc>-168</eastbc>
        <northbc>67.5</northbc>
        <southbc>52</southbc>
      </bounding>
    </spdom>
    <keywords>
      <theme>
        <themekt>North Pacific Ecosystem Metadatabase</themekt>
        <themekey>Atmosphere</themekey>
      </theme>
      <theme>
        <themekt>Other</themekt>
        <themekey>Arctic</themekey>
        <themekey>Bering Sea</themekey>
        <themekey>Weather</themekey>
        <themekey>U.S.A.</themekey>
        <themekey>Temperature</themekey>
        <themekey>Sea Ice</themekey>
        <themekey>Satellite</themekey>
        <themekey>NASA</themekey>
        <themekey>Ice Data</themekey>
        <themekey>North Pacific Ocean</themekey>
      </theme>
    </keywords>
    <accconst>Check with Contributor</accconst>
    <useconst>Check with Contributor</useconst>
    <ptcontac>
      <cntinfo>
        <cntperp>
          <cntper>Wilheit, Thomas T.</cntper>
        </cntperp>
        <cntaddr>
          <addrtype>Mailing and Physical Address</addrtype>
          <address>NASA/Goddard Space Flight Center</address>
          <city>Greenbelt</city>
          <state>MD</state>
          <postal>20771</postal>
          <country>USA</country>
        </cntaddr>
        <cntvoice>301-286-5105</cntvoice>
        <cntfax />
        <cntemail />
      </cntinfo>
    </ptcontac>
  </idinfo>
  <distinfo>
    <distrib>
      <cntinfo>
        <cntperp>
          <cntper>Wilheit, Thomas T.</cntper>
        </cntperp>
        <cntaddr>
          <addrtype>Mailing and Physical Address</addrtype>
          <address>NASA/Goddard Space Flight Center</address>
          <city>Greenbelt</city>
          <state>MD</state>
          <postal>20771</postal>
          <country>USA</country>
        </cntaddr>
        <cntvoice>301-286-5105</cntvoice>
        <cntfax />
        <cntemail />
      </cntinfo>
    </distrib>
    <distliab>While every effort has been made to ensure that these data are accurate and reliable within the limits of the current state of the art, NOAA cannot assume liability for any damages caused by any errors or omissions in the data, nor as a result of the failure of the data to function on a particular system. NOAA makes no warranty, expressed or implied, nor does the fact of distribution constitute such a warranty.</distliab>
  </distinfo>
  <metainfo>
    <metd>19990209</metd>
    <metc>
      <cntinfo>
        <cntperp>
          <cntper>Kimberly Bahl</cntper>
        </cntperp>
        <cntaddr>
          <addrtype>Mailing and Physical Address</addrtype>
          <address>NOAA / AFSC / PMEL, 7600 Sand Point Way N.E.</address>
          <city>Seattle</city>
          <state>WA</state>
          <postal>98115</postal>
          <country>USA</country>
        </cntaddr>
        <cntvoice>206-526-4314</cntvoice>
        <cntfax>206-526-6485</cntfax>
        <cntemail>kimberly.bahl@noaa.gov</cntemail>
      </cntinfo>
    </metc>
    <metstdn>Content Standards for Digital Geospatial Metadata</metstdn>
    <metstdv>FGDC-STD-001-1998</metstdv>
    <metac>Check with Contributor</metac>
    <metuc>Check with Contributor</metuc>
  </metainfo>
</metadata>
