<metadata>
  <idinfo>
    <citation>
      <citeinfo>
        <origin>University of Alaska Fairbanks (UAF), School of Fisheries and Ocean Sciences (SFOS), Institute of Marine Science (IMS)</origin>
        <pubdate>19900605-19900607</pubdate>
        <title>Conference on Shared Living Resources of the Bering Sea Region</title>
      </citeinfo>
    </citation>
    <descript>
      <abstract>In these conference proceedings, you will find an impressive amount of knowledge and insight into the legal, administrative and ecological complexities of the area called "Beringia" This conference commenced at an auspicious time for a region so long veiled by the "ice curtain"ﾅimmediately following discussion at the June, 1990 summit By Presidents George Bush and Mikhail Gorbachev about this shared northern borderﾅtheir announcement of an international park encompassing of concern about depletion of fish stocks in the Central Bering Sea and their call for Development of an international regime for the conservation and management of the living marines resources in that critical and currently unregulated area.</abstract>
      <purpose>A report explaining the conference on Shared Living resources of the Bering Sea region</purpose>
    </descript>
    <timeperd>
      <timeinfo>
        <mdattim>
          <sngdate>
            <caldate>19900605, 06071990</caldate>
          </sngdate>
        </mdattim>
      </timeinfo>
      <current>Sample Date</current>
    </timeperd>
    <status>
      <progress>Complete</progress>
      <update>None Planned</update>
    </status>
    <spdom>
      <bounding>
        <westbc>178</westbc>
        <eastbc>-168</eastbc>
        <northbc>67.5</northbc>
        <southbc>52</southbc>
      </bounding>
    </spdom>
    <keywords>
      <theme>
        <themekt>Other</themekt>
        <themekey>Bering Sea</themekey>
        <themekey>Ecological</themekey>
        <themekey>Alaska</themekey>
        <themekey>Beringia</themekey>
        <themekey>North Pacific Ocean</themekey>
      </theme>
    </keywords>
    <accconst>Check with Contributor about how to obtain data.</accconst>
    <useconst>Check with Contributor about how to obtain data.</useconst>
    <ptcontac>
      <cntinfo>
        <cntperp>
          <cntper>Townsend, Richard</cntper>
        </cntperp>
        <cntaddr>
          <addrtype>Mailing and Physical Address</addrtype>
          <address>P.O. Box 757220</address>
          <city>Fairbanks</city>
          <state>AK</state>
          <postal>99503</postal>
          <country>USA</country>
        </cntaddr>
        <cntvoice />
        <cntfax />
        <cntemail />
      </cntinfo>
    </ptcontac>
  </idinfo>
  <distinfo>
    <distrib>
      <cntinfo>
        <cntperp>
          <cntper>Townsend, Richard</cntper>
        </cntperp>
        <cntaddr>
          <addrtype>Mailing and Physical Address</addrtype>
          <address>P.O. Box 757220</address>
          <city>Fairbanks</city>
          <state>AK</state>
          <postal>99503</postal>
          <country>USA</country>
        </cntaddr>
        <cntvoice />
        <cntfax />
        <cntemail />
      </cntinfo>
    </distrib>
    <distliab>While every effort has been made to ensure that these data are accurate and reliable within the limits of the current state of the art, NOAA cannot assume liability for any damages caused by any errors or omissions in the data, nor as a result of the failure of the data to function on a particular system. NOAA makes no warranty, expressed or implied, nor does the fact of distribution constitute such a warranty.</distliab>
  </distinfo>
  <metainfo>
    <metd>19990202</metd>
    <metc>
      <cntinfo>
        <cntperp>
          <cntper>Kimberly Bahl</cntper>
        </cntperp>
        <cntaddr>
          <addrtype>Mailing and Physical Address</addrtype>
          <address>NOAA / AFSC / PMEL, 7600 Sand Point Way N.E.</address>
          <city>Seattle</city>
          <state>WA</state>
          <postal>98115</postal>
          <country>USA</country>
        </cntaddr>
        <cntvoice>206-526-4314</cntvoice>
        <cntfax>206-526-6485</cntfax>
        <cntemail>kimberly.bahl@noaa.gov</cntemail>
      </cntinfo>
    </metc>
    <metstdn>Content Standards for Digital Geospatial Metadata</metstdn>
    <metstdv>FGDC-STD-001-1998</metstdv>
    <metac>Check with Contributor about how to obtain data.</metac>
    <metuc>Check with Contributor about how to obtain data.</metuc>
  </metainfo>
</metadata>
