<metadata>
  <idinfo>
    <citation>
      <citeinfo>
        <origin>National Oceanic and Atmospheric Administration (NOAA), Office of Oceanic and Atmospheric Research (OAR), Pacific Marine Environmental Laboratory (PMEL)</origin>
        <pubdate>19851001</pubdate>
        <title>Sea Ice Dynamics and Regional Meteorology for the Arctic Polynya Experiment (APEX) - Bering Sea 1985</title>
      </citeinfo>
    </citation>
    <descript>
      <abstract>
        <p>This memorandum summarizes the deployment of drifting ARGOS buoys, some with GOES ice stations in the northern Bering Sea, and stationary GOES meteorological stations on St. Lawrence Island in support of the Arctic Polynya Experiment (APEX). Weather conditions during January 1985 over the eastern Bering Sea and western Alaska were extremely anomalous with the warmest air temperatures on record and the least ice ever recorded for the month, both due to prolonged southerly winds throughout the month. During the last three weeks in February, the wind shifted to northerly, air temperatures dropped to -20 to -30°C, and the ice recovered its previous maximum both by freezing in situ and by the return of Bering Sea ice from the Chukchi Sea. Flying conditions were generally very good during this period, so all the buoys and drifting stations were deployed between 19 and 23 February. The ARGOS buoys initially drifted south to southwestward. The buoys deployed on the west side of St. Lawrence Island turned and drifted northward on 27 February and the buoys deployed on the east side of the island turned on 28 February. This is consistent with the idea that reversals (periods of southward flow) in Anadyr Strait are of shorter duration than in Shpanberg Strait, although this was certainly one of the longest reversals ever observed for Anadyr Strait. After 7 March, the buoys on the west side of St. Lawrence again drifted southwestward and the buoys on the east side of the island drifted southward. There was considerable strain over the arrays. Particularly, the eastern array lost two ARGOS buoys on the southward transit past St. Lawrence Island, one on the northward transit and one along the western end of Nunivak Island due to crushing or shear. Both arrays exhibited greater deformation than the MIZEX-West array did while passing St. Matthew Island during 1983.</p>
        <p>[Reference: Pease, C.H., R.M. Reynolds, G.A. Galasso, V.L. Long, S.A. Salo, and B.D. Webster (1985): Sea ice dynamics and regional meteorology for the Arctic Polynya Experiment (APEX) - Bering Sea 1985. NOAA Tech. Memo ERL PMEL-64 (PB86-148038/XAB), 120 pp.]</p>
      </abstract>
      <purpose>To report sea ice dynamics and regional meteorology for the Arctic Polynya Experiment (APEX) - Bering Sea 1985.</purpose>
    </descript>
    <timeperd>
      <timeinfo>
        <rngdates>
          <begdate>19850115</begdate>
          <enddate>19850515</enddate>
        </rngdates>
      </timeinfo>
      <current>Ground Condition</current>
    </timeperd>
    <status>
      <progress>Complete</progress>
      <update>None Planned</update>
    </status>
    <spdom>
      <bounding>
        <westbc>171</westbc>
        <eastbc>-151</eastbc>
        <northbc>68</northbc>
        <southbc>50</southbc>
      </bounding>
    </spdom>
    <keywords>
      <theme>
        <themekt>North Pacific Ecosystem Metadatabase</themekt>
        <themekey>Meteorology</themekey>
        <themekey>Oceanography</themekey>
        <themekey>Atmosphere</themekey>
      </theme>
      <theme>
        <themekt>Other</themekt>
        <themekey>Sea Ice</themekey>
        <themekey>Bering Sea</themekey>
        <themekey>Polynya</themekey>
        <themekey>North Pacific Ocean</themekey>
        <themekey>Alaska</themekey>
      </theme>
    </keywords>
    <accconst>None</accconst>
    <useconst>None</useconst>
    <ptcontac>
      <cntinfo>
        <cntperp>
          <cntper>Librarian</cntper>
        </cntperp>
        <cntaddr>
          <addrtype>Mailing and Physical Address</addrtype>
          <address>7600 Sand Point Way N.E.</address>
          <city>Seattle</city>
          <state>WA</state>
          <postal>98115</postal>
          <country>USA</country>
        </cntaddr>
        <cntvoice>206-526-6241</cntvoice>
        <cntfax />
        <cntemail>seattle.library@noaa.gov</cntemail>
      </cntinfo>
    </ptcontac>
  </idinfo>
  <distinfo>
    <distrib>
      <cntinfo>
        <cntperp>
          <cntper>Librarian</cntper>
        </cntperp>
        <cntaddr>
          <addrtype>Mailing and Physical Address</addrtype>
          <address>7600 Sand Point Way N.E.</address>
          <city>Seattle</city>
          <state>WA</state>
          <postal>98115</postal>
          <country>USA</country>
        </cntaddr>
        <cntvoice>206-526-6241</cntvoice>
        <cntfax />
        <cntemail>seattle.library@noaa.gov</cntemail>
      </cntinfo>
    </distrib>
    <distliab>While every effort has been made to ensure that these data are accurate and reliable within the limits of the current state of the art, NOAA cannot assume liability for any damages caused by any errors or omissions in the data, nor as a result of the failure of the data to function on a particular system. NOAA makes no warranty, expressed or implied, nor does the fact of distribution constitute such a warranty.</distliab>
  </distinfo>
  <metainfo>
    <metd>19990203</metd>
    <metc>
      <cntinfo>
        <cntperp>
          <cntper>Kimberly Bahl</cntper>
        </cntperp>
        <cntaddr>
          <addrtype>Mailing and Physical Address</addrtype>
          <address>NOAA / AFSC / PMEL, 7600 Sand Point Way N.E.</address>
          <city>Seattle</city>
          <state>WA</state>
          <postal>98115</postal>
          <country>USA</country>
        </cntaddr>
        <cntvoice>206-526-4314</cntvoice>
        <cntfax>206-526-6485</cntfax>
        <cntemail>kimberly.bahl@noaa.gov</cntemail>
      </cntinfo>
    </metc>
    <metstdn>Content Standards for Digital Geospatial Metadata</metstdn>
    <metstdv>FGDC-STD-001-1998</metstdv>
    <metac>None</metac>
    <metuc>None</metuc>
  </metainfo>
</metadata>
