<metadata>
  <idinfo>
    <citation>
      <citeinfo>
        <origin>U.S. Geological Survey (USGS), Alaska Biological Science Center, Marine and Freshwater Ecology Branch</origin>
        <pubdate>1997</pubdate>
        <title>Bathymetry of the Bering Strait - Chukota to Diomede Island</title>
      </citeinfo>
    </citation>
    <descript>
      <abstract>Bathymetric contours of the Russian side of the Bering Strait at 1:1,000,000 scale. Digitized from the "Topographic and Bathymetric Map of the Northern Bering Sea region" (USGS Prof. Paper 759-B, 1976)</abstract>
      <purpose>This coverage was created to support marine mammal and bird research at the Alaska Biological Science Center.</purpose>
    </descript>
    <timeperd>
      <timeinfo />
      <current>Ground Condition</current>
    </timeperd>
    <status>
      <progress>Complete</progress>
      <update>None Planned</update>
    </status>
    <spdom>
      <bounding>
        <westbc>-173</westbc>
        <eastbc>-169</eastbc>
        <northbc>67</northbc>
        <southbc>64</southbc>
      </bounding>
    </spdom>
    <keywords>
      <theme>
        <themekt>North Pacific Ecosystem Metadatabase</themekt>
        <themekey>Benthic</themekey>
        <themekey>Oceanography</themekey>
      </theme>
      <theme>
        <themekt>Other</themekt>
        <themekey>Bering Strait</themekey>
        <themekey>Diomede Island</themekey>
        <themekey>Bathymetric Contours</themekey>
        <themekey>Chukchi Sea</themekey>
        <themekey>Eastern Russia</themekey>
        <themekey>Bering Sea Shelf</themekey>
        <themekey>Beringian Heritage</themekey>
        <themekey>North Pacific Ocean</themekey>
      </theme>
    </keywords>
    <accconst>None</accconst>
    <useconst>None</useconst>
    <ptcontac>
      <cntinfo>
        <cntperp>
          <cntper>Jay, Chad</cntper>
        </cntperp>
        <cntaddr>
          <addrtype>Mailing and Physical Address</addrtype>
          <address>1011 East Tudor Road</address>
          <city>Anchorage</city>
          <state>AK</state>
          <postal>99503</postal>
          <country>USA</country>
        </cntaddr>
        <cntvoice>907-786-3316</cntvoice>
        <cntfax>907-786-3636</cntfax>
        <cntemail>chad_jay@usgs.gov</cntemail>
      </cntinfo>
    </ptcontac>
  </idinfo>
  <distinfo>
    <distrib>
      <cntinfo>
        <cntperp>
          <cntper>Jay, Chad</cntper>
        </cntperp>
        <cntaddr>
          <addrtype>Mailing and Physical Address</addrtype>
          <address>1011 East Tudor Road</address>
          <city>Anchorage</city>
          <state>AK</state>
          <postal>99503</postal>
          <country>USA</country>
        </cntaddr>
        <cntvoice>907-786-3316</cntvoice>
        <cntfax>907-786-3636</cntfax>
        <cntemail>chad_jay@usgs.gov</cntemail>
      </cntinfo>
    </distrib>
    <distliab>While every effort has been made to ensure that these data are accurate and reliable within the limits of the current state of the art, NOAA cannot assume liability for any damages caused by any errors or omissions in the data, nor as a result of the failure of the data to function on a particular system. NOAA makes no warranty, expressed or implied, nor does the fact of distribution constitute such a warranty.</distliab>
  </distinfo>
  <metainfo>
    <metd>19971212</metd>
    <metc>
      <cntinfo>
        <cntperp>
          <cntper>Kimberly Bahl</cntper>
        </cntperp>
        <cntaddr>
          <addrtype>Mailing and Physical Address</addrtype>
          <address>NOAA / AFSC / PMEL, 7600 Sand Point Way N.E.</address>
          <city>Seattle</city>
          <state>WA</state>
          <postal>98115</postal>
          <country>USA</country>
        </cntaddr>
        <cntvoice>206-526-4314</cntvoice>
        <cntfax>206-526-6485</cntfax>
        <cntemail>kimberly.bahl@noaa.gov</cntemail>
      </cntinfo>
    </metc>
    <metstdn>Content Standards for Digital Geospatial Metadata</metstdn>
    <metstdv>FGDC-STD-001-1998</metstdv>
    <metac>None</metac>
    <metuc>None</metuc>
  </metainfo>
</metadata>
