<metadata>
  <idinfo>
    <citation>
      <citeinfo>
        <origin>National Oceanic and Atmospheric Administration (NOAA), Office of Oceanic and Atmospheric Research (OAR), Pacific Marine Environmental Laboratory (PMEL)</origin>
        <pubdate>Unknown</pubdate>
        <title>Arctic Current Meter Data Collated under ESDIM Data Rescue</title>
      </citeinfo>
    </citation>
    <descript>
      <abstract>CM: Current Meters were deployed in the Arctic Ocean and Greenland Sea from 1971-1988. Measures of zonal and meridonal velocities, temperature and salinity were recorded. This data was used to determine ice flow and flow regimes in the high Arctic region.</abstract>
      <purpose />
    </descript>
    <timeperd>
      <timeinfo>
        <rngdates>
          <begdate>19710908</begdate>
          <enddate />
        </rngdates>
      </timeinfo>
      <current>Ground Condition</current>
    </timeperd>
    <status>
      <progress>In Progress</progress>
      <update>Unknown</update>
    </status>
    <spdom>
      <bounding>
        <westbc>173</westbc>
        <eastbc>-133</eastbc>
        <northbc>82</northbc>
        <southbc>62</southbc>
      </bounding>
    </spdom>
    <keywords>
      <theme>
        <themekt>North Pacific Ecosystem Metadatabase</themekt>
        <themekey>Oceanography</themekey>
      </theme>
      <theme>
        <themekt>Other</themekt>
        <themekey>Beaufort Sea</themekey>
        <themekey>Pressure</themekey>
        <themekey>Circulation</themekey>
        <themekey>Arctic</themekey>
        <themekey>Pacific Ocean</themekey>
        <themekey>Climate</themekey>
        <themekey>Ocean Currents</themekey>
        <themekey>Greenland</themekey>
        <themekey>Temperature</themekey>
        <themekey>Environment</themekey>
        <themekey>Physical Oceanography</themekey>
        <themekey>North Pacific Ocean</themekey>
      </theme>
    </keywords>
    <accconst>Check with Contributor about how to obtain data.</accconst>
    <useconst>Check with Contributor about how to obtain data.</useconst>
    <ptcontac>
      <cntinfo>
        <cntperp>
          <cntper>Macklin, S. Allen</cntper>
        </cntperp>
        <cntaddr>
          <addrtype>Mailing and Physical Address</addrtype>
          <address>7600 Sand Point Way N.E.</address>
          <city>Seattle</city>
          <state>WA</state>
          <postal>98115</postal>
          <country>USA</country>
        </cntaddr>
        <cntvoice>206-526-6798</cntvoice>
        <cntfax>206-526-6485</cntfax>
        <cntemail>S.Allen.Macklin@noaa.gov</cntemail>
      </cntinfo>
    </ptcontac>
  </idinfo>
  <distinfo>
    <distrib>
      <cntinfo>
        <cntperp>
          <cntper>Macklin, S. Allen</cntper>
        </cntperp>
        <cntaddr>
          <addrtype>Mailing and Physical Address</addrtype>
          <address>7600 Sand Point Way N.E.</address>
          <city>Seattle</city>
          <state>WA</state>
          <postal>98115</postal>
          <country>USA</country>
        </cntaddr>
        <cntvoice>206-526-6798</cntvoice>
        <cntfax>206-526-6485</cntfax>
        <cntemail>S.Allen.Macklin@noaa.gov</cntemail>
      </cntinfo>
    </distrib>
    <distliab>While every effort has been made to ensure that these data are accurate and reliable within the limits of the current state of the art, NOAA cannot assume liability for any damages caused by any errors or omissions in the data, nor as a result of the failure of the data to function on a particular system. NOAA makes no warranty, expressed or implied, nor does the fact of distribution constitute such a warranty.</distliab>
  </distinfo>
  <metainfo>
    <metd>19981012</metd>
    <metc>
      <cntinfo>
        <cntperp>
          <cntper>Kimberly Bahl</cntper>
        </cntperp>
        <cntaddr>
          <addrtype>Mailing and Physical Address</addrtype>
          <address>NOAA / AFSC / PMEL, 7600 Sand Point Way N.E.</address>
          <city>Seattle</city>
          <state>WA</state>
          <postal>98115</postal>
          <country>USA</country>
        </cntaddr>
        <cntvoice>206-526-4314</cntvoice>
        <cntfax>206-526-6485</cntfax>
        <cntemail>kimberly.bahl@noaa.gov</cntemail>
      </cntinfo>
    </metc>
    <metstdn>Content Standards for Digital Geospatial Metadata</metstdn>
    <metstdv>FGDC-STD-001-1998</metstdv>
    <metac>Check with Contributor about how to obtain data.</metac>
    <metuc>Check with Contributor about how to obtain data.</metuc>
  </metainfo>
</metadata>
