<metadata>
  <idinfo>
    <citation>
      <citeinfo>
        <origin>University of Alaska Fairbanks (UAF), School of Fisheries and Ocean Sciences (SFOS), Institute of Marine Science (IMS)</origin>
        <pubdate>19971231</pubdate>
        <title>Hydrographic Data from the Bering Sea</title>
      </citeinfo>
    </citation>
    <descript>
      <abstract>The data base contains hydrographic profiles of the Gulf of Alaska, Bering Sea, Chukchi Sea, and Southeast Coastal Fjords.   Profiles include salinity, temperature, sigma-t, delta-o, depth and occasionally oxygen, nutrient, chlorophyll, and productivity
data.</abstract>
      <purpose>To report and collect data on Hydrographic Data from the Bering Sea</purpose>
    </descript>
    <timeperd>
      <timeinfo />
      <current>Publication Date</current>
    </timeperd>
    <status>
      <progress>Complete</progress>
      <update>None Planned</update>
    </status>
    <spdom>
      <bounding>
        <westbc>178</westbc>
        <eastbc>-168</eastbc>
        <northbc>67.5</northbc>
        <southbc>52</southbc>
      </bounding>
    </spdom>
    <keywords>
      <theme>
        <themekt>Other</themekt>
        <themekey>Bering Sea</themekey>
        <themekey>Hydrographics</themekey>
        <themekey>North Pacific Ocean</themekey>
      </theme>
    </keywords>
    <accconst>Contact Source.</accconst>
    <useconst>Contact Source.</useconst>
    <ptcontac>
      <cntinfo>
        <cntperp>
          <cntper>Cermak, Rob</cntper>
        </cntperp>
        <cntaddr>
          <addrtype>Mailing and Physical Address</addrtype>
          <address>245 O'Neill Building, UAF</address>
          <city>Fairbanks</city>
          <state>AK</state>
          <postal>99775</postal>
          <country>USA</country>
        </cntaddr>
        <cntvoice>907-474-7092</cntvoice>
        <cntfax>907-874-7204</cntfax>
        <cntemail>cermak@sfos.uaf.edu</cntemail>
      </cntinfo>
    </ptcontac>
  </idinfo>
  <distinfo>
    <distrib>
      <cntinfo>
        <cntperp>
          <cntper>Cermak, Rob</cntper>
        </cntperp>
        <cntaddr>
          <addrtype>Mailing and Physical Address</addrtype>
          <address>245 O'Neill Building, UAF</address>
          <city>Fairbanks</city>
          <state>AK</state>
          <postal>99775</postal>
          <country>USA</country>
        </cntaddr>
        <cntvoice>907-474-7092</cntvoice>
        <cntfax>907-874-7204</cntfax>
        <cntemail>cermak@sfos.uaf.edu</cntemail>
      </cntinfo>
    </distrib>
    <distliab>While every effort has been made to ensure that these data are accurate and reliable within the limits of the current state of the art, NOAA cannot assume liability for any damages caused by any errors or omissions in the data, nor as a result of the failure of the data to function on a particular system. NOAA makes no warranty, expressed or implied, nor does the fact of distribution constitute such a warranty.</distliab>
  </distinfo>
  <metainfo>
    <metd>19990208</metd>
    <metc>
      <cntinfo>
        <cntperp>
          <cntper>Kimberly Bahl</cntper>
        </cntperp>
        <cntaddr>
          <addrtype>Mailing and Physical Address</addrtype>
          <address>NOAA / AFSC / PMEL, 7600 Sand Point Way N.E.</address>
          <city>Seattle</city>
          <state>WA</state>
          <postal>98115</postal>
          <country>USA</country>
        </cntaddr>
        <cntvoice>206-526-4314</cntvoice>
        <cntfax>206-526-6485</cntfax>
        <cntemail>kimberly.bahl@noaa.gov</cntemail>
      </cntinfo>
    </metc>
    <metstdn>Content Standards for Digital Geospatial Metadata</metstdn>
    <metstdv>FGDC-STD-001-1998</metstdv>
    <metac>Contact Source.</metac>
    <metuc>Contact Source.</metuc>
  </metainfo>
</metadata>
