<metadata>
  <idinfo>
    <citation>
      <citeinfo>
        <origin>National Oceanic and Atmospheric Administration (NOAA)</origin>
        <pubdate>Unknown</pubdate>
        <title>Preliminary Assessment of Species Distributions in the Bering Sea Donut Hole</title>
      </citeinfo>
    </citation>
    <descript>
      <abstract>This 10-page document presents information on the distribution of over 200 invertebrates, fishes, marine mammals, and seabirds found in the donut hole region of the Bering Sea. Presence-absence data are included for the U.S. Exclusive Economic Zone (EEZ), the USSR (now Russian) EEZ, and other Bering Sea waters. The data for each species are organized within four categories: 1) adult presence; 2) adult abundance; 3) reproduction; and 4) commercial fishing grounds. The information was
compiled from the work done for NOAA's Bering, Chukchi, and Beaufort Seas Strategic Assessment Data Atlas and West Coast of North America Strategic Assessment Data Atlas. 

NOAAServer Codes: [OL 72 55 -130 -168] ; nodateline obtain</abstract>
      <purpose />
    </descript>
    <timeperd>
      <timeinfo>
        <rngdates>
          <begdate>19940930</begdate>
          <enddate />
        </rngdates>
      </timeinfo>
      <current>Sample Date</current>
    </timeperd>
    <status>
      <progress>Complete</progress>
      <update>Unknown</update>
    </status>
    <spdom>
      <bounding>
        <westbc>168</westbc>
        <eastbc>-130</eastbc>
        <northbc>72</northbc>
        <southbc>55</southbc>
      </bounding>
    </spdom>
    <keywords>
      <theme>
        <themekt>Other</themekt>
        <themekey>Environmental Characterization</themekey>
        <themekey>North Pacific Ocean</themekey>
      </theme>
    </keywords>
    <accconst>None</accconst>
    <useconst>None</useconst>
    <ptcontac>
      <cntinfo>
        <cntperp>
          <cntper>Rubin, Pam</cntper>
        </cntperp>
        <cntaddr>
          <addrtype>Mailing and Physical Address</addrtype>
          <address>1305 East West Hwy - 9th floor</address>
          <city>Silver Spring</city>
          <state>MD</state>
          <postal>20910</postal>
          <country>USA</country>
        </cntaddr>
        <cntvoice>301-713-3000</cntvoice>
        <cntfax>301-713-4384</cntfax>
        <cntemail>Pam.Rubin@noaa.gov</cntemail>
      </cntinfo>
    </ptcontac>
  </idinfo>
  <distinfo>
    <distrib>
      <cntinfo>
        <cntperp>
          <cntper>Rubin, Pam</cntper>
        </cntperp>
        <cntaddr>
          <addrtype>Mailing and Physical Address</addrtype>
          <address>1305 East West Hwy - 9th floor</address>
          <city>Silver Spring</city>
          <state>MD</state>
          <postal>20910</postal>
          <country>USA</country>
        </cntaddr>
        <cntvoice>301-713-3000</cntvoice>
        <cntfax>301-713-4384</cntfax>
        <cntemail>Pam.Rubin@noaa.gov</cntemail>
      </cntinfo>
    </distrib>
    <distliab>While every effort has been made to ensure that these data are accurate and reliable within the limits of the current state of the art, NOAA cannot assume liability for any damages caused by any errors or omissions in the data, nor as a result of the failure of the data to function on a particular system. NOAA makes no warranty, expressed or implied, nor does the fact of distribution constitute such a warranty.</distliab>
  </distinfo>
  <metainfo>
    <metd>19990309</metd>
    <metc>
      <cntinfo>
        <cntperp>
          <cntper>Kimberly Bahl</cntper>
        </cntperp>
        <cntaddr>
          <addrtype>Mailing and Physical Address</addrtype>
          <address>NOAA / AFSC / PMEL, 7600 Sand Point Way N.E.</address>
          <city>Seattle</city>
          <state>WA</state>
          <postal>98115</postal>
          <country>USA</country>
        </cntaddr>
        <cntvoice>206-526-4314</cntvoice>
        <cntfax>206-526-6485</cntfax>
        <cntemail>kimberly.bahl@noaa.gov</cntemail>
      </cntinfo>
    </metc>
    <metstdn>Content Standards for Digital Geospatial Metadata</metstdn>
    <metstdv>FGDC-STD-001-1998</metstdv>
    <metac>None</metac>
    <metuc>None</metuc>
  </metainfo>
</metadata>
