<metadata>
  <idinfo>
    <citation>
      <citeinfo>
        <origin>U.S. Navy, Office of Naval Research and Harley Hurlburt, Pat Hogan, and Gregg Jacobs of Naval Research Laboratory, Stennis Space Center, MS.</origin>
        <pubdate>Unknown</pubdate>
        <title>Japan/East Sea Dynamics using Numerical Models with 1/8 to 1/64 Degree Resolution</title>
      </citeinfo>
    </citation>
    <descript>
      <abstract>
        <p>The investigator will use numerical models of increasing sophistication to study the Japan/East Sea dynamics, and will compare the results with the intensive field program. 
Short Work Statement: The investigator will 1) Write up results from the basic Navy Layered Ocean Model (NLOM) runs; 2) Add investigations using the Miami Isopycnal Coordinate Ocean Model (MICOM); and 3) Begin joint development (with Prof. Rainer Bleck, University of Miami) of a new hybrid isopycnal/sigma (generalized) coordinate ocean model for marginal seas to maintain high vertical resolution over the shelf and in the mixed layer.</p>
        <p>International Collaborator: Dr. Dong-Kyu Lee (Pusan National University, Korea). Model/drifter comparisons.</p>
        <p>U.S. Office of Naval Research (ONR) supported research in the Japan/East Sea (JES) during 1998-2000. JES website URL: http://sam.ucsd.edu/onr_jes/onr_jes.html</p>
      </abstract>
      <purpose>To investigate Japan/East Sea dynamics in a systematic and progressive fashion using a sequence of increasingly complex ocean models and model-data comparisons.</purpose>
    </descript>
    <timeperd>
      <timeinfo />
      <current>Sample Date</current>
    </timeperd>
    <status>
      <progress>Complete</progress>
      <update>Unknown</update>
    </status>
    <spdom>
      <bounding>
        <westbc>128</westbc>
        <eastbc>143</eastbc>
        <northbc>54</northbc>
        <southbc>34</southbc>
      </bounding>
    </spdom>
    <keywords>
      <theme>
        <themekt>North Pacific Ecosystem Metadatabase</themekt>
        <themekey>Oceanography</themekey>
      </theme>
      <theme>
        <themekt>Other</themekt>
        <themekey>Ocean Dynamics</themekey>
        <themekey>Sea of Japan/East Sea</themekey>
        <themekey>North Pacific Ocean</themekey>
      </theme>
    </keywords>
    <accconst>None</accconst>
    <useconst>Check with Source.</useconst>
    <ptcontac>
      <cntinfo>
        <cntperp>
          <cntper>Jacobs, Gregg</cntper>
        </cntperp>
        <cntaddr>
          <addrtype>Mailing and Physical Address</addrtype>
          <address>Naval Research Laboratory, Code 321</address>
          <city>Stennis Space Center</city>
          <state>MS</state>
          <postal>39529-5004</postal>
          <country>USA</country>
        </cntaddr>
        <cntvoice>228-688-4720</cntvoice>
        <cntfax>228-688-4759</cntfax>
        <cntemail>jacobs@proteus.nrrlssc.navy.mil</cntemail>
      </cntinfo>
    </ptcontac>
  </idinfo>
  <distinfo>
    <distrib>
      <cntinfo>
        <cntperp>
          <cntper>Jacobs, Gregg</cntper>
        </cntperp>
        <cntaddr>
          <addrtype>Mailing and Physical Address</addrtype>
          <address>Naval Research Laboratory, Code 321</address>
          <city>Stennis Space Center</city>
          <state>MS</state>
          <postal>39529-5004</postal>
          <country>USA</country>
        </cntaddr>
        <cntvoice>228-688-4720</cntvoice>
        <cntfax>228-688-4759</cntfax>
        <cntemail>jacobs@proteus.nrrlssc.navy.mil</cntemail>
      </cntinfo>
    </distrib>
    <distliab>While every effort has been made to ensure that these data are accurate and reliable within the limits of the current state of the art, NOAA cannot assume liability for any damages caused by any errors or omissions in the data, nor as a result of the failure of the data to function on a particular system. NOAA makes no warranty, expressed or implied, nor does the fact of distribution constitute such a warranty.</distliab>
  </distinfo>
  <metainfo>
    <metd>20041025</metd>
    <metc>
      <cntinfo>
        <cntperp>
          <cntper>Kimberly Bahl</cntper>
        </cntperp>
        <cntaddr>
          <addrtype>Mailing and Physical Address</addrtype>
          <address>NOAA / AFSC / PMEL, 7600 Sand Point Way N.E.</address>
          <city>Seattle</city>
          <state>WA</state>
          <postal>98115</postal>
          <country>USA</country>
        </cntaddr>
        <cntvoice>206-526-4314</cntvoice>
        <cntfax>206-526-6485</cntfax>
        <cntemail>kimberly.bahl@noaa.gov</cntemail>
      </cntinfo>
    </metc>
    <metstdn>Content Standards for Digital Geospatial Metadata</metstdn>
    <metstdv>FGDC-STD-001-1998</metstdv>
    <metac>None</metac>
    <metuc>Check with Source.</metuc>
  </metainfo>
</metadata>
