<metadata>
  <idinfo>
    <citation>
      <citeinfo>
        <origin>National Oceanic and Atmospheric Administration (NOAA), National Environmental Satellite, Data and Information Service (NESDIS), National Oceanographic Data Center (NODC)</origin>
        <pubdate>Unknown</pubdate>
        <title>U.S. Coastal AVHRR Data Products from the NOAA Coast Watch Archive and Access System (NCAAS)</title>
      </citeinfo>
    </citation>
    <descript>
      <abstract>NOAA Coast Watch is designed to provide federal and state decision makers and researchers with rapid access to satellite data imagery of U.S. coastal and offshore regions.

The primary product is sea surface temperature from the Advanced Very High Resolution Radiometer (AVHRR) instrument onboard NOAA's Polar Orbiting Environmental Satellites.  In addition, AVHRR Channel 1, Channel 2, and solar zenith angles are available for selected subregions for calculating turbidity.

Images are available for the U.S. northeast coast, southeast coast, Great Lakes, Gulf of Mexico, Aleutian Islands and Hawaiian Islands at 1.1 km and 4 km resolutions.  U.S west coast images are available at 4 km resolution.  Images of Puerto Rico and Jamaica are available at 1.1 km resolution.

Over 280,000 images have been archived at the National Oceanographic Data Center since 1990.  These data are currently available online to researchers, educators and decision makers via NODC's NOAA Coast Watch Archive and Access System (NCAAS).  To download data, users must register with NODC.  A telnet session allows the selection of data, which may then be retrieved by FTP.

See the NCAAS page at:
http://www.nodc.noaa.gov/NCAAS/ncaas-home.html


[This summary was derived from NODC Environmental Information Bulletin
No. 92-4 and the NODC WWW pages.]</abstract>
      <purpose>To show the U.S. Coastal AVHRR Data Products from the NOAA Coast Watch Archive and Access System (NCAAS)</purpose>
    </descript>
    <timeperd>
      <timeinfo>
        <rngdates>
          <begdate>19890216</begdate>
          <enddate />
        </rngdates>
      </timeinfo>
      <current>Sample Date</current>
    </timeperd>
    <status>
      <progress>Complete</progress>
      <update>None Planned</update>
    </status>
    <spdom>
      <bounding>
        <westbc>163</westbc>
        <eastbc>-157</eastbc>
        <northbc>68</northbc>
        <southbc>52</southbc>
      </bounding>
    </spdom>
    <keywords>
      <theme>
        <themekt>Other</themekt>
        <themekey>Arctic</themekey>
        <themekey>Sea Surface</themekey>
        <themekey>Pacific Ocean</themekey>
        <themekey>North America</themekey>
        <themekey>Isotopics</themekey>
        <themekey>Gulf of Alaska</themekey>
        <themekey>Great Lakes</themekey>
        <themekey>Caribbean Sea</themekey>
        <themekey>Bering Sea</themekey>
        <themekey>Atlantic Ocean</themekey>
        <themekey>North Pacific Ocean</themekey>
      </theme>
    </keywords>
    <accconst>None</accconst>
    <useconst>None</useconst>
    <ptcontac>
      <cntinfo>
        <cntperp>
          <cntper>Vogel, Ron L.</cntper>
        </cntperp>
        <cntaddr>
          <addrtype>Mailing and Physical Address</addrtype>
          <address>1315 East-West Highway, 2nd Floor, SSMC3</address>
          <city>Silver Spring</city>
          <state>MD</state>
          <postal>20910</postal>
          <country>USA</country>
        </cntaddr>
        <cntvoice>301-794-3065</cntvoice>
        <cntfax>301-794-3164</cntfax>
        <cntemail>VOGEL@GCMD.GSFC.NASA.GOV</cntemail>
      </cntinfo>
    </ptcontac>
  </idinfo>
  <distinfo>
    <distrib>
      <cntinfo>
        <cntperp>
          <cntper>Vogel, Ron L.</cntper>
        </cntperp>
        <cntaddr>
          <addrtype>Mailing and Physical Address</addrtype>
          <address>1315 East-West Highway, 2nd Floor, SSMC3</address>
          <city>Silver Spring</city>
          <state>MD</state>
          <postal>20910</postal>
          <country>USA</country>
        </cntaddr>
        <cntvoice>301-794-3065</cntvoice>
        <cntfax>301-794-3164</cntfax>
        <cntemail>VOGEL@GCMD.GSFC.NASA.GOV</cntemail>
      </cntinfo>
    </distrib>
    <distliab>While every effort has been made to ensure that these data are accurate and reliable within the limits of the current state of the art, NOAA cannot assume liability for any damages caused by any errors or omissions in the data, nor as a result of the failure of the data to function on a particular system. NOAA makes no warranty, expressed or implied, nor does the fact of distribution constitute such a warranty.</distliab>
  </distinfo>
  <metainfo>
    <metd>19990317</metd>
    <metc>
      <cntinfo>
        <cntperp>
          <cntper>Kimberly Bahl</cntper>
        </cntperp>
        <cntaddr>
          <addrtype>Mailing and Physical Address</addrtype>
          <address>NOAA / AFSC / PMEL, 7600 Sand Point Way N.E.</address>
          <city>Seattle</city>
          <state>WA</state>
          <postal>98115</postal>
          <country>USA</country>
        </cntaddr>
        <cntvoice>206-526-4314</cntvoice>
        <cntfax>206-526-6485</cntfax>
        <cntemail>kimberly.bahl@noaa.gov</cntemail>
      </cntinfo>
    </metc>
    <metstdn>Content Standards for Digital Geospatial Metadata</metstdn>
    <metstdv>FGDC-STD-001-1998</metstdv>
    <metac>None</metac>
    <metuc>None</metuc>
  </metainfo>
</metadata>
