<metadata>
  <idinfo>
    <citation>
      <citeinfo>
        <origin>DFO Staff</origin>
        <pubdate>Unknown</pubdate>
        <title>Rupert Inlet/Holberg Inlet Study</title>
        <geoform>Hardcopy; Tabular digital data</geoform>
      </citeinfo>
    </citation>
    <descript>
      <abstract>Data collected by DFO to monitor the effects on Rupert and Holdberg Inlets of Island Copper Mines, located off Rupert Inlet. There is, in addition to this data set, a very large body of data collected from 1975 to 1997 by Island Copper Mines as part of their licence to discharge about 40,000 T of tailings per day into Rupert Inlet.  This included oceanographic and biological data in a custom, commercial software format (AQUAMIN). The data set was offered to IOS before the mine closed, but was not obtained.  It may be entirely lost or unretrievable, but represents valuable data and is worth pursuing.</abstract>
      <purpose>Supports scientific and environmental research.</purpose>
    </descript>
    <timeperd>
      <timeinfo>
        <rngdates>
          <begdate>1975</begdate>
          <enddate>1976</enddate>
        </rngdates>
      </timeinfo>
      <current>publication date</current>
    </timeperd>
    <status>
      <progress>Complete</progress>
      <update>None planned</update>
    </status>
    <spdom>
      <bounding>
        <westbc>-128.5</westbc>
        <eastbc>-127.4</eastbc>
        <northbc>50.67</northbc>
        <southbc>50.55</southbc>
      </bounding>
    </spdom>
    <keywords>
      <theme>
        <themekt>None</themekt>
        <themekey>Oceanography</themekey>
        <themekey>Copper Mining</themekey>
        <themekey>environment</themekey>
      </theme>
      <theme>
        <themekt>NASA/GCMD Earth Science Keywords</themekt>
        <themekey>Earth Science</themekey>
        <themekey>Oceans</themekey>
        <themekey>Water Quality</themekey>
        <themekey>Ocean Contaminants</themekey>
      </theme>
      <theme>
        <themekt>ISO 19115 Topic Category</themekt>
        <themekey>environment</themekey>
      </theme>
      <place>
        <placekt>None</placekt>
        <placekey>Northern Hemisphere</placekey>
        <placekey>Western Hemisphere</placekey>
        <placekey>North America</placekey>
        <placekey>Northeast Pacific</placekey>
        <placekey>Canada</placekey>
        <placekey>British Columbia</placekey>
        <placekey>Rupert Inlet</placekey>
        <placekey>Holberg Inlet</placekey>
      </place>
      <place>
        <placekt>DFO Areas</placekt>
        <placekey>North Pacific Ocean</placekey>
        <placekey>South Outer Coast (West Coast VI)</placekey>
      </place>
    </keywords>
    <accconst>Departmental</accconst>
    <useconst>None</useconst>
    <ptcontac>
      <cntinfo>
        <cntperp>
          <cntper>Dario Stucchi</cntper>
          <cntorg>Fisheries and Oceans Canada, Pacific Region, Institute of Ocean Sciences, Science Branch</cntorg>
        </cntperp>
        <cntpos>Physical Oceanographer</cntpos>
        <cntaddr>
          <addrtype>Physical and mailing</addrtype>
          <address>9860 West Saanich Road</address>
          <address>PO Box 6000</address>
          <city>Sidney</city>
          <state>BC</state>
          <postal>V8L 4B2</postal>
          <country>Canada</country>
        </cntaddr>
        <cntvoice>(250) 363-6588</cntvoice>
        <cntemail>stucchid@pac.dfo-mpo.gc.ca</cntemail>
        <cntinst>Grace Kamitakahara-King</cntinst>
      </cntinfo>
    </ptcontac>
  </idinfo>
  <distinfo>
    <distrib>
      <cntinfo>
        <cntorgp>
          <cntorg>Fisheries and Oceans Canada, Pacific Region, Institute of Ocean Sciences, Science Branch</cntorg>
          <cntper>Joseph Linguanti</cntper>
        </cntorgp>
        <cntpos>Senior Analyst</cntpos>
        <cntaddr>
          <addrtype>Physical and mailing</addrtype>
          <address>9860 West Saanich Road</address>
          <address>PO Box 6000</address>
          <city>Sidney</city>
          <state>BC</state>
          <postal>V8L 4B2</postal>
          <country>Canada</country>
        </cntaddr>
        <cntvoice>(250) 363-6586</cntvoice>
        <cntemail>linguantij@pac.dfo-mpo.gc.ca</cntemail>
      </cntinfo>
    </distrib>
    <resdesc>PAC-OSAP-216</resdesc>
    <distliab>These data are provided "as-is".</distliab>
  </distinfo>
  <metainfo>
    <metd>20040609</metd>
    <metc>
      <cntinfo>
        <cntorgp>
          <cntorg>Fisheries and Oceans Canada, Pacific Region, Institute of Ocean Sciences, Science Branch</cntorg>
          <cntper>Joseph Linguanti</cntper>
        </cntorgp>
        <cntpos>Senior Analyst</cntpos>
        <cntaddr>
          <addrtype>Physical and mailing</addrtype>
          <address>9860 West Saanich Road</address>
          <address>PO Box 6000</address>
          <city>Sidney</city>
          <state>BC</state>
          <postal>V8L 4B2</postal>
          <country>Canada</country>
        </cntaddr>
        <cntvoice>(250) 363-6586</cntvoice>
        <cntemail>linguantij@pac.dfo-mpo.gc.ca</cntemail>
      </cntinfo>
    </metc>
    <metstdn>FGDC Content Standard for Digital Geospatial Metadata</metstdn>
    <metstdv>FGDC-STD-001-1998</metstdv>
  </metainfo>
</metadata>
