<metadata>
  <idinfo>
    <citation>
      <citeinfo>
        <origin>DFO Staff</origin>
        <pubdate>Unknown</pubdate>
        <title>Ocean Station Papa Detailed Zooplankton Data 1956 - 1980</title>
        <geoform>Hardcopy; Tabular digital data; Digital document</geoform>
      </citeinfo>
    </citation>
    <descript>
      <abstract>The purpose of this document is to make the detailed data on Zooplankton samples available to the scientific community in electronic format and to provide a convenient reference for citing the detailed data. Zooplankton samples were collected at Ocean Station P from 1956 to 1980 and were analyzed to various levels of taxonomic resolution over the years. The dataset has reformatted detailed data, any errors discovered corrected and extra information added to produce one complete dataset for the whole sampling period. This dataset contains total zooplankton wet weights/m3 for the whole period 1956 to 1980, as well as densities for five major taxa (copepods, chaetognaths, euphausiids, amphipods and Aglantha) from 1964 to 1967 and species identifications, counts and lengths for many samples collected between 1968 to 1980. Document comes with a diskette containing the corrected detailed zooplankton data, methods used to collect and process the data and other pertinent information about the data.</abstract>
      <purpose>Supports scientific and environmental research.</purpose>
    </descript>
    <timeperd>
      <timeinfo>
        <rngdates>
          <begdate>1956</begdate>
          <enddate>1980</enddate>
        </rngdates>
      </timeinfo>
      <current>publication date</current>
    </timeperd>
    <status>
      <progress>Complete</progress>
      <update>None planned</update>
    </status>
    <spdom>
      <bounding>
        <westbc>-145.25</westbc>
        <eastbc>-144.75</eastbc>
        <northbc>50.25</northbc>
        <southbc>49.75</southbc>
      </bounding>
    </spdom>
    <keywords>
      <theme>
        <themekt>None</themekt>
        <themekey>Marine Invertebrates</themekey>
        <themekey>Zooplankton</themekey>
        <themekey>Copepods</themekey>
        <themekey>Chaetognaths</themekey>
        <themekey>Euphausiids</themekey>
        <themekey>Amphipods</themekey>
        <themekey>Aglantha</themekey>
        <themekey>biota</themekey>
      </theme>
      <theme>
        <themekt>NASA/GCMD Earth Science Keywords</themekt>
        <themekey>Earth Science</themekey>
        <themekey>Biological Classification</themekey>
        <themekey>Animals/Invertebrates</themekey>
        <themekey>Arthropods</themekey>
        <themekey>Crustaceans</themekey>
        <themekey>Copepods</themekey>
        <themekey>Earth Science</themekey>
        <themekey>Biological Classification</themekey>
        <themekey>Animals/Invertebrates</themekey>
        <themekey>Arthropods</themekey>
        <themekey>Crustaceans</themekey>
        <themekey>Euphasiids(krill)</themekey>
        <themekey>Earth Science</themekey>
        <themekey>Biological Classification</themekey>
        <themekey>Animals/Invertebrates</themekey>
        <themekey>Arthropods</themekey>
        <themekey>Crustaceans</themekey>
        <themekey>Amphipods</themekey>
      </theme>
      <theme>
        <themekt>ISO 19115 Topic Category</themekt>
        <themekey>biota</themekey>
      </theme>
      <place>
        <placekt>None</placekt>
        <placekey>Northern Hemisphere</placekey>
        <placekey>Western Hemisphere</placekey>
        <placekey>Pacific</placekey>
      </place>
      <place>
        <placekt>DFO Areas</placekt>
        <placekey>North Pacific Ocean</placekey>
        <placekey>South Outer Coast (West Coast VI)</placekey>
      </place>
    </keywords>
    <accconst>Public</accconst>
    <useconst>None</useconst>
    <ptcontac>
      <cntinfo>
        <cntperp>
          <cntper>Brenda Waddell</cntper>
          <cntorg>Fisheries and Oceans Canada, Pacific Region, Pacific Biological Station, Science Branch, Stock Assessment Division</cntorg>
        </cntperp>
        <cntpos>Assessment Technician, Shellfish Section</cntpos>
        <cntaddr>
          <addrtype>Physical and mailing</addrtype>
          <address>3190 Hammond Bay Road</address>
          <city>Nanaimo</city>
          <state>BC</state>
          <postal>V9T 6N7</postal>
          <country>Canada</country>
        </cntaddr>
        <cntvoice>(250) 756-7228</cntvoice>
        <cntinst>Skip McKinnell not found.</cntinst>
      </cntinfo>
    </ptcontac>
  </idinfo>
  <distinfo>
    <distrib>
      <cntinfo>
        <cntorgp>
          <cntorg>Fisheries and Oceans Canada, Pacific Region, Pacific Biological Station, Science Branch, Stock Assessment Division</cntorg>
          <cntper>Brenda Waddell</cntper>
        </cntorgp>
        <cntpos>Assessment Technician, Shellfish Section</cntpos>
        <cntaddr>
          <addrtype>Physical and mailing</addrtype>
          <address>3190 Hammond Bay Road</address>
          <city>Nanaimo</city>
          <state>BC</state>
          <postal>V9T 6N7</postal>
          <country>Canada</country>
        </cntaddr>
        <cntvoice>(250) 756-7228</cntvoice>
      </cntinfo>
    </distrib>
    <resdesc>PAC-STAD-152</resdesc>
    <distliab>These data are provided "as-is".</distliab>
  </distinfo>
  <metainfo>
    <metd>20040609</metd>
    <metc>
      <cntinfo>
        <cntorgp>
          <cntorg>Fisheries and Oceans Canada, Pacific Region, Pacific Biological Station, Science Branch, Stock Assessment Division</cntorg>
          <cntper>Brenda Waddell</cntper>
        </cntorgp>
        <cntpos>Assessment Technician, Shellfish Section</cntpos>
        <cntaddr>
          <addrtype>Physical and mailing</addrtype>
          <address>3190 Hammond Bay Road</address>
          <city>Nanaimo</city>
          <state>BC</state>
          <postal>V9T 6N7</postal>
          <country>Canada</country>
        </cntaddr>
        <cntvoice>(250) 756-7228</cntvoice>
      </cntinfo>
    </metc>
    <metstdn>FGDC Content Standard for Digital Geospatial Metadata</metstdn>
    <metstdv>FGDC-STD-001-1998</metstdv>
  </metainfo>
</metadata>
