<metadata>
  <idinfo>
    <citation>
      <citeinfo>
        <origin>University of Washington (UW), Applied Physics Laboratory (APL)</origin>
        <pubdate>19890402-19890407</pubdate>
        <title>Simulating the Role of Entanglement in Northern Fur Seals</title>
      </citeinfo>
    </citation>
    <descript>
      <abstract>A multi age-class model treating populations of both male and female fur seals was developed to examine the plausible long-term effect of their entanglement in discarded net debris.  The model is based on the data available on age-specific survival and fecundity including data supporting the assumption of density-dependent survival of pups on land and juveniles up to age 2 at sea.</abstract>
      <purpose>A report showing the effect of entanglement in northern fur seals.</purpose>
    </descript>
    <timeperd>
      <timeinfo />
      <current>Publication Date</current>
    </timeperd>
    <status>
      <progress>Complete</progress>
      <update>Unknown</update>
    </status>
    <spdom>
      <bounding>
        <westbc>178</westbc>
        <eastbc>-168</eastbc>
        <northbc>67.5</northbc>
        <southbc>52</southbc>
      </bounding>
    </spdom>
    <keywords>
      <theme>
        <themekt>North Pacific Ecosystem Metadatabase</themekt>
        <themekey>Mammals</themekey>
      </theme>
      <theme>
        <themekt>Other</themekt>
        <themekey>Fur Seals</themekey>
        <themekey>Bering Sea</themekey>
        <themekey>Alaska</themekey>
        <themekey>North Pacific Ocean</themekey>
      </theme>
    </keywords>
    <accconst>Check with Source.</accconst>
    <useconst>Check with Source.</useconst>
    <ptcontac>
      <cntinfo>
        <cntperp>
          <cntper>Swartzman, Gordon L.</cntper>
        </cntperp>
        <cntaddr>
          <addrtype>Mailing and Physical Address</addrtype>
          <address>Box 355640</address>
          <city>Seattle</city>
          <state>WA</state>
          <postal>98105</postal>
          <country>USA</country>
        </cntaddr>
        <cntvoice>206-543-0061</cntvoice>
        <cntfax>206-543-6785</cntfax>
        <cntemail>gordie@apl.washington.edu</cntemail>
      </cntinfo>
    </ptcontac>
  </idinfo>
  <distinfo>
    <distrib>
      <cntinfo>
        <cntperp>
          <cntper>Swartzman, Gordon L.</cntper>
        </cntperp>
        <cntaddr>
          <addrtype>Mailing and Physical Address</addrtype>
          <address>Box 355640</address>
          <city>Seattle</city>
          <state>WA</state>
          <postal>98105</postal>
          <country>USA</country>
        </cntaddr>
        <cntvoice>206-543-0061</cntvoice>
        <cntfax>206-543-6785</cntfax>
        <cntemail>gordie@apl.washington.edu</cntemail>
      </cntinfo>
    </distrib>
    <distliab>While every effort has been made to ensure that these data are accurate and reliable within the limits of the current state of the art, NOAA cannot assume liability for any damages caused by any errors or omissions in the data, nor as a result of the failure of the data to function on a particular system. NOAA makes no warranty, expressed or implied, nor does the fact of distribution constitute such a warranty.</distliab>
  </distinfo>
  <metainfo>
    <metd>19990128</metd>
    <metc>
      <cntinfo>
        <cntperp>
          <cntper>Kimberly Bahl</cntper>
        </cntperp>
        <cntaddr>
          <addrtype>Mailing and Physical Address</addrtype>
          <address>NOAA / AFSC / PMEL, 7600 Sand Point Way N.E.</address>
          <city>Seattle</city>
          <state>WA</state>
          <postal>98115</postal>
          <country>USA</country>
        </cntaddr>
        <cntvoice>206-526-4314</cntvoice>
        <cntfax>206-526-6485</cntfax>
        <cntemail>kimberly.bahl@noaa.gov</cntemail>
      </cntinfo>
    </metc>
    <metstdn>Content Standards for Digital Geospatial Metadata</metstdn>
    <metstdv>FGDC-STD-001-1998</metstdv>
    <metac>Check with Source.</metac>
    <metuc>Check with Source.</metuc>
  </metainfo>
</metadata>
