<metadata>
  <idinfo>
    <citation>
      <citeinfo>
        <origin>Department of Fisheries and Oceans, Marine Environmental Data Service</origin>
        <pubdate>Unknown</pubdate>
        <title>Canada- MEDS World Archive for Drifting Buoy Data (DRIBU)</title>
      </citeinfo>
    </citation>
    <descript>
      <abstract>Parameter
surface currents from drifting buoys, SST, air pressure

Measurement Details
buoy positions and data via Service ARGOS (satellite tracking)

PSARC_Utility
Probably of little direct use in stock assessment.  Drifter data may be useful in validating circulation models and in detecting/demonstrating anomalies in the circulation of the North Pacific.

Improvements
"Improve access to these data.  Investigate status of software ""tools"" to extract subsets and summaries."

Base Internet/URL
http://www.meds.dfo.ca

A TCODE project</abstract>
      <purpose />
    </descript>
    <timeperd>
      <timeinfo>
        <rngdates>
          <begdate>19780101</begdate>
          <enddate>19991231</enddate>
        </rngdates>
      </timeinfo>
      <current>Sample Date</current>
    </timeperd>
    <status>
      <progress>Complete</progress>
      <update>As Needed</update>
    </status>
    <spdom>
      <bounding>
        <westbc>165</westbc>
        <eastbc>-165</eastbc>
        <northbc>67</northbc>
        <southbc>52</southbc>
      </bounding>
    </spdom>
    <keywords>
      <theme>
        <themekt>Other</themekt>
        <themekey>Surface Currents</themekey>
        <themekey>Physical Oceanography</themekey>
        <themekey>Drift Ice</themekey>
        <themekey>Sea Surface Temperature (SST)</themekey>
        <themekey>Ahnfeltia Tobuchiensis</themekey>
        <themekey>North Pacific Ocean</themekey>
      </theme>
    </keywords>
    <accconst>Inventory level information available via internet - for data access, contact custodian. Cost recovery may apply.</accconst>
    <useconst>IOSPBSData Distribution. Contact Rick Thomson (rick@ios.bc.ca)</useconst>
    <ptcontac>
      <cntinfo>
        <cntperp>
          <cntper>Thomas, Rick</cntper>
        </cntperp>
        <cntaddr>
          <addrtype>Mailing and Physical Address</addrtype>
          <address>200 Kent Street</address>
          <city>Ottawa</city>
          <state>Ontario</state>
          <postal>K1A 0E6</postal>
          <country>Canada</country>
        </cntaddr>
        <cntvoice />
        <cntfax>613-993-4658</cntfax>
        <cntemail>rick@ios.bc.ca</cntemail>
      </cntinfo>
    </ptcontac>
  </idinfo>
  <distinfo>
    <distrib>
      <cntinfo>
        <cntperp>
          <cntper>Thomas, Rick</cntper>
        </cntperp>
        <cntaddr>
          <addrtype>Mailing and Physical Address</addrtype>
          <address>200 Kent Street</address>
          <city>Ottawa</city>
          <state>Ontario</state>
          <postal>K1A 0E6</postal>
          <country>Canada</country>
        </cntaddr>
        <cntvoice />
        <cntfax>613-993-4658</cntfax>
        <cntemail>rick@ios.bc.ca</cntemail>
      </cntinfo>
    </distrib>
    <distliab>While every effort has been made to ensure that these data are accurate and reliable within the limits of the current state of the art, NOAA cannot assume liability for any damages caused by any errors or omissions in the data, nor as a result of the failure of the data to function on a particular system. NOAA makes no warranty, expressed or implied, nor does the fact of distribution constitute such a warranty.</distliab>
  </distinfo>
  <metainfo>
    <metd>19990810</metd>
    <metc>
      <cntinfo>
        <cntperp>
          <cntper>Kimberly Bahl</cntper>
        </cntperp>
        <cntaddr>
          <addrtype>Mailing and Physical Address</addrtype>
          <address>NOAA / AFSC / PMEL, 7600 Sand Point Way N.E.</address>
          <city>Seattle</city>
          <state>WA</state>
          <postal>98115</postal>
          <country>USA</country>
        </cntaddr>
        <cntvoice>206-526-4314</cntvoice>
        <cntfax>206-526-6485</cntfax>
        <cntemail>kimberly.bahl@noaa.gov</cntemail>
      </cntinfo>
    </metc>
    <metstdn>Content Standards for Digital Geospatial Metadata</metstdn>
    <metstdv>FGDC-STD-001-1998</metstdv>
    <metac>Inventory level information available via internet - for data access, contact custodian. Cost recovery may apply.</metac>
    <metuc>IOSPBSData Distribution. Contact Rick Thomson (rick@ios.bc.ca)</metuc>
  </metainfo>
</metadata>
