<metadata>
  <idinfo>
    <citation>
      <citeinfo>
        <origin>Sakhalin Research Institute of Fisheries &amp; Oceanography (SakhNIRO)</origin>
        <pubdate>Unknown</pubdate>
        <title>Russian Time-series Observation around the Sakhalin Island</title>
      </citeinfo>
    </citation>
    <descript>
      <abstract>Hydrographic time-series data around the Sakhalin Island.  The principal area of monitoring covers waters in a 100-mile zone around Sakhalin Island in the Okhotsk Sea and Tatar Strait.  

[ Reference: PICES Scientific Report No. 18 2001, Proceedings of the PICES/CoML/IPRC Workshop on "Impact of Climate Variability on Observation and Prediction of Ecosystem and Biodiversity Changes in the North Pacific", http://www.pices.int/publications/scientific_reports/Report18/default.aspx. ]</abstract>
      <purpose>To understand the waters around the Sakhalin Island.</purpose>
    </descript>
    <timeperd>
      <timeinfo />
      <current>Ground Condition</current>
    </timeperd>
    <status>
      <progress>In Progress</progress>
      <update>Unknown</update>
    </status>
    <spdom>
      <bounding>
        <westbc>137</westbc>
        <eastbc>145.5</eastbc>
        <northbc>54.5</northbc>
        <southbc>44</southbc>
      </bounding>
    </spdom>
    <keywords>
      <theme>
        <themekt>Other</themekt>
        <themekey>Hydrographics</themekey>
        <themekey>Sakhalin Island</themekey>
        <themekey>Sea of Okhotsk</themekey>
        <themekey>North Pacific Ocean</themekey>
      </theme>
    </keywords>
    <accconst>Contact Source</accconst>
    <useconst>Contact Source</useconst>
    <ptcontac>
      <cntinfo>
        <cntperp>
          <cntper>Kantakov, Gennady</cntper>
        </cntperp>
        <cntaddr>
          <addrtype>Mailing Address</addrtype>
          <address>196 Komsomolskaya Street</address>
          <city>Yuzhno-Sakhalinsk</city>
          <state />
          <postal>693023</postal>
          <country>Russia</country>
        </cntaddr>
        <cntvoice />
        <cntfax />
        <cntemail>okhotsk@sakhniro.ru</cntemail>
      </cntinfo>
    </ptcontac>
  </idinfo>
  <distinfo>
    <distrib>
      <cntinfo>
        <cntperp>
          <cntper>Kantakov, Gennady</cntper>
        </cntperp>
        <cntaddr>
          <addrtype>Mailing Address</addrtype>
          <address>196 Komsomolskaya Street</address>
          <city>Yuzhno-Sakhalinsk</city>
          <state />
          <postal>693023</postal>
          <country>Russia</country>
        </cntaddr>
        <cntvoice />
        <cntfax />
        <cntemail>okhotsk@sakhniro.ru</cntemail>
      </cntinfo>
    </distrib>
    <distliab>While every effort has been made to ensure that these data are accurate and reliable within the limits of the current state of the art, NOAA cannot assume liability for any damages caused by any errors or omissions in the data, nor as a result of the failure of the data to function on a particular system. NOAA makes no warranty, expressed or implied, nor does the fact of distribution constitute such a warranty.</distliab>
  </distinfo>
  <metainfo>
    <metd>20031216</metd>
    <metc>
      <cntinfo>
        <cntperp>
          <cntper>Kimberly Bahl</cntper>
        </cntperp>
        <cntaddr>
          <addrtype>Mailing and Physical Address</addrtype>
          <address>NOAA / AFSC / PMEL, 7600 Sand Point Way N.E.</address>
          <city>Seattle</city>
          <state>WA</state>
          <postal>98115</postal>
          <country>USA</country>
        </cntaddr>
        <cntvoice>206-526-4314</cntvoice>
        <cntfax>206-526-6485</cntfax>
        <cntemail>kimberly.bahl@noaa.gov</cntemail>
      </cntinfo>
    </metc>
    <metstdn>Content Standards for Digital Geospatial Metadata</metstdn>
    <metstdv>FGDC-STD-001-1998</metstdv>
    <metac>Contact Source</metac>
    <metuc>Contact Source</metuc>
  </metainfo>
</metadata>
