<metadata>
  <idinfo>
    <citation>
      <citeinfo>
        <origin>National Oceanic and Atmospheric Administration (NOAA), Environmental Information Services (EIS)</origin>
        <pubdate>Unknown</pubdate>
        <title>Underway Data from the Bering Sea (1978-79)</title>
      </citeinfo>
    </citation>
    <descript>
      <abstract>Underway physical oceanographic data were collected as part of the NOAA Pacific
Marine Environmental Laboratory's Processes and Resources of the Bering Sea
project from May 1978 to May 1979.  Parameters included in this data were temperature, salinity, chlorophyll-a, phaeopigments,  phosphate, silicate, nitrate, nitrite, carbon assimilation, pH, alkalinity, ammonia, and oxygen.</abstract>
      <purpose>To record the underway Data from the Bering Sea (1978-79)</purpose>
    </descript>
    <timeperd>
      <timeinfo>
        <rngdates>
          <begdate>19780508</begdate>
          <enddate>19790518</enddate>
        </rngdates>
      </timeinfo>
      <current>Ground Condition</current>
    </timeperd>
    <status>
      <progress>Complete</progress>
      <update>None Planned</update>
    </status>
    <spdom>
      <bounding>
        <westbc>150</westbc>
        <eastbc>-160</eastbc>
        <northbc>65</northbc>
        <southbc>50</southbc>
      </bounding>
    </spdom>
    <keywords>
      <theme>
        <themekt>Other</themekt>
        <themekey>Bering Sea</themekey>
        <themekey>Pacific Ocean</themekey>
        <themekey>Ammonia</themekey>
        <themekey>Carbon Assimilation</themekey>
        <themekey>Nitrates</themekey>
        <themekey>Petroleum</themekey>
        <themekey>Underway Data</themekey>
        <themekey>North Pacific Ocean</themekey>
      </theme>
    </keywords>
    <accconst>None</accconst>
    <useconst>None</useconst>
    <ptcontac>
      <cntinfo>
        <cntperp>
          <cntper>Grimm, Peter L.</cntper>
        </cntperp>
        <cntaddr>
          <addrtype>Mailing and Physical Address</addrtype>
          <address>1315 East-West Highway, 2nd Floor, SSMC3</address>
          <city>Silver Spring</city>
          <state>MD</state>
          <postal>20910</postal>
          <country>USA</country>
        </cntaddr>
        <cntvoice>301-713-0575</cntvoice>
        <cntfax>301-713-1249</cntfax>
        <cntemail>Peter.L.Grimm@noaa.gov</cntemail>
      </cntinfo>
    </ptcontac>
  </idinfo>
  <distinfo>
    <distrib>
      <cntinfo>
        <cntperp>
          <cntper>Grimm, Peter L.</cntper>
        </cntperp>
        <cntaddr>
          <addrtype>Mailing and Physical Address</addrtype>
          <address>1315 East-West Highway, 2nd Floor, SSMC3</address>
          <city>Silver Spring</city>
          <state>MD</state>
          <postal>20910</postal>
          <country>USA</country>
        </cntaddr>
        <cntvoice>301-713-0575</cntvoice>
        <cntfax>301-713-1249</cntfax>
        <cntemail>Peter.L.Grimm@noaa.gov</cntemail>
      </cntinfo>
    </distrib>
    <distliab>While every effort has been made to ensure that these data are accurate and reliable within the limits of the current state of the art, NOAA cannot assume liability for any damages caused by any errors or omissions in the data, nor as a result of the failure of the data to function on a particular system. NOAA makes no warranty, expressed or implied, nor does the fact of distribution constitute such a warranty.</distliab>
  </distinfo>
  <metainfo>
    <metd>19990317</metd>
    <metc>
      <cntinfo>
        <cntperp>
          <cntper>Kimberly Bahl</cntper>
        </cntperp>
        <cntaddr>
          <addrtype>Mailing and Physical Address</addrtype>
          <address>NOAA / AFSC / PMEL, 7600 Sand Point Way N.E.</address>
          <city>Seattle</city>
          <state>WA</state>
          <postal>98115</postal>
          <country>USA</country>
        </cntaddr>
        <cntvoice>206-526-4314</cntvoice>
        <cntfax>206-526-6485</cntfax>
        <cntemail>kimberly.bahl@noaa.gov</cntemail>
      </cntinfo>
    </metc>
    <metstdn>Content Standards for Digital Geospatial Metadata</metstdn>
    <metstdv>FGDC-STD-001-1998</metstdv>
    <metac>None</metac>
    <metuc>None</metuc>
  </metainfo>
</metadata>
