<metadata>
  <idinfo>
    <citation>
      <citeinfo>
        <origin>DFO Staff</origin>
        <pubdate>Unknown</pubdate>
        <title>Saanich Inlet 1977-1978</title>
        <geoform>Hardcopy; Tabular digital data; Digital document</geoform>
      </citeinfo>
    </citation>
    <descript>
      <abstract>Profiles of temperature, salinity and dissolved oxygen obtained in Saanich Inlet from April, 1976 to December, 1978 are reported.</abstract>
      <purpose>Supports scientific and environmental research.</purpose>
      <supplinf>Custom software is available for use with this dataset.</supplinf>
    </descript>
    <timeperd>
      <timeinfo>
        <rngdates>
          <begdate>1976</begdate>
          <enddate>1978</enddate>
        </rngdates>
      </timeinfo>
      <current>publication date</current>
    </timeperd>
    <status>
      <progress>Complete</progress>
      <update>None planned</update>
    </status>
    <spdom>
      <bounding>
        <westbc>-123.56</westbc>
        <eastbc>-123.45</eastbc>
        <northbc>48.65</northbc>
        <southbc>48.55</southbc>
      </bounding>
    </spdom>
    <keywords>
      <theme>
        <themekt>None</themekt>
        <themekey>Oceanography</themekey>
        <themekey>Physical Oceanography</themekey>
        <themekey>Ocean Chemistry</themekey>
        <themekey>Temperature</themekey>
        <themekey>Salinity</themekey>
        <themekey>Dissolved Oxygen</themekey>
        <themekey>oceans</themekey>
      </theme>
      <theme>
        <themekt>NASA/GCMD Earth Science Keywords</themekt>
        <themekey>Earth Science</themekey>
        <themekey>Oceans</themekey>
        <themekey>Ocean Temperature</themekey>
        <themekey>Water Temperature</themekey>
        <themekey>Earth Science</themekey>
        <themekey>Oceans</themekey>
        <themekey>Ocean Chemistry</themekey>
        <themekey>Oxygen</themekey>
        <themekey>Earth Science</themekey>
        <themekey>Oceans</themekey>
        <themekey>Salinity/Density</themekey>
        <themekey>Salinity</themekey>
      </theme>
      <theme>
        <themekt>ISO 19115 Topic Category</themekt>
        <themekey>oceans</themekey>
      </theme>
      <place>
        <placekt>None</placekt>
        <placekey>Northern Hemisphere</placekey>
        <placekey>Western Hemisphere</placekey>
        <placekey>North America</placekey>
        <placekey>Northeast Pacific</placekey>
        <placekey>Canada</placekey>
        <placekey>British Columbia</placekey>
        <placekey>Vancouver Island</placekey>
        <placekey>Saanich Inlet</placekey>
      </place>
      <place>
        <placekt>DFO Areas</placekt>
        <placekey>North Pacific Ocean</placekey>
        <placekey>South Inner Coast (Johnstone, Georgia, JDF, inlets and passages)</placekey>
      </place>
    </keywords>
    <accconst>Departmental</accconst>
    <useconst>None</useconst>
    <ptcontac>
      <cntinfo>
        <cntperp>
          <cntper>Dario Stucchi</cntper>
          <cntorg>Fisheries and Oceans Canada, Pacific Region, Institute of Ocean Sciences, Science Branch</cntorg>
        </cntperp>
        <cntpos>Physical Oceanographer</cntpos>
        <cntaddr>
          <addrtype>Physical and mailing</addrtype>
          <address>9860 West Saanich Road</address>
          <address>PO Box 6000</address>
          <city>Sidney</city>
          <state>BC</state>
          <postal>V8L 4B2</postal>
          <country>Canada</country>
        </cntaddr>
        <cntvoice>(250) 363-6588</cntvoice>
        <cntemail>stucchid@pac.dfo-mpo.gc.ca</cntemail>
      </cntinfo>
    </ptcontac>
  </idinfo>
  <distinfo>
    <distrib>
      <cntinfo>
        <cntorgp>
          <cntorg>Fisheries and Oceans Canada, Pacific Region, Institute of Ocean Sciences, Science Branch</cntorg>
          <cntper>Joseph Linguanti</cntper>
        </cntorgp>
        <cntpos>Senior Analyst</cntpos>
        <cntaddr>
          <addrtype>Physical and mailing</addrtype>
          <address>9860 West Saanich Road</address>
          <address>PO Box 6000</address>
          <city>Sidney</city>
          <state>BC</state>
          <postal>V8L 4B2</postal>
          <country>Canada</country>
        </cntaddr>
        <cntvoice>(250) 363-6586</cntvoice>
        <cntemail>linguantij@pac.dfo-mpo.gc.ca</cntemail>
      </cntinfo>
    </distrib>
    <resdesc>PAC-OSAP-208</resdesc>
    <distliab>These data are provided "as-is".</distliab>
  </distinfo>
  <metainfo>
    <metd>20040609</metd>
    <metc>
      <cntinfo>
        <cntorgp>
          <cntorg>Fisheries and Oceans Canada, Pacific Region, Institute of Ocean Sciences, Science Branch</cntorg>
          <cntper>Joseph Linguanti</cntper>
        </cntorgp>
        <cntpos>Senior Analyst</cntpos>
        <cntaddr>
          <addrtype>Physical and mailing</addrtype>
          <address>9860 West Saanich Road</address>
          <address>PO Box 6000</address>
          <city>Sidney</city>
          <state>BC</state>
          <postal>V8L 4B2</postal>
          <country>Canada</country>
        </cntaddr>
        <cntvoice>(250) 363-6586</cntvoice>
        <cntemail>linguantij@pac.dfo-mpo.gc.ca</cntemail>
      </cntinfo>
    </metc>
    <metstdn>FGDC Content Standard for Digital Geospatial Metadata</metstdn>
    <metstdv>FGDC-STD-001-1998</metstdv>
  </metainfo>
</metadata>
