<metadata>
  <idinfo>
    <citation>
      <citeinfo>
        <origin>University of Illinois, Department of Atmospheric Sciences</origin>
        <pubdate>Unknown</pubdate>
        <title>Global Surface Boundary Conditions</title>
      </citeinfo>
    </citation>
    <descript>
      <abstract>Grids of surface boundary conditions (sea surface temperature; sea ice concentration, snow/no snow) at monthly intervals, 1972-1986; grids correspond to spectral resolution (r15, r30, t42) of atmospheric general circulation models; coverage is global.</abstract>
      <purpose>To grid surface boundary conditions at monthly intervals from 1972-1986.</purpose>
    </descript>
    <timeperd>
      <timeinfo>
        <rngdates>
          <begdate>19720101</begdate>
          <enddate>19861231</enddate>
        </rngdates>
      </timeinfo>
      <current>Ground Condition</current>
    </timeperd>
    <status>
      <progress>Complete</progress>
      <update>Unknown</update>
    </status>
    <spdom>
      <bounding>
        <westbc>-180</westbc>
        <eastbc>180</eastbc>
        <northbc>90</northbc>
        <southbc>52</southbc>
      </bounding>
    </spdom>
    <keywords>
      <theme>
        <themekt>North Pacific Ecosystem Metadatabase</themekt>
        <themekey>Atmosphere</themekey>
        <themekey>Oceanography</themekey>
      </theme>
      <theme>
        <themekt>Other</themekt>
        <themekey>Arctic</themekey>
        <themekey>Ice</themekey>
        <themekey>Temperature</themekey>
        <themekey>North Pacific Ocean</themekey>
      </theme>
    </keywords>
    <accconst>Contact Contributor</accconst>
    <useconst>None</useconst>
    <ptcontac>
      <cntinfo>
        <cntperp>
          <cntper>Walsh, John E.</cntper>
        </cntperp>
        <cntaddr>
          <addrtype>Mailing and Physical Address</addrtype>
          <address>105 South Gregory Avenue</address>
          <city>Urbana</city>
          <state>IL</state>
          <postal>61801</postal>
          <country>USA</country>
        </cntaddr>
        <cntvoice>217-333-7521</cntvoice>
        <cntfax />
        <cntemail>walsh@atmos.uiuc.edu</cntemail>
      </cntinfo>
    </ptcontac>
  </idinfo>
  <distinfo>
    <distrib>
      <cntinfo>
        <cntperp>
          <cntper>Walsh, John E.</cntper>
        </cntperp>
        <cntaddr>
          <addrtype>Mailing and Physical Address</addrtype>
          <address>105 South Gregory Avenue</address>
          <city>Urbana</city>
          <state>IL</state>
          <postal>61801</postal>
          <country>USA</country>
        </cntaddr>
        <cntvoice>217-333-7521</cntvoice>
        <cntfax />
        <cntemail>walsh@atmos.uiuc.edu</cntemail>
      </cntinfo>
    </distrib>
    <distliab>While every effort has been made to ensure that these data are accurate and reliable within the limits of the current state of the art, NOAA cannot assume liability for any damages caused by any errors or omissions in the data, nor as a result of the failure of the data to function on a particular system. NOAA makes no warranty, expressed or implied, nor does the fact of distribution constitute such a warranty.</distliab>
  </distinfo>
  <metainfo>
    <metd>19980729</metd>
    <metc>
      <cntinfo>
        <cntperp>
          <cntper>Kimberly Bahl</cntper>
        </cntperp>
        <cntaddr>
          <addrtype>Mailing and Physical Address</addrtype>
          <address>NOAA / AFSC / PMEL, 7600 Sand Point Way N.E.</address>
          <city>Seattle</city>
          <state>WA</state>
          <postal>98115</postal>
          <country>USA</country>
        </cntaddr>
        <cntvoice>206-526-4314</cntvoice>
        <cntfax>206-526-6485</cntfax>
        <cntemail>kimberly.bahl@noaa.gov</cntemail>
      </cntinfo>
    </metc>
    <metstdn>Content Standards for Digital Geospatial Metadata</metstdn>
    <metstdv>FGDC-STD-001-1998</metstdv>
    <metac>Contact Contributor</metac>
    <metuc>None</metuc>
  </metainfo>
</metadata>
