<metadata>
  <idinfo>
    <citation>
      <citeinfo>
        <origin>
          M.S. Holmes: U. S. Geological Survey (USGS) 7600 Sand Point Way NE, Seattle, Washington 98115, U.S.A.
          <br />
          D.R. Thor: U. S. Geological Survey (USGS) 345 Middlefield Road, Menlo Park, California 94025, U.S.A
        </origin>
        <pubdate>19820301</pubdate>
        <title>Distribution of Gas-charged Sediment in Norton Sound and Chirikov Basin, Northeastern Bering Sea</title>
      </citeinfo>
    </citation>
    <descript>
      <abstract>
        <p>Numerous zones of anomalous acoustic responses caused by gas in the subsurface sediment layers have been detected on seismic reflection records from Norton Sound and Chrikov Basin.  Sound sources used range in size and power from 3.5 kHz transducers to 1326 in to the third power (21.71) air gun arrays.</p>
        <p>{Reference: Holmes ML, Thor DR (1982) Distribution of gas-charged sediment. in Norton
Sound and Chirikov Basin, northeastern Bering Sea. Geol Mijnb 61:79-89.]</p>
        <p>This volume may be found at many university libraries.</p>
      </abstract>
      <purpose>To determine the geographic extent and distribution of zones showing anomalous acoustic responses on seismic reflection records from Norton Sound and Chirikov Basin.</purpose>
    </descript>
    <timeperd>
      <timeinfo />
      <current>Publication Date</current>
    </timeperd>
    <status>
      <progress>Complete</progress>
      <update>Unknown</update>
    </status>
    <spdom>
      <bounding>
        <westbc>-172.4</westbc>
        <eastbc>-161</eastbc>
        <northbc>66.83</northbc>
        <southbc>62.33</southbc>
      </bounding>
    </spdom>
    <keywords>
      <theme>
        <themekt>North Pacific Ecosystem Metadatabase</themekt>
        <themekey>Geology</themekey>
      </theme>
      <theme>
        <themekt>Other</themekt>
        <themekey>Norton Sound</themekey>
        <themekey>Northwestern Pacific Ocean</themekey>
        <themekey>Gas</themekey>
        <themekey>Sediment</themekey>
        <themekey>Alaska</themekey>
        <themekey>Bering Sea Shelf</themekey>
        <themekey>Bering Sea</themekey>
        <themekey>Chirikov Basin</themekey>
        <themekey>North Pacific Ocean</themekey>
      </theme>
    </keywords>
    <accconst>None</accconst>
    <useconst>None</useconst>
    <ptcontac>
      <cntinfo>
        <cntperp>
          <cntper>Natural Sciences Library</cntper>
        </cntperp>
        <cntaddr>
          <addrtype>Mailing and Physical Address</addrtype>
          <address>Allen Library South, Ground and 1st floors
Box 352900</address>
          <city>Seattle</city>
          <state>WA</state>
          <postal>98195-2900</postal>
          <country>USA</country>
        </cntaddr>
        <cntvoice>206-543-1243</cntvoice>
        <cntfax>206-685-1665</cntfax>
        <cntemail>natsci@u.washington.edu</cntemail>
      </cntinfo>
    </ptcontac>
  </idinfo>
  <distinfo>
    <distrib>
      <cntinfo>
        <cntperp>
          <cntper>Natural Sciences Library</cntper>
        </cntperp>
        <cntaddr>
          <addrtype>Mailing and Physical Address</addrtype>
          <address>Allen Library South, Ground and 1st floors
Box 352900</address>
          <city>Seattle</city>
          <state>WA</state>
          <postal>98195-2900</postal>
          <country>USA</country>
        </cntaddr>
        <cntvoice>206-543-1243</cntvoice>
        <cntfax>206-685-1665</cntfax>
        <cntemail>natsci@u.washington.edu</cntemail>
      </cntinfo>
    </distrib>
    <distliab>While every effort has been made to ensure that these data are accurate and reliable within the limits of the current state of the art, NOAA cannot assume liability for any damages caused by any errors or omissions in the data, nor as a result of the failure of the data to function on a particular system. NOAA makes no warranty, expressed or implied, nor does the fact of distribution constitute such a warranty.</distliab>
  </distinfo>
  <metainfo>
    <metd>19990201</metd>
    <metc>
      <cntinfo>
        <cntperp>
          <cntper>Kimberly Bahl</cntper>
        </cntperp>
        <cntaddr>
          <addrtype>Mailing and Physical Address</addrtype>
          <address>NOAA / AFSC / PMEL, 7600 Sand Point Way N.E.</address>
          <city>Seattle</city>
          <state>WA</state>
          <postal>98115</postal>
          <country>USA</country>
        </cntaddr>
        <cntvoice>206-526-4314</cntvoice>
        <cntfax>206-526-6485</cntfax>
        <cntemail>kimberly.bahl@noaa.gov</cntemail>
      </cntinfo>
    </metc>
    <metstdn>Content Standards for Digital Geospatial Metadata</metstdn>
    <metstdv>FGDC-STD-001-1998</metstdv>
    <metac>None</metac>
    <metuc>None</metuc>
  </metainfo>
</metadata>
