<metadata>
  <idinfo>
    <citation>
      <citeinfo>
        <origin>
          <li>Shigehiko Urawa of National Salmon Resources Center Sapporo, Japan</li>
          <li>Tomonori Azumaya of Hokkaido National Fisheries Research Institute, Kushiro, Hokkaido, Japan</li>
          <li>Penelope A. Crane of the U.S. Fish and Wildlife Service, Anchorage, AK, USA</li>
          <li>Lisa W. Seeb of Alaska Department of Fish and Game, Anchorage, AK, USA</li>
          <li>North Pacific Anadromous Fish Commission</li>
        </origin>
        <pubdate>20041001</pubdate>
        <title>Origin and Distribution of Chum Salmon in the Bering Sea during the Early Fall of 2002: Estimates by Allozyme Analysis</title>
      </citeinfo>
    </citation>
    <descript>
      <abstract>
        <p>Genetic stock identification (GSI) with allozyme variation was used for determining the stock origin of chum salmon (Oncorhynchus keta) caught by trawl operations of R/V Kaiyo maru in the central Bering Sea from late August to mid September 2002. Chum salmon were widely distributed in the Bering Sea north of 52°N, and they were relatively abundant in the eastern waters off the continental shelf. The mixture chum samples were 97% immature fish, and the age composition was 29% ocean age .1, 54% ocean age .2, and 13% ocean age .3 fish. The estimated stock composition for all maturing chum salmon was 70% Japanese, 10% Russian, and 20% North American stocks, and 54% Japanese, 33% Russian, and 13% North American stocks for immature fish. The stock estimates of immature chum salmon were similar among three age groups (0.1, 0.2 and 0.3). Asian stocks were widely distributed in the survey areas, being relatively abundant in eastern water. North American stocks were mainly distributed in eastern water. Regional stock composition estimates of immature chum salmon biomass in the whole survey areas were 47% Japanese, 34% Russian, and 19% North American stocks.</p>
        <p>[Reference: Urawa, S., T. Azumaya, P. A. Crane, and L. W. Seeb. 2004. Origin and distribution of chum salmon in the Bering Sea during the early fall of 2002: estimates by allozyme analysis. (NPAFC Doc. 794) 11 p. National Salmon Resources Center, Toyohira-ku, Sapporo 062-0922, Japan.]</p>
      </abstract>
      <purpose>To report on origin and distribution of chum salmon in the Bering Sea.</purpose>
    </descript>
    <timeperd>
      <timeinfo>
        <rngdates>
          <begdate>20020821</begdate>
          <enddate>20020917</enddate>
        </rngdates>
      </timeinfo>
      <current>Sample Date</current>
    </timeperd>
    <status>
      <progress>Complete</progress>
      <update>Unknown</update>
    </status>
    <spdom>
      <bounding>
        <westbc>174.7</westbc>
        <eastbc>-170.02</eastbc>
        <northbc>58.5</northbc>
        <southbc>51.68</southbc>
      </bounding>
    </spdom>
    <keywords>
      <theme>
        <themekt>North Pacific Ecosystem Metadatabase</themekt>
        <themekey>Fish</themekey>
      </theme>
      <theme>
        <themekt>Other</themekt>
        <themekey>Chum Salmon</themekey>
        <themekey>Bering Sea</themekey>
        <themekey>Allozyme Analysis</themekey>
        <themekey>Distribution</themekey>
        <themekey>Origin</themekey>
        <themekey>North Pacific Ocean</themekey>
      </theme>
    </keywords>
    <accconst>None</accconst>
    <useconst>None</useconst>
    <ptcontac>
      <cntinfo>
        <cntperp>
          <cntper>NPAFC Secretariat</cntper>
        </cntperp>
        <cntaddr>
          <addrtype>Mailing and Physical Address</addrtype>
          <address>889 West Pender Street, Suite 502</address>
          <city>Vancouver</city>
          <state>BC</state>
          <postal>V6C 3B2</postal>
          <country>Canada</country>
        </cntaddr>
        <cntvoice>604-775-5550</cntvoice>
        <cntfax>604-775-5577</cntfax>
        <cntemail>secretariat@npafc.org</cntemail>
      </cntinfo>
    </ptcontac>
  </idinfo>
  <distinfo>
    <distrib>
      <cntinfo>
        <cntperp>
          <cntper>NPAFC Secretariat</cntper>
        </cntperp>
        <cntaddr>
          <addrtype>Mailing and Physical Address</addrtype>
          <address>889 West Pender Street, Suite 502</address>
          <city>Vancouver</city>
          <state>BC</state>
          <postal>V6C 3B2</postal>
          <country>Canada</country>
        </cntaddr>
        <cntvoice>604-775-5550</cntvoice>
        <cntfax>604-775-5577</cntfax>
        <cntemail>secretariat@npafc.org</cntemail>
      </cntinfo>
    </distrib>
    <distliab>While every effort has been made to ensure that these data are accurate and reliable within the limits of the current state of the art, NOAA cannot assume liability for any damages caused by any errors or omissions in the data, nor as a result of the failure of the data to function on a particular system. NOAA makes no warranty, expressed or implied, nor does the fact of distribution constitute such a warranty.</distliab>
  </distinfo>
  <metainfo>
    <metd>20050225</metd>
    <metc>
      <cntinfo>
        <cntperp>
          <cntper>Kimberly Bahl</cntper>
        </cntperp>
        <cntaddr>
          <addrtype>Mailing and Physical Address</addrtype>
          <address>NOAA / AFSC / PMEL, 7600 Sand Point Way N.E.</address>
          <city>Seattle</city>
          <state>WA</state>
          <postal>98115</postal>
          <country>USA</country>
        </cntaddr>
        <cntvoice>206-526-4314</cntvoice>
        <cntfax>206-526-6485</cntfax>
        <cntemail>kimberly.bahl@noaa.gov</cntemail>
      </cntinfo>
    </metc>
    <metstdn>Content Standards for Digital Geospatial Metadata</metstdn>
    <metstdv>FGDC-STD-001-1998</metstdv>
    <metac>None</metac>
    <metuc>None</metuc>
  </metainfo>
</metadata>
