<metadata>
  <idinfo>
    <citation>
      <citeinfo>
        <origin>University of Washington (UW), Applied Physics Laboratory (APL)</origin>
        <pubdate>19940629</pubdate>
        <title>Relating the Distribution of Pollock Schools in the Bering Sea to Environmental Factors</title>
      </citeinfo>
    </citation>
    <descript>
      <abstract>Patterns in pelagic fish spatial distribution have been linked to environmental factors, especially depth and temperature (ocean fronts).  This paper explores the relationship between school size, depth, temperature and location data extracted from a summer 1991 Bering Sea scientific fisheries acoustic survey, using morphological and other image enhancement techniques.</abstract>
      <purpose>A report relating the distribution of Pollock schools in the Bering Sea to environmental factors</purpose>
    </descript>
    <timeperd>
      <timeinfo>
        <rngdates>
          <begdate>19940629</begdate>
          <enddate />
        </rngdates>
      </timeinfo>
      <current>Publication Date</current>
    </timeperd>
    <status>
      <progress>Complete</progress>
      <update>Unknown</update>
    </status>
    <spdom>
      <bounding>
        <westbc>178</westbc>
        <eastbc>-168</eastbc>
        <northbc>67.5</northbc>
        <southbc>52</southbc>
      </bounding>
    </spdom>
    <keywords>
      <theme>
        <themekt>North Pacific Ecosystem Metadatabase</themekt>
        <themekey>Fish</themekey>
      </theme>
      <theme>
        <themekt>Other</themekt>
        <themekey>Bering Sea</themekey>
        <themekey>Gas-charged Sediments</themekey>
        <themekey>Aboriginal Harvesting</themekey>
        <themekey>Temperature</themekey>
        <themekey>Alaska</themekey>
        <themekey>Pollock</themekey>
        <themekey>North Pacific Ocean</themekey>
      </theme>
    </keywords>
    <accconst>Check with Contributor about how to obtain data.</accconst>
    <useconst>Check with Contributor about how to obtain data.</useconst>
    <ptcontac>
      <cntinfo>
        <cntperp>
          <cntper>Swartzman, Gordon L.</cntper>
        </cntperp>
        <cntaddr>
          <addrtype>Mailing and Physical Address</addrtype>
          <address>Box 355640</address>
          <city>Seattle</city>
          <state>WA</state>
          <postal>98105</postal>
          <country>USA</country>
        </cntaddr>
        <cntvoice>206-543-0061</cntvoice>
        <cntfax>206-543-6785</cntfax>
        <cntemail>gordie@apl.washington.edu</cntemail>
      </cntinfo>
    </ptcontac>
  </idinfo>
  <distinfo>
    <distrib>
      <cntinfo>
        <cntperp>
          <cntper>Swartzman, Gordon L.</cntper>
        </cntperp>
        <cntaddr>
          <addrtype>Mailing and Physical Address</addrtype>
          <address>Box 355640</address>
          <city>Seattle</city>
          <state>WA</state>
          <postal>98105</postal>
          <country>USA</country>
        </cntaddr>
        <cntvoice>206-543-0061</cntvoice>
        <cntfax>206-543-6785</cntfax>
        <cntemail>gordie@apl.washington.edu</cntemail>
      </cntinfo>
    </distrib>
    <distliab>While every effort has been made to ensure that these data are accurate and reliable within the limits of the current state of the art, NOAA cannot assume liability for any damages caused by any errors or omissions in the data, nor as a result of the failure of the data to function on a particular system. NOAA makes no warranty, expressed or implied, nor does the fact of distribution constitute such a warranty.</distliab>
  </distinfo>
  <metainfo>
    <metd>19990128</metd>
    <metc>
      <cntinfo>
        <cntperp>
          <cntper>Kimberly Bahl</cntper>
        </cntperp>
        <cntaddr>
          <addrtype>Mailing and Physical Address</addrtype>
          <address>NOAA / AFSC / PMEL, 7600 Sand Point Way N.E.</address>
          <city>Seattle</city>
          <state>WA</state>
          <postal>98115</postal>
          <country>USA</country>
        </cntaddr>
        <cntvoice>206-526-4314</cntvoice>
        <cntfax>206-526-6485</cntfax>
        <cntemail>kimberly.bahl@noaa.gov</cntemail>
      </cntinfo>
    </metc>
    <metstdn>Content Standards for Digital Geospatial Metadata</metstdn>
    <metstdv>FGDC-STD-001-1998</metstdv>
    <metac>Check with Contributor about how to obtain data.</metac>
    <metuc>Check with Contributor about how to obtain data.</metuc>
  </metainfo>
</metadata>
