<metadata>
  <idinfo>
    <citation>
      <citeinfo>
        <origin>Japan Coast Guard, Hydrographic and Oceanographic Department, Japan Oceanographic Data Center (JODC)</origin>
        <pubdate>Unknown</pubdate>
        <title>JODC Moored Current Meter data</title>
      </citeinfo>
    </citation>
    <descript>
      <abstract>Moored current meter data of the Japanese coastal Area.  

Data Distribution by J-DOSS (JODC Data Online Service System) via internet. Site maps and summary information available at this web site.
  
Base Internet/URL:  http://www.jodc.go.jp/service.htm  

[ A TCODE project ]</abstract>
      <purpose />
    </descript>
    <timeperd>
      <timeinfo>
        <rngdates>
          <begdate>19770101</begdate>
          <enddate />
        </rngdates>
      </timeinfo>
      <current>Sample Date</current>
    </timeperd>
    <status>
      <progress>In Progress</progress>
      <update>Continually</update>
    </status>
    <spdom>
      <bounding>
        <westbc>163</westbc>
        <eastbc>-157</eastbc>
        <northbc>65.5</northbc>
        <southbc>52</southbc>
      </bounding>
    </spdom>
    <keywords>
      <theme>
        <themekt>Other</themekt>
        <themekey>Physical Chemical Oceanography</themekey>
        <themekey>Current Direction</themekey>
        <themekey>Digital Line Graph</themekey>
        <themekey>Temperature</themekey>
        <themekey>North Pacific Ocean</themekey>
      </theme>
    </keywords>
    <accconst>None</accconst>
    <useconst>None</useconst>
    <ptcontac>
      <cntinfo>
        <cntperp>
          <cntper>Tatsuno, Tadao</cntper>
        </cntperp>
        <cntaddr>
          <addrtype>Mailing and Physical Address</addrtype>
          <address>5-3-1 Tsukiji Chou-ku</address>
          <city>Tokyo</city>
          <state />
          <postal>104</postal>
          <country>Japan</country>
        </cntaddr>
        <cntvoice>81-3-3541-4295</cntvoice>
        <cntfax>81-3-3545-2885</cntfax>
        <cntemail>mail@jodc.go.jp</cntemail>
      </cntinfo>
    </ptcontac>
  </idinfo>
  <distinfo>
    <distrib>
      <cntinfo>
        <cntperp>
          <cntper>Tatsuno, Tadao</cntper>
        </cntperp>
        <cntaddr>
          <addrtype>Mailing and Physical Address</addrtype>
          <address>5-3-1 Tsukiji Chou-ku</address>
          <city>Tokyo</city>
          <state />
          <postal>104</postal>
          <country>Japan</country>
        </cntaddr>
        <cntvoice>81-3-3541-4295</cntvoice>
        <cntfax>81-3-3545-2885</cntfax>
        <cntemail>mail@jodc.go.jp</cntemail>
      </cntinfo>
    </distrib>
    <distliab>While every effort has been made to ensure that these data are accurate and reliable within the limits of the current state of the art, NOAA cannot assume liability for any damages caused by any errors or omissions in the data, nor as a result of the failure of the data to function on a particular system. NOAA makes no warranty, expressed or implied, nor does the fact of distribution constitute such a warranty.</distliab>
  </distinfo>
  <metainfo>
    <metd>19990720</metd>
    <metc>
      <cntinfo>
        <cntperp>
          <cntper>Kimberly Bahl</cntper>
        </cntperp>
        <cntaddr>
          <addrtype>Mailing and Physical Address</addrtype>
          <address>NOAA / AFSC / PMEL, 7600 Sand Point Way N.E.</address>
          <city>Seattle</city>
          <state>WA</state>
          <postal>98115</postal>
          <country>USA</country>
        </cntaddr>
        <cntvoice>206-526-4314</cntvoice>
        <cntfax>206-526-6485</cntfax>
        <cntemail>kimberly.bahl@noaa.gov</cntemail>
      </cntinfo>
    </metc>
    <metstdn>Content Standards for Digital Geospatial Metadata</metstdn>
    <metstdv>FGDC-STD-001-1998</metstdv>
    <metac>None</metac>
    <metuc>None</metuc>
  </metainfo>
</metadata>
