<metadata>
  <idinfo>
    <citation>
      <citeinfo>
        <origin>National Oceanic and Atmospheric Administration (NOAA), National Marine Fisheries Service (NMFS), Alaska Fisheries Science Center (AFSC)</origin>
        <pubdate>Unknown</pubdate>
        <title>Sablefish Tag Program Summarized (By Nancy Maloney: AFSC Quarterly Report: Jul. - Sep. 2002)</title>
      </citeinfo>
    </citation>
    <descript>
      <abstract>Summarization of the AFSC Processed Report 2002-01 "Report to Industry on the Alaska Sablefish Tag Program, 1972-2001". The report summarizes the history of the Sablefish Tag Program since its inception in 1972 and lists some of the ways tagging data have contributed to our current knowledge and understanding of sablefish life history.</abstract>
      <purpose>Recruitment, movement rates, and movement by size and age are discussed in the report, and some predictions are made about the relative strength of recent year classes by area over the next few years.  The report summarizes related studies, such as tag-reporting rates, archival tags, and seamount tagging and addresses unknown factors behind variability in migration rates between years and between individuals.</purpose>
    </descript>
    <timeperd>
      <timeinfo>
        <sngdate>
          <caldate>20020101</caldate>
        </sngdate>
      </timeinfo>
      <current>Sample Date</current>
    </timeperd>
    <status>
      <progress>Complete</progress>
      <update>Unknown</update>
    </status>
    <spdom>
      <bounding>
        <westbc>-137</westbc>
        <eastbc>-132</eastbc>
        <northbc>61</northbc>
        <southbc>50</southbc>
      </bounding>
    </spdom>
    <keywords>
      <theme>
        <themekt>North Pacific Ecosystem Metadatabase</themekt>
        <themekey>Fish</themekey>
        <themekey>Oceanography</themekey>
      </theme>
      <theme>
        <themekt>Other</themekt>
        <themekey>Sablefish</themekey>
        <themekey>Migration</themekey>
        <themekey>North Pacific Ocean</themekey>
      </theme>
    </keywords>
    <accconst>None</accconst>
    <useconst>Contact the agency.</useconst>
    <ptcontac>
      <cntinfo>
        <cntperp>
          <cntper>Maloney, Nancy</cntper>
        </cntperp>
        <cntaddr>
          <addrtype>Mailing Address</addrtype>
          <address>11305 Glacier Highway</address>
          <city>Juneau</city>
          <state>AK</state>
          <postal>99801</postal>
          <country>USA</country>
        </cntaddr>
        <cntvoice>907-789-6060</cntvoice>
        <cntfax />
        <cntemail>Nancy.Maloney@noaa.gov</cntemail>
      </cntinfo>
    </ptcontac>
  </idinfo>
  <distinfo>
    <distrib>
      <cntinfo>
        <cntperp>
          <cntper>Maloney, Nancy</cntper>
        </cntperp>
        <cntaddr>
          <addrtype>Mailing Address</addrtype>
          <address>11305 Glacier Highway</address>
          <city>Juneau</city>
          <state>AK</state>
          <postal>99801</postal>
          <country>USA</country>
        </cntaddr>
        <cntvoice>907-789-6060</cntvoice>
        <cntfax />
        <cntemail>Nancy.Maloney@noaa.gov</cntemail>
      </cntinfo>
    </distrib>
    <distliab>While every effort has been made to ensure that these data are accurate and reliable within the limits of the current state of the art, NOAA cannot assume liability for any damages caused by any errors or omissions in the data, nor as a result of the failure of the data to function on a particular system. NOAA makes no warranty, expressed or implied, nor does the fact of distribution constitute such a warranty.</distliab>
  </distinfo>
  <metainfo>
    <metd>20030205</metd>
    <metc>
      <cntinfo>
        <cntperp>
          <cntper>Kimberly Bahl</cntper>
        </cntperp>
        <cntaddr>
          <addrtype>Mailing and Physical Address</addrtype>
          <address>NOAA / AFSC / PMEL, 7600 Sand Point Way N.E.</address>
          <city>Seattle</city>
          <state>WA</state>
          <postal>98115</postal>
          <country>USA</country>
        </cntaddr>
        <cntvoice>206-526-4314</cntvoice>
        <cntfax>206-526-6485</cntfax>
        <cntemail>kimberly.bahl@noaa.gov</cntemail>
      </cntinfo>
    </metc>
    <metstdn>Content Standards for Digital Geospatial Metadata</metstdn>
    <metstdv>FGDC-STD-001-1998</metstdv>
    <metac>None</metac>
    <metuc>Contact the agency.</metuc>
  </metainfo>
</metadata>
