<metadata>
  <idinfo>
    <citation>
      <citeinfo>
        <origin>National Oceanic and Atmospheric Administration (NOAA), Office of Oceanic and Atmospheric Research (OAR), Pacific Marine Environmental Laboratory (PMEL)</origin>
        <pubdate>Unknown</pubdate>
        <title>Arctic CTD Data Collated under ESDIM Data Rescue</title>
      </citeinfo>
    </citation>
    <descript>
      <abstract>CTD:  High resolution vertical profiles of conductivity, temperature, and pressure.  Additional sensors may include dissolved oxygen or other biological/chemical sensors (nephelometers, flurometers).</abstract>
      <purpose>To collect, record and preserve high resolution vertical profiles of conductivity, temperature, and depth (CTD).</purpose>
    </descript>
    <timeperd>
      <timeinfo>
        <rngdates>
          <begdate>19740821</begdate>
          <enddate>19911107</enddate>
        </rngdates>
      </timeinfo>
      <current>Ground Condition</current>
    </timeperd>
    <status>
      <progress>Complete</progress>
      <update>None Planned</update>
    </status>
    <spdom>
      <bounding>
        <westbc>-177</westbc>
        <eastbc>-141</eastbc>
        <northbc>75</northbc>
        <southbc>63</southbc>
      </bounding>
    </spdom>
    <keywords>
      <theme>
        <themekt>North Pacific Ecosystem Metadatabase</themekt>
        <themekey>Oceanography</themekey>
      </theme>
      <theme>
        <themekt>Other</themekt>
        <themekey>Physical Oceanography</themekey>
        <themekey>Sea Temperature</themekey>
        <themekey>Alaska</themekey>
        <themekey>Salinity</themekey>
        <themekey>Chukchi Sea</themekey>
        <themekey>Arctic</themekey>
        <themekey>Beaufort Sea</themekey>
        <themekey>North Pacific Ocean</themekey>
      </theme>
    </keywords>
    <accconst>None.</accconst>
    <useconst>None.</useconst>
    <ptcontac>
      <cntinfo>
        <cntperp>
          <cntper>Macklin, S. Allen</cntper>
        </cntperp>
        <cntaddr>
          <addrtype>Mailing and Physical Address</addrtype>
          <address>7600 Sand Point Way N.E.</address>
          <city>Seattle</city>
          <state>WA</state>
          <postal>98115</postal>
          <country>USA</country>
        </cntaddr>
        <cntvoice>206-526-6798</cntvoice>
        <cntfax>206-526-6485</cntfax>
        <cntemail>S.Allen.Macklin@noaa.gov</cntemail>
      </cntinfo>
    </ptcontac>
  </idinfo>
  <distinfo>
    <distrib>
      <cntinfo>
        <cntperp>
          <cntper>Macklin, S. Allen</cntper>
        </cntperp>
        <cntaddr>
          <addrtype>Mailing and Physical Address</addrtype>
          <address>7600 Sand Point Way N.E.</address>
          <city>Seattle</city>
          <state>WA</state>
          <postal>98115</postal>
          <country>USA</country>
        </cntaddr>
        <cntvoice>206-526-6798</cntvoice>
        <cntfax>206-526-6485</cntfax>
        <cntemail>S.Allen.Macklin@noaa.gov</cntemail>
      </cntinfo>
    </distrib>
    <distliab>While every effort has been made to ensure that these data are accurate and reliable within the limits of the current state of the art, NOAA cannot assume liability for any damages caused by any errors or omissions in the data, nor as a result of the failure of the data to function on a particular system. NOAA makes no warranty, expressed or implied, nor does the fact of distribution constitute such a warranty.</distliab>
  </distinfo>
  <metainfo>
    <metd>19981009</metd>
    <metc>
      <cntinfo>
        <cntperp>
          <cntper>Kimberly Bahl</cntper>
        </cntperp>
        <cntaddr>
          <addrtype>Mailing and Physical Address</addrtype>
          <address>NOAA / AFSC / PMEL, 7600 Sand Point Way N.E.</address>
          <city>Seattle</city>
          <state>WA</state>
          <postal>98115</postal>
          <country>USA</country>
        </cntaddr>
        <cntvoice>206-526-4314</cntvoice>
        <cntfax>206-526-6485</cntfax>
        <cntemail>kimberly.bahl@noaa.gov</cntemail>
      </cntinfo>
    </metc>
    <metstdn>Content Standards for Digital Geospatial Metadata</metstdn>
    <metstdv>FGDC-STD-001-1998</metstdv>
    <metac>None.</metac>
    <metuc>None.</metuc>
  </metainfo>
</metadata>
