<metadata>
  <idinfo>
    <citation>
      <citeinfo>
        <origin>National Oceanic and Atmospheric Administration (NOAA), National Marine Fisheries Service (NMFS), Alaska Fisheries Science Center (AFSC)</origin>
        <pubdate>Unknown</pubdate>
        <title>AFSC Otolith Collection Database</title>
      </citeinfo>
    </citation>
    <descript>
      <abstract>
        <p>This database is an inventory of fish ageing samples (otoliths) from the Bering Sea, Aleutian Islands, and Gulf of Alaska collected and aged by the Alaska Fisheries Science Center. The database includes otoliths from Resource Assessment and Conservation Engineering (RACE) surveys and the North Pacific Groundfish Observer Program domestic and foreign collections. Survey collection inventories contain records from 1971 to present, although the exact number of samples collected is only available from 1986 to present. Foreign observer records are available from 1982 to 1990 and domestic observer records are from 1986 to present.</p>
        <p>The database is searchable by common name and returns numbers aged and collected by area. Vessel and cruise information is available for survey collections, and collection numbers for the Observer program are available by NMFS area.</p>
        <p>
          The collections are searable online at
          <a href="http://access.afsc.noaa.gov/al/searchform.cfm" target="_blank">http://access.afsc.noaa.gov/al/searchform.cfm</a>
          .  In addition, a summary of RACE and Observer collections is available online at
          <a href="http://access.afsc.noaa.gov/al/CollectionTotals.cfm" target="_blank">http://access.afsc.noaa.gov/al/CollectionTotals.cfm</a>
        </p>
        <p>The information in this database are approximations subject to daily updates.</p>
        <p>Questions regarding these collections should be directed to Jon Short at jon.short@noaa.gov.</p>
      </abstract>
      <purpose>To archive and provide Otolith data collected by the AFSC programs.</purpose>
    </descript>
    <timeperd>
      <timeinfo>
        <rngdates>
          <begdate>19710101</begdate>
          <enddate />
        </rngdates>
      </timeinfo>
      <current>Sample Date</current>
    </timeperd>
    <status>
      <progress>In Progress</progress>
      <update>Daily</update>
    </status>
    <spdom>
      <bounding>
        <westbc>165</westbc>
        <eastbc>-130</eastbc>
        <northbc>66</northbc>
        <southbc>50</southbc>
      </bounding>
    </spdom>
    <keywords>
      <theme>
        <themekt>North Pacific Ecosystem Metadatabase</themekt>
        <themekey>Fish</themekey>
      </theme>
      <theme>
        <themekt>Other</themekt>
        <themekey>Otoliths</themekey>
        <themekey>Fish Ageing Samples</themekey>
        <themekey>Groundfish</themekey>
        <themekey>Bering Sea</themekey>
        <themekey>Aleutian Islands</themekey>
        <themekey>Gulf of Alaska</themekey>
        <themekey>North Pacific Ocean</themekey>
      </theme>
    </keywords>
    <accconst>None</accconst>
    <useconst>Contact Source.</useconst>
    <ptcontac>
      <cntinfo>
        <cntperp>
          <cntper>Short, Jon</cntper>
        </cntperp>
        <cntaddr>
          <addrtype>Mailing and Physical Address</addrtype>
          <address>7600 Sand Point Way N.E.</address>
          <city>Seattle</city>
          <state>WA</state>
          <postal>98115</postal>
          <country>USA</country>
        </cntaddr>
        <cntvoice>206-526-4685</cntvoice>
        <cntfax>206-526-6723</cntfax>
        <cntemail>jon.short@noaa.gov</cntemail>
      </cntinfo>
    </ptcontac>
  </idinfo>
  <distinfo>
    <distrib>
      <cntinfo>
        <cntperp>
          <cntper>Short, Jon</cntper>
        </cntperp>
        <cntaddr>
          <addrtype>Mailing and Physical Address</addrtype>
          <address>7600 Sand Point Way N.E.</address>
          <city>Seattle</city>
          <state>WA</state>
          <postal>98115</postal>
          <country>USA</country>
        </cntaddr>
        <cntvoice>206-526-4685</cntvoice>
        <cntfax>206-526-6723</cntfax>
        <cntemail>jon.short@noaa.gov</cntemail>
      </cntinfo>
    </distrib>
    <distliab>While every effort has been made to ensure that these data are accurate and reliable within the limits of the current state of the art, NOAA cannot assume liability for any damages caused by any errors or omissions in the data, nor as a result of the failure of the data to function on a particular system. NOAA makes no warranty, expressed or implied, nor does the fact of distribution constitute such a warranty.</distliab>
  </distinfo>
  <metainfo>
    <metd>20050120</metd>
    <metc>
      <cntinfo>
        <cntperp>
          <cntper>Kimberly Bahl</cntper>
        </cntperp>
        <cntaddr>
          <addrtype>Mailing and Physical Address</addrtype>
          <address>NOAA / AFSC / PMEL, 7600 Sand Point Way N.E.</address>
          <city>Seattle</city>
          <state>WA</state>
          <postal>98115</postal>
          <country>USA</country>
        </cntaddr>
        <cntvoice>206-526-4314</cntvoice>
        <cntfax>206-526-6485</cntfax>
        <cntemail>kimberly.bahl@noaa.gov</cntemail>
      </cntinfo>
    </metc>
    <metstdn>Content Standards for Digital Geospatial Metadata</metstdn>
    <metstdv>FGDC-STD-001-1998</metstdv>
    <metac>None</metac>
    <metuc>Contact Source.</metuc>
  </metainfo>
</metadata>
