canonical_content_id,source_ids,current_component_classification,member_semantics_agree,current_final_source_status,additional_hold_reasons,prepared_metadata_equal,canonical_source_id
sha256:0025e59c5556d26b1c14ceac8c4c840057a271724b524c087db2dd0fb4315025,FGDC-2953;FGDC-3181,otherwise_supported,True,held,"{""FGDC-2953"":[],""FGDC-3181"":[]}",True,
sha256:0057974985f73e3d541a7247f14adec03cb30d2b00fcadf8095cca415fb94258,FGDC-2865;FGDC-3093,otherwise_supported,True,held,"{""FGDC-2865"":[],""FGDC-3093"":[]}",True,
sha256:00685901ab0f4706298e64239b1280fa70e0eb3ece713f977f87e294509429a0,FGDC-3025;FGDC-3253,otherwise_supported,True,held,"{""FGDC-3025"":[],""FGDC-3253"":[]}",True,
sha256:00f90ad76b561b0266a3650c8c8e05e5b5087b48ac7e12a05550c7e0f494d799,FGDC-2879;FGDC-3107,otherwise_supported,True,held,"{""FGDC-2879"":[],""FGDC-3107"":[]}",True,
sha256:0234c82e1eee02e1bf8ff89f130bfe7a586636a558899bd9649a98488063238e,FGDC-2891;FGDC-3119,otherwise_supported,True,held,"{""FGDC-2891"":[],""FGDC-3119"":[]}",True,
sha256:02d1e5ffb9eb185b0ba9db9d47d45094c46ddd647b4fbe7388066ea4f0db16da,FGDC-2851;FGDC-3079,otherwise_supported,True,held,"{""FGDC-2851"":[],""FGDC-3079"":[]}",True,
sha256:043e1f5c838e7d20f047722a8e2ed4ec0d1a59c271013690c949f452632ba12e,FGDC-2917;FGDC-3145,otherwise_supported,True,held,"{""FGDC-2917"":[],""FGDC-3145"":[]}",True,
sha256:06230e76144e6129de3b4daa58aa06614005b7c088089619eab5089ad02b20a9,FGDC-3027;FGDC-3255,otherwise_supported,True,held,"{""FGDC-3027"":[],""FGDC-3255"":[]}",True,
sha256:08a7fe7b1bb1322d326797af74149dea7516fdb29304ca6ef7d05b31ae66c4b7,FGDC-2858;FGDC-3086,otherwise_supported,True,held,"{""FGDC-2858"":[],""FGDC-3086"":[]}",True,
sha256:08e2c243c30f5bed157281216e01c3d7b6c21647d5e78ddeee1240774380e43a,FGDC-2947;FGDC-3175,otherwise_supported,True,held,"{""FGDC-2947"":[],""FGDC-3175"":[]}",True,
sha256:0a9db9b97fbd4615157cc1260b869d81571349f36213ff349fb9426a8e134546,FGDC-3014;FGDC-3242,otherwise_supported,True,held,"{""FGDC-3014"":[],""FGDC-3242"":[]}",True,
sha256:0b10316dcf9a46cdab7949592918df2cd232ff48cf7636cfb1c5b307260cf701,FGDC-2994;FGDC-3222,otherwise_supported,True,held,"{""FGDC-2994"":[],""FGDC-3222"":[]}",True,
sha256:0d4162b709669eb7d6cce6b3eaa26776839c32f2b2bea67d7a1ada8363244f6b,FGDC-2963;FGDC-3191,otherwise_supported,True,held,"{""FGDC-2963"":[],""FGDC-3191"":[]}",True,
sha256:0d60030cf5cb6089f0cae8dd276fb7f7b1819478dd400fb2014bba32d7c7b2b9,FGDC-3032;FGDC-3260,otherwise_supported,True,held,"{""FGDC-3032"":[],""FGDC-3260"":[]}",True,
sha256:1036eba58a9301cec826f665458a0305e44ae5543300640fb18f201098f9faed,FGDC-2854;FGDC-3082,otherwise_supported,True,held,"{""FGDC-2854"":[],""FGDC-3082"":[]}",True,
sha256:11e1dd7caf29eb0e05bc31d53db766c2ba2dff7d2a2ac1e96db3cda6b37dd0d3,FGDC-3023;FGDC-3251,otherwise_supported,True,held,"{""FGDC-3023"":[],""FGDC-3251"":[]}",True,
sha256:1207dd6ecf3e4b68aa6138a898ccf72af12d4fd9a909a0a8bb6afbae59420524,FGDC-3040;FGDC-3268,otherwise_supported,True,held,"{""FGDC-3040"":[],""FGDC-3268"":[]}",True,
sha256:17f29f788d738512c5e4e3941e98a44a04077473b45c0d92040b8e900e2e7554,FGDC-2841;FGDC-3069,otherwise_supported,True,held,"{""FGDC-2841"":[],""FGDC-3069"":[]}",True,
sha256:19a4fa5285402b696d11bdff009dca34f604bd190806390ef077a374dbeb9cae,FGDC-2962;FGDC-3190,otherwise_supported,True,held,"{""FGDC-2962"":[],""FGDC-3190"":[]}",True,
sha256:1a3753ffd98af2e05eeba340d59183d5398d1d08c599fa62a79968e88cd3b040,FGDC-3002;FGDC-3230,otherwise_supported,True,held,"{""FGDC-3002"":[],""FGDC-3230"":[]}",True,
sha256:1c72eef972645e3f1b561df91fd7eb08374d8d9d07a5dad8b423774082c1e62d,FGDC-2922;FGDC-3150,otherwise_supported,True,held,"{""FGDC-2922"":[],""FGDC-3150"":[]}",True,
sha256:1c86d7c7c59a1f79c85e944e87aa5cc2aa0ffc408f5c5b8468e222289cf424b8,FGDC-2950;FGDC-3178,otherwise_supported,True,held,"{""FGDC-2950"":[],""FGDC-3178"":[]}",True,
sha256:1edf59604b0ce2b7a93ef9a0f22411d83c751f1584e7fde9e7ff9535753a2f6c,FGDC-3017;FGDC-3245,otherwise_supported,True,held,"{""FGDC-3017"":[],""FGDC-3245"":[]}",True,
sha256:20005c353ba7931f4dc96e0698adfc994b42c07bd6bbaa4b3946650c80ea49a6,FGDC-2840;FGDC-3068,otherwise_supported,True,held,"{""FGDC-2840"":[],""FGDC-3068"":[]}",True,
sha256:20a3bac8b456721eae85a0ca5909f011b0bc1f5e651eda7de5882c7e2e006045,FGDC-2924;FGDC-3152,otherwise_supported,True,held,"{""FGDC-2924"":[],""FGDC-3152"":[]}",True,
sha256:2518cd78ff22d6ac95fb8eec52994771282bc079675fd8aeb97d0e023160aba1,FGDC-3001;FGDC-3229,otherwise_supported,True,held,"{""FGDC-3001"":[],""FGDC-3229"":[]}",True,
sha256:262bc60b36121bfc4c218ec771a995ea59d0bccefd87bd2a4ad04a8558919411,FGDC-2955;FGDC-3183,otherwise_supported,True,held,"{""FGDC-2955"":[],""FGDC-3183"":[]}",True,
sha256:26fdd51ab6cf1a96245eb1609d7732dd34fe8a74ffe9b0ff3b780c8d750ca8a8,FGDC-2949;FGDC-3177,additional_holds,True,held,"{""FGDC-2949"":[""Metadata access terms need source-backed adjudication"",""Contradictory or unsupported source access constraints require adjudication""],""FGDC-3177"":[""Metadata access terms need source-backed adjudication"",""Contradictory or unsupported source access constraints require adjudication""]}",True,
sha256:29238d857a6e7542b14e1efc34964d57be39852a90de70712fd9028c9c8a1eab,FGDC-3015;FGDC-3243,additional_holds,True,held,"{""FGDC-3015"":[""Metadata access terms need source-backed adjudication"",""Contradictory or unsupported source access constraints require adjudication""],""FGDC-3243"":[""Metadata access terms need source-backed adjudication"",""Contradictory or unsupported source access constraints require adjudication""]}",True,
sha256:2b4b348c6eae038a39312d362342af68305358cc1e776bc42b4ad959a72f6bdb,FGDC-3011;FGDC-3239,otherwise_supported,True,held,"{""FGDC-3011"":[],""FGDC-3239"":[]}",True,
sha256:2b75d335087d2048a6f8dad2e3b984a6f313c8ccb3850b47d78ba4c278955a44,FGDC-2901;FGDC-3129,otherwise_supported,True,held,"{""FGDC-2901"":[],""FGDC-3129"":[]}",True,
sha256:2b78bed889b5eafcafc81911979e9f5174b57b3ada7392d242ab4f01dfd6db95,FGDC-3020;FGDC-3248,otherwise_supported,True,held,"{""FGDC-3020"":[],""FGDC-3248"":[]}",True,
sha256:2c07951e6be5036d5c010846339da8b7adda2d1ffdcb81a34370bdf091ddfd3e,FGDC-3024;FGDC-3252,otherwise_supported,True,held,"{""FGDC-3024"":[],""FGDC-3252"":[]}",True,
sha256:2c0b55c3b0889bac1b577b28a73e2ee2777c48cd54564180a636a6e13343febe,FGDC-2951;FGDC-3179,otherwise_supported,True,held,"{""FGDC-2951"":[],""FGDC-3179"":[]}",True,
sha256:2cb2d7df117b03100e82b5f216dcf9e174b90c644c4f221b4cc638afde922f45,FGDC-2970;FGDC-3198,otherwise_supported,True,held,"{""FGDC-2970"":[],""FGDC-3198"":[]}",True,
sha256:2e2337ccc08ee551e21c339d2797bb23d96f914b9ab265a4d3007314e944be4b,FGDC-2999;FGDC-3227,otherwise_supported,True,held,"{""FGDC-2999"":[],""FGDC-3227"":[]}",True,
sha256:2eaa9caf6eb481eade261a8e3e54f1aaf41d4a32df0a1d076ee9b40246a24c0d,FGDC-2942;FGDC-3170,otherwise_supported,True,held,"{""FGDC-2942"":[],""FGDC-3170"":[]}",True,
sha256:30f5b5903c26724f7a5647bba5cc9c5e996888a427093968ce853a340b0d8366,FGDC-2871;FGDC-3099,otherwise_supported,True,held,"{""FGDC-2871"":[],""FGDC-3099"":[]}",True,
sha256:3241d25b73a618a822925b4bf4345a38c1b8a61c83b02a0ddc7852ee1afa9b75,FGDC-3055;FGDC-3283,otherwise_supported,True,held,"{""FGDC-3055"":[],""FGDC-3283"":[]}",True,
sha256:32546731a8600267f61b8fc68c5cb8c061139c1b0e8ee4811c07e80f48f1250d,FGDC-2989;FGDC-3217,otherwise_supported,True,held,"{""FGDC-2989"":[],""FGDC-3217"":[]}",True,
sha256:32788808916a30df8052c73f3cd5927b1835b5bc5ced32da44b1ba1c1c83ea62,FGDC-2939;FGDC-3167,otherwise_supported,True,held,"{""FGDC-2939"":[],""FGDC-3167"":[]}",True,
sha256:327e3be013aa03c2795f19a8e79cafc59dfce5628efe0c0eff970ea68461afdd,FGDC-2982;FGDC-3210,additional_holds,True,held,"{""FGDC-2982"":[""Metadata access terms need source-backed adjudication"",""Contradictory or unsupported source access constraints require adjudication""],""FGDC-3210"":[""Metadata access terms need source-backed adjudication"",""Contradictory or unsupported source access constraints require adjudication""]}",True,
sha256:3545d2a03e23dd16f246ba2e836dc33f76dbe1394aa645e0debf85c5f55a3d96,FGDC-2838;FGDC-3066,otherwise_supported,True,held,"{""FGDC-2838"":[],""FGDC-3066"":[]}",True,
sha256:37eefff650fe433fc92f5ba4e0b32b24c2c7609689babb6e78d11de02904401f,FGDC-2852;FGDC-3080,otherwise_supported,True,held,"{""FGDC-2852"":[],""FGDC-3080"":[]}",True,
sha256:3984ca9b51745f86bc0d903d08c8f0d42a5f21bbd376d94a64eba0604da8e73f,FGDC-2992;FGDC-3220,otherwise_supported,True,held,"{""FGDC-2992"":[],""FGDC-3220"":[]}",True,
sha256:3b10c8879de129c36804c7ae4ee72cda774e30b5347f127a2905c7f266685935,FGDC-2944;FGDC-3172,otherwise_supported,True,held,"{""FGDC-2944"":[],""FGDC-3172"":[]}",True,
sha256:3b946823cdcbb4be330da319806c15ae4bfdb7562a051905aff62d1fbae31b5f,FGDC-2857;FGDC-3085,otherwise_supported,True,held,"{""FGDC-2857"":[],""FGDC-3085"":[]}",True,
sha256:3c905a19c9d6af0e1a7fc10c005b855bcf28d2af71c66c0deffa85bb5a845f2c,FGDC-2881;FGDC-3109,otherwise_supported,True,held,"{""FGDC-2881"":[],""FGDC-3109"":[]}",True,
sha256:3d96535765615f35713befc593b61d0b301e39315dd584f3ee48705cd839abf7,FGDC-2870;FGDC-3098,otherwise_supported,True,held,"{""FGDC-2870"":[],""FGDC-3098"":[]}",True,
sha256:3e0e5b245b9a83830bc694de8d4041c98511a96b42b070a88677f6485f8b2eb8,FGDC-2898;FGDC-3126,otherwise_supported,True,held,"{""FGDC-2898"":[],""FGDC-3126"":[]}",True,
sha256:3ef04bbf4a0465f33d922658abd048e01ba8bcd1c698ecb016aafc67f2d725f3,FGDC-2859;FGDC-3087,otherwise_supported,True,held,"{""FGDC-2859"":[],""FGDC-3087"":[]}",True,
sha256:40b14a334379e5e416b69e6717ba8981c4488bf7d78388ce38cfacf0e614dd99,FGDC-2957;FGDC-3185,otherwise_supported,True,held,"{""FGDC-2957"":[],""FGDC-3185"":[]}",True,
sha256:419a9f1c02cdc54276a4c316b5ef04f088562f6e1144a1601d2197c04c17f6c5,FGDC-2900;FGDC-3128,otherwise_supported,True,held,"{""FGDC-2900"":[],""FGDC-3128"":[]}",True,
sha256:41d91946ae8c93520bb49b6cfc1b60aad634489ac2e45de9ff4fa4c891684bec,FGDC-2937;FGDC-3165,additional_holds,True,held,"{""FGDC-2937"":[""Metadata access terms need source-backed adjudication"",""Contradictory or unsupported source access constraints require adjudication""],""FGDC-3165"":[""Metadata access terms need source-backed adjudication"",""Contradictory or unsupported source access constraints require adjudication""]}",True,
sha256:4238aa318f7f89dfea6fa739b02dfcb0ed6072f98aa49cb7457196632f002fbb,FGDC-3050;FGDC-3278,otherwise_supported,True,held,"{""FGDC-3050"":[],""FGDC-3278"":[]}",True,
sha256:42ba13b6ebf5f26f60ba75bd408b9e4d16181f38cf801d10ffb7dbdcaa7a4e36,FGDC-2945;FGDC-3173,otherwise_supported,True,held,"{""FGDC-2945"":[],""FGDC-3173"":[]}",True,
sha256:4385a97b249dfbe21ef694ae80bc40c0f7b409f0cdc4b4705f532a90f1549914,FGDC-2915;FGDC-3143,additional_holds,True,held,"{""FGDC-2915"":[""Metadata access terms need source-backed adjudication"",""Contradictory or unsupported source access constraints require adjudication""],""FGDC-3143"":[""Metadata access terms need source-backed adjudication"",""Contradictory or unsupported source access constraints require adjudication""]}",True,
sha256:43f274d62e355529dce0cda7a351796d106f0b9571f68d7ae51a33dd9705c002,FGDC-2861;FGDC-3089,additional_holds,True,held,"{""FGDC-2861"":[""Metadata access terms need source-backed adjudication"",""Contradictory or unsupported source access constraints require adjudication""],""FGDC-3089"":[""Metadata access terms need source-backed adjudication"",""Contradictory or unsupported source access constraints require adjudication""]}",True,
sha256:470b7f7c062f0cea050474f109017048e7ba5715421c3eb0dab9189489749738,FGDC-2869;FGDC-3097,otherwise_supported,True,held,"{""FGDC-2869"":[],""FGDC-3097"":[]}",True,
sha256:47b7b632c9ac91138225abf7218374a5199823e017ff3a28e985f3e515e77320,FGDC-3030;FGDC-3258,otherwise_supported,True,held,"{""FGDC-3030"":[],""FGDC-3258"":[]}",True,
sha256:48685e8f431bd1045e5d294441609ee8ca8230fbf3f597155a225c905eef500c,FGDC-2984;FGDC-3212,otherwise_supported,True,held,"{""FGDC-2984"":[],""FGDC-3212"":[]}",True,
sha256:48fbdd49ad53843d2b41b9f71baaf8d0563d7718040357d22a8d87e7015c3af1,FGDC-2895;FGDC-3123,otherwise_supported,True,held,"{""FGDC-2895"":[],""FGDC-3123"":[]}",True,
sha256:4a6c8e9c526c723a85e028873bdb38eba523bfaf2cb3f666fdc37246136bf183,FGDC-2880;FGDC-3108,otherwise_supported,True,held,"{""FGDC-2880"":[],""FGDC-3108"":[]}",True,
sha256:4c7a232a36c52b9da730f8300fc168c94f8baa500a4ee2c4588abb9165092f34,FGDC-2921;FGDC-3149,otherwise_supported,True,held,"{""FGDC-2921"":[],""FGDC-3149"":[]}",True,
sha256:4cf60c5201a00edd9beec3571c3efe2c9db2f3b47905c14e663ac6a9d30c2051,FGDC-2846;FGDC-3074,otherwise_supported,True,held,"{""FGDC-2846"":[],""FGDC-3074"":[]}",True,
sha256:4ddf6f35e1f49fe67e9357784e591e3613a1b06a219381b5ab095047bede8db9,FGDC-3053;FGDC-3281,otherwise_supported,True,held,"{""FGDC-3053"":[],""FGDC-3281"":[]}",True,
sha256:4eb59ae7182fc297582ba615dd6ee966bb47b3df522578ea98dec3c677b5d630,FGDC-2893;FGDC-3121,otherwise_supported,True,held,"{""FGDC-2893"":[],""FGDC-3121"":[]}",True,
sha256:4f2a8a205fa1b14a2ba01965e9e93607c55c7d2d425bdb456bdd0a8136841874,FGDC-2899;FGDC-3127,otherwise_supported,True,held,"{""FGDC-2899"":[],""FGDC-3127"":[]}",True,
sha256:504466cc8ef0a1cf11d858fced405b81d175d503d23b4e2a0e0d0615aa77b956,FGDC-2956;FGDC-3184,otherwise_supported,True,held,"{""FGDC-2956"":[],""FGDC-3184"":[]}",True,
sha256:50c95f15911411ee3f6a38e926eeb6b035340cf09539fb91b4b873a52e6991ef,FGDC-2943;FGDC-3171,otherwise_supported,True,held,"{""FGDC-2943"":[],""FGDC-3171"":[]}",True,
sha256:51e1a0c3dbac56958c4d0452dc87558162302a6273e33d237cc74ff4ec79aaf9,FGDC-3060;FGDC-3288,additional_holds,True,held,"{""FGDC-3060"":[""Metadata access terms need source-backed adjudication"",""Contradictory or unsupported source access constraints require adjudication""],""FGDC-3288"":[""Metadata access terms need source-backed adjudication"",""Contradictory or unsupported source access constraints require adjudication""]}",True,
sha256:5516bb99b36b1cdfc05243df49970f307e741a0f3e911ac194d9bea307690de2,FGDC-2878;FGDC-3106,otherwise_supported,True,held,"{""FGDC-2878"":[],""FGDC-3106"":[]}",True,
sha256:55d334aaa499684878f5b5d73fc3f7cada57d056c365cb306016482b5e5c9bf6,FGDC-2910;FGDC-3138,otherwise_supported,True,held,"{""FGDC-2910"":[],""FGDC-3138"":[]}",True,
sha256:584a0f91ec877a42a8a2e9d9669f5ea3f17b342ff535691c77f71528f6aa3774,FGDC-2978;FGDC-3206,otherwise_supported,True,held,"{""FGDC-2978"":[],""FGDC-3206"":[]}",True,
sha256:58694608b7ad8153849b25cdf6fb675eddd244e3cc992e2ce1aab3949d03fc4f,FGDC-2847;FGDC-3075,otherwise_supported,True,held,"{""FGDC-2847"":[],""FGDC-3075"":[]}",True,
sha256:5a914f0ecea30e39ea6d85318edf7d5c4876ad1303dad659a17347c4ca55ed2b,FGDC-3007;FGDC-3235,otherwise_supported,True,held,"{""FGDC-3007"":[],""FGDC-3235"":[]}",True,
sha256:5b4ae022cfc35250fe5add4f2605cc32fda6e595eea09c0c0b1c7e4dcdaa75cd,FGDC-2938;FGDC-3166,otherwise_supported,True,held,"{""FGDC-2938"":[],""FGDC-3166"":[]}",True,
sha256:5dc02dbf061253113df5888958036bd3d3cd9625e783cb075f6a4f31e8e85da5,FGDC-3005;FGDC-3233,otherwise_supported,True,held,"{""FGDC-3005"":[],""FGDC-3233"":[]}",True,
sha256:5e25eb276bb38fb4d0ebe2428deea28da3d47365dedaba7fe07332a39d45adac,FGDC-2980;FGDC-3208,otherwise_supported,True,held,"{""FGDC-2980"":[],""FGDC-3208"":[]}",True,
sha256:5efbdd6ef846dcad940e144e4d78befbd8a67719ac68f81217ba829d192f474e,FGDC-3054;FGDC-3282,otherwise_supported,True,held,"{""FGDC-3054"":[],""FGDC-3282"":[]}",True,
sha256:5f8ec5a2cd0ae3f009e785ad3b453fed0e930de79c1b29b096e0533d2e5e0fe6,FGDC-2977;FGDC-3205,otherwise_supported,True,held,"{""FGDC-2977"":[],""FGDC-3205"":[]}",True,
sha256:60458026de686481840ecc95ab5af8d38e2f7e022bc645ebfe932c3d6ba187aa,FGDC-3016;FGDC-3244,otherwise_supported,True,held,"{""FGDC-3016"":[],""FGDC-3244"":[]}",True,
sha256:609f4c8cfc54e5e15757cc77b920da55b47461159521b98ac36e74b1ffe963a4,FGDC-2941;FGDC-3169,otherwise_supported,True,held,"{""FGDC-2941"":[],""FGDC-3169"":[]}",True,
sha256:6131517411f850cc6e9ece3c7adbae8dffac3eec4ad9da9e1c321992b1a3dff6,FGDC-2896;FGDC-3124,otherwise_supported,True,held,"{""FGDC-2896"":[],""FGDC-3124"":[]}",True,
sha256:616a3428414fbf206f245a00b7c5f2c3cae0dc799e3f948b81ac314d19c61463,FGDC-2996;FGDC-3224,otherwise_supported,True,held,"{""FGDC-2996"":[],""FGDC-3224"":[]}",True,
sha256:6176b570865f7a31238aa1d32c66940626986b116e26b85cea9830eedb69968b,FGDC-2888;FGDC-3116,otherwise_supported,True,held,"{""FGDC-2888"":[],""FGDC-3116"":[]}",True,
sha256:61a2ae9b98ffbf2de41fc84cee20ca3871e7bc652b92de09f6e7b265d6e861f3,FGDC-3064;FGDC-3292,otherwise_supported,True,held,"{""FGDC-3064"":[],""FGDC-3292"":[]}",True,
sha256:646d72f3d0dbab5e13e36626670916230a09be92c9de8ff40a38e08b9e32c514,FGDC-3019;FGDC-3247,otherwise_supported,True,held,"{""FGDC-3019"":[],""FGDC-3247"":[]}",True,
sha256:6493826fa458a5e69afe0e45462fdec1192df54ba205ffe873c90e567b14854e,FGDC-2885;FGDC-3113,otherwise_supported,True,held,"{""FGDC-2885"":[],""FGDC-3113"":[]}",True,
sha256:650a2e277e5800d95a1ff7017ef08e029a438d9d79396eed0e63af5d213d412c,FGDC-3026;FGDC-3254,additional_holds,True,held,"{""FGDC-3026"":[""Metadata access terms need source-backed adjudication"",""Contradictory or unsupported source access constraints require adjudication""],""FGDC-3254"":[""Metadata access terms need source-backed adjudication"",""Contradictory or unsupported source access constraints require adjudication""]}",True,
sha256:65ba604608fd6277520327d80a4b5be6f576ae8a420e5b2f86be802cd6e88ad9,FGDC-2884;FGDC-3112,otherwise_supported,True,held,"{""FGDC-2884"":[],""FGDC-3112"":[]}",True,
sha256:66097bbcd0f102a76e6fd464be17ded1cbc3ae33ddfcad625f066689f42dcd21,FGDC-2920;FGDC-3148,otherwise_supported,True,held,"{""FGDC-2920"":[],""FGDC-3148"":[]}",True,
sha256:66c3546caf70f9d47a877790aafa13e6b38e632d844ce72d46c4fc4670965559,FGDC-3057;FGDC-3285,otherwise_supported,True,held,"{""FGDC-3057"":[],""FGDC-3285"":[]}",True,
sha256:679e5bbb8cb42a20a8cd11d97ba5e2fc22c6994d1c7637fdf70d89386f0fd5b0,FGDC-3062;FGDC-3290,otherwise_supported,True,held,"{""FGDC-3062"":[],""FGDC-3290"":[]}",True,
sha256:6adb068c6326be1e67f5909c408839979d4eae01cff185ec292ed7c3e3caa9f2,FGDC-3006;FGDC-3234,otherwise_supported,True,held,"{""FGDC-3006"":[],""FGDC-3234"":[]}",True,
sha256:6c6dd852c3be4fe1cb6b672d4694c7885f4e9e5d798e4351011882fecaecfaa6,FGDC-3033;FGDC-3261,otherwise_supported,True,held,"{""FGDC-3033"":[],""FGDC-3261"":[]}",True,
sha256:6dc21b61ad5e3b29eb6efdb74e918ccfe1fa1c9b76aec5fdd150cd21dc121e75,FGDC-2903;FGDC-3131,otherwise_supported,True,held,"{""FGDC-2903"":[],""FGDC-3131"":[]}",True,
sha256:6e73f6729dcfd517429864b8e189f6ac9597b638c8a011c5a5bbc494c7b84f7f,FGDC-3059;FGDC-3287,additional_holds,True,held,"{""FGDC-3059"":[""Metadata access terms need source-backed adjudication"",""Contradictory or unsupported source access constraints require adjudication""],""FGDC-3287"":[""Metadata access terms need source-backed adjudication"",""Contradictory or unsupported source access constraints require adjudication""]}",True,
sha256:70749856f3a2562db90e2f2d73dcc8021387eb0be47d0a3ca09d02b5f5285a8c,FGDC-3018;FGDC-3246,otherwise_supported,True,held,"{""FGDC-3018"":[],""FGDC-3246"":[]}",True,
sha256:71ed9cbef8d030f90a669f9da751cf3bfe6b6ae99b19db12df93c7df39577cc9,FGDC-3061;FGDC-3289,otherwise_supported,True,held,"{""FGDC-3061"":[],""FGDC-3289"":[]}",True,
sha256:720e4a09f46a1f9e1daf116d866726ecfff91cdd99718efac27aacc119d65d9d,FGDC-2912;FGDC-3140,otherwise_supported,True,held,"{""FGDC-2912"":[],""FGDC-3140"":[]}",True,
sha256:7299a7fbc4a6a6f27923f502a5ee54091d183e6d8d9888d8c1c30b9c48272c46,FGDC-2906;FGDC-3134,otherwise_supported,True,held,"{""FGDC-2906"":[],""FGDC-3134"":[]}",True,
sha256:74b35a5c0aef15067faee807542f3f26c280ed1571d96175f356af0609e92cb2,FGDC-2991;FGDC-3219,otherwise_supported,True,held,"{""FGDC-2991"":[],""FGDC-3219"":[]}",True,
sha256:74c5abf19a61208749cec092f85e18eb28496f4fa9b4aec6dd5184dadfbab310,FGDC-2890;FGDC-3118,otherwise_supported,True,held,"{""FGDC-2890"":[],""FGDC-3118"":[]}",True,
sha256:74eb25e08f826c809a8c93e59834501d27a94a1f3d090e004d84abb2271ea190,FGDC-2997;FGDC-3225,otherwise_supported,True,held,"{""FGDC-2997"":[],""FGDC-3225"":[]}",True,
sha256:7768f41ce00d9e734de944e273a79ee3564d43a671b127d641e135409bf0c377,FGDC-2873;FGDC-3101,otherwise_supported,True,held,"{""FGDC-2873"":[],""FGDC-3101"":[]}",True,
sha256:781c6dff4f379bf308997945728bc0c1174300ae51cdef7cfb68652fd634982e,FGDC-3052;FGDC-3280,otherwise_supported,True,held,"{""FGDC-3052"":[],""FGDC-3280"":[]}",True,
sha256:784bedb6bb1cb20de6f852270e81ed635684a46bb151af5ed8e730bc6b29d9ab,FGDC-3042;FGDC-3270,otherwise_supported,True,held,"{""FGDC-3042"":[],""FGDC-3270"":[]}",True,
sha256:78c33e1d6bb7551d87fee7cf4fc41d4d3ea92cfdfd0b320971c093d7ca165b2a,FGDC-2902;FGDC-3130,otherwise_supported,True,held,"{""FGDC-2902"":[],""FGDC-3130"":[]}",True,
sha256:799b119aeca6bab2cf1eabff8bc0c9df1cf4640e15f127c1ef8f86d70677e973,FGDC-2976;FGDC-3204,otherwise_supported,True,held,"{""FGDC-2976"":[],""FGDC-3204"":[]}",True,
sha256:79b48ee9dd1de8b837f2c6334bf8d46a1cfca54e3b655883c18b8f76a79ec402,FGDC-3051;FGDC-3279,otherwise_supported,True,held,"{""FGDC-3051"":[],""FGDC-3279"":[]}",True,
sha256:7bfe1cbb1c85f4b11217c7168eb2305407696b63f846df8d8461ef55f8292433,FGDC-2908;FGDC-3136,otherwise_supported,True,held,"{""FGDC-2908"":[],""FGDC-3136"":[]}",True,
sha256:7c2c4ea5f2cf48c589c5e3afa48457b1ff229efe93aa194e4380890639f9a26c,FGDC-2844;FGDC-3072,otherwise_supported,True,held,"{""FGDC-2844"":[],""FGDC-3072"":[]}",True,
sha256:7dbffdb96305ff3a71894702b3e07fa0f526d22253fb329c0dd3770f53ca3e96,FGDC-2849;FGDC-3077,otherwise_supported,True,held,"{""FGDC-2849"":[],""FGDC-3077"":[]}",True,
sha256:80c261cd5465afee8dab90e7428160c66b0ca63a5482a9733784e51c91c2778a,FGDC-2904;FGDC-3132,additional_holds,True,held,"{""FGDC-2904"":[""Metadata access terms need source-backed adjudication"",""Contradictory or unsupported source access constraints require adjudication""],""FGDC-3132"":[""Metadata access terms need source-backed adjudication"",""Contradictory or unsupported source access constraints require adjudication""]}",True,
sha256:81ec0fbb7ecb7dd50f4a119a67e9428934b7de66cb8ee3cbedff85640a8ded7e,FGDC-2966;FGDC-3194,otherwise_supported,True,held,"{""FGDC-2966"":[],""FGDC-3194"":[]}",True,
sha256:83d284b92685c6e91f31712ed1a889d24047c3b88d99c527f399264da983bd6d,FGDC-3056;FGDC-3284,otherwise_supported,True,held,"{""FGDC-3056"":[],""FGDC-3284"":[]}",True,
sha256:84250f8169dadb247a0c87393ca08ecc43aeb7cbbfa03c0e9150a8c3354288e5,FGDC-2889;FGDC-3117,otherwise_supported,True,held,"{""FGDC-2889"":[],""FGDC-3117"":[]}",True,
sha256:8498f8ea45c4bee77c0a75e827faed5e4f1d11b761479d4b5868783b1f1804b9,FGDC-3049;FGDC-3277,otherwise_supported,True,held,"{""FGDC-3049"":[],""FGDC-3277"":[]}",True,
sha256:8559a9894c79292f102e61412e98b61af18a6045d858fda4b293be99a5793550,FGDC-2882;FGDC-3110,otherwise_supported,True,held,"{""FGDC-2882"":[],""FGDC-3110"":[]}",True,
sha256:86a3f70134c5765934806a7980310ff20ab983df7ba86b6ef0d54ed12f8bb976,FGDC-3031;FGDC-3259,otherwise_supported,True,held,"{""FGDC-3031"":[],""FGDC-3259"":[]}",True,
sha256:86c7a76960666079facd67c81e5a5e5264f82e2efe5f03245c4b1cbf37057ca5,FGDC-2932;FGDC-3160,otherwise_supported,True,held,"{""FGDC-2932"":[],""FGDC-3160"":[]}",True,
sha256:876d176de491b359d863972e40fc7c5dbe32dfe3a9c0560ab3b59eeb45740d7d,FGDC-3039;FGDC-3267,otherwise_supported,True,held,"{""FGDC-3039"":[],""FGDC-3267"":[]}",True,
sha256:87ab7801a6082edd52d0e1d35500fd96ec19cb8f7008fa73e544fbafabd489b0,FGDC-3028;FGDC-3256,otherwise_supported,True,held,"{""FGDC-3028"":[],""FGDC-3256"":[]}",True,
sha256:889dcc65cfcf4e8a7be98cf8436d01378b7f5aa63b45b5d57e616ef61b4e0181,FGDC-3012;FGDC-3240,otherwise_supported,True,held,"{""FGDC-3012"":[],""FGDC-3240"":[]}",True,
sha256:8bc96a3db59d988ef8b471639dc09419e921ea0088c8d6c27b674869fea6034c,FGDC-2988;FGDC-3216,otherwise_supported,True,held,"{""FGDC-2988"":[],""FGDC-3216"":[]}",True,
sha256:8bef14fd05c7b1ea1ab936bfeb4c5325c29c34f33b46d40b6f82f72055973237,FGDC-2837;FGDC-3065,additional_holds,True,held,"{""FGDC-2837"":[""Metadata access terms need source-backed adjudication"",""Creator semantics are ambiguous""],""FGDC-3065"":[""Metadata access terms need source-backed adjudication"",""Creator semantics are ambiguous""]}",True,
sha256:8bf3be3528cb2cc69aa815d3baae5264b4b4b64017b90f256a93981e6bfab98a,FGDC-2845;FGDC-3073,otherwise_supported,True,held,"{""FGDC-2845"":[],""FGDC-3073"":[]}",True,
sha256:8c9ecf376c60e1b4c1dddb1e18f0865cbbc410887ab100c222e50587500e401b,FGDC-2860;FGDC-3088,otherwise_supported,True,held,"{""FGDC-2860"":[],""FGDC-3088"":[]}",True,
sha256:8d610ed681161472e5f572cae9d52695d751b8e3f70ec41761e5ba493f4319f4,FGDC-2931;FGDC-3159,otherwise_supported,True,held,"{""FGDC-2931"":[],""FGDC-3159"":[]}",True,
sha256:8e2add3b8a3642cadc131c3a6ccadfce4121072592f1fb0d3e4693db5c16cfc9,FGDC-2913;FGDC-3141,otherwise_supported,True,held,"{""FGDC-2913"":[],""FGDC-3141"":[]}",True,
sha256:8f6721c540a8801682821b1c0497ac87889afdbce2950a3e8e7824a7e78af4ea,FGDC-3045;FGDC-3273,otherwise_supported,True,held,"{""FGDC-3045"":[],""FGDC-3273"":[]}",True,
sha256:91de35a07e07d70288383ede8c668fbfe80500ba230077d27f27defaa834c609,FGDC-3041;FGDC-3269,otherwise_supported,True,held,"{""FGDC-3041"":[],""FGDC-3269"":[]}",True,
sha256:921e4abfddf9d47993f0c606b970035b88ffe2562bad03b6691ce46cbc7eb89b,FGDC-3037;FGDC-3265,additional_holds,True,held,"{""FGDC-3037"":[""Metadata access terms need source-backed adjudication"",""Contradictory or unsupported source access constraints require adjudication""],""FGDC-3265"":[""Metadata access terms need source-backed adjudication"",""Contradictory or unsupported source access constraints require adjudication""]}",True,
sha256:927bb889e309c91bdbd22053c78bfb88e9f37d6f693ef785c3679dc892dd024f,FGDC-2894;FGDC-3122,additional_holds,True,held,"{""FGDC-2894"":[""Metadata access terms need source-backed adjudication"",""Field 'title' exceeds character limit: 276 > 250"",""Invalid transformed metadata: Field 'title' exceeds character limit: 276 > 250""],""FGDC-3122"":[""Metadata access terms need source-backed adjudication"",""Field 'title' exceeds character limit: 276 > 250"",""Invalid transformed metadata: Field 'title' exceeds character limit: 276 > 250""]}",True,
sha256:94be051c86453becee850b436dcb304bf27421a51cd6b7e58f74a0c81fe7b82f,FGDC-2862;FGDC-3090,otherwise_supported,True,held,"{""FGDC-2862"":[],""FGDC-3090"":[]}",True,
sha256:9567b76d95a51ac3e07891547df0f161d100777642463fd34c6701a95e1123b0,FGDC-2863;FGDC-3091,otherwise_supported,True,held,"{""FGDC-2863"":[],""FGDC-3091"":[]}",True,
sha256:9635b61f9423b5e73f41b4b339e717d80f9fbe6baf0dbf54ac15890da436eed1,FGDC-3003;FGDC-3231,otherwise_supported,True,held,"{""FGDC-3003"":[],""FGDC-3231"":[]}",True,
sha256:96d81f09a53849c8014ffb95c6b986be60db34c33fdf95f209a3f722d11315ee,FGDC-2933;FGDC-3161,otherwise_supported,True,held,"{""FGDC-2933"":[],""FGDC-3161"":[]}",True,
sha256:97a837ae20a074387091b097a3d9eb9db4524c047c10b5b4b9a1eb3075873612,FGDC-2907;FGDC-3135,otherwise_supported,True,held,"{""FGDC-2907"":[],""FGDC-3135"":[]}",True,
sha256:97e7a16fd54897bfb4368044ac77f4da7de410cab7327d53b68b867a3abeb47c,FGDC-2842;FGDC-3070,otherwise_supported,True,held,"{""FGDC-2842"":[],""FGDC-3070"":[]}",True,
sha256:99d7f76bb554a2b37c96f3cfa002ba41cdc36a6315fc4ae732ccee1f3c34d469,FGDC-2959;FGDC-3187,otherwise_supported,True,held,"{""FGDC-2959"":[],""FGDC-3187"":[]}",True,
sha256:9c243d1b1f312b0a0513db7b1b7600486f00d243d2fc7368cfec393b42fbf5c5,FGDC-2856;FGDC-3084,otherwise_supported,True,held,"{""FGDC-2856"":[],""FGDC-3084"":[]}",True,
sha256:9c378fc791115cc0d99fbbbdaf9e8f72ec3f312263c0dfb50b7d622bc7d61146,FGDC-2961;FGDC-3189,otherwise_supported,True,held,"{""FGDC-2961"":[],""FGDC-3189"":[]}",True,
sha256:9e6066fdc509e884b837a6f5b5d8c244a5f289194980392f73fdd0f1207465e4,FGDC-3035;FGDC-3263,otherwise_supported,True,held,"{""FGDC-3035"":[],""FGDC-3263"":[]}",True,
sha256:a2b51c74bd83865943aed91f2b47d1f9a0435da00f0f4443b2d7f339a3cca896,FGDC-2911;FGDC-3139,otherwise_supported,True,held,"{""FGDC-2911"":[],""FGDC-3139"":[]}",True,
sha256:a2d59b54ce81e9d8010c67cc88909061a5eab4333648de02fd17aa99e315d42e,FGDC-2874;FGDC-3102,otherwise_supported,True,held,"{""FGDC-2874"":[],""FGDC-3102"":[]}",True,
sha256:a2fdcf96fe190394080710739480913bcef3835c22faf65db50cfcc6796c1008,FGDC-2843;FGDC-3071,otherwise_supported,True,held,"{""FGDC-2843"":[],""FGDC-3071"":[]}",True,
sha256:a3a798d1e6c221adfe32580577dd1cbd650ea3340e0a9ef2f90699800903bda3,FGDC-2974;FGDC-3202,otherwise_supported,True,held,"{""FGDC-2974"":[],""FGDC-3202"":[]}",True,
sha256:a5cc5c7b825adb5fadcd4cc9f1ddbef1a58ef5099c3cd392b020feeeeac4e383,FGDC-2965;FGDC-3193,otherwise_supported,True,held,"{""FGDC-2965"":[],""FGDC-3193"":[]}",True,
sha256:a65bcdaf08b02f83bb2813a14edb2733a207fcc007a4c41cfd34aef348df024a,FGDC-2993;FGDC-3221,additional_holds,True,held,"{""FGDC-2993"":[""Metadata access terms need source-backed adjudication"",""Contradictory or unsupported source access constraints require adjudication""],""FGDC-3221"":[""Metadata access terms need source-backed adjudication"",""Contradictory or unsupported source access constraints require adjudication""]}",True,
sha256:a73e59b5bd0ec65631ed6b3e1df912117f0d03b95339be08d11f2af6c6a8ddfe,FGDC-3021;FGDC-3249,otherwise_supported,True,held,"{""FGDC-3021"":[],""FGDC-3249"":[]}",True,
sha256:a76edf6abe7861fbce5c470cc9a35f4f75b7a5a8e866c6bb1d57fb1e6292f872,FGDC-3043;FGDC-3271,otherwise_supported,True,held,"{""FGDC-3043"":[],""FGDC-3271"":[]}",True,
sha256:a8bc3edb070724e4a2d4aab23ed90d98c51ea5b97c80cbee63cbbee7c5e3cedd,FGDC-3034;FGDC-3262,otherwise_supported,True,held,"{""FGDC-3034"":[],""FGDC-3262"":[]}",True,
sha256:ae45cd6d49bcf671c3cc05ac122d109911c485d1987d426fd4af81bae182190f,FGDC-2979;FGDC-3207,otherwise_supported,True,held,"{""FGDC-2979"":[],""FGDC-3207"":[]}",True,
sha256:ae70668401c1c70565e0e2ce49b26706c6761beef8278d9179925f5b5d88ed77,FGDC-2909;FGDC-3137,otherwise_supported,True,held,"{""FGDC-2909"":[],""FGDC-3137"":[]}",True,
sha256:aed8dc374f2869c79a746ed40d8129e940d566719b3232a30b80a82b4a69b875,FGDC-2914;FGDC-3142,otherwise_supported,True,held,"{""FGDC-2914"":[],""FGDC-3142"":[]}",True,
sha256:b2bd69df0f66730db9182c1c90ae8a4db446fa86b276414f3dde7e974e6535a2,FGDC-2855;FGDC-3083,otherwise_supported,True,held,"{""FGDC-2855"":[],""FGDC-3083"":[]}",True,
sha256:b2fdc54fa458ac46ef23c2058e70ae8d48ad55f546399562a2aa4aa734c7f26d,FGDC-2916;FGDC-3144,otherwise_supported,True,held,"{""FGDC-2916"":[],""FGDC-3144"":[]}",True,
sha256:b3a866604fdded20289f6c79ccc85ae78b8e249d4c8dae1625c14ebb4dea402f,FGDC-2887;FGDC-3115,otherwise_supported,True,held,"{""FGDC-2887"":[],""FGDC-3115"":[]}",True,
sha256:b468b50cb099b16ed21e87e58d73ea460f006d983815f953f6a22f35fcb6e59e,FGDC-2853;FGDC-3081,otherwise_supported,True,held,"{""FGDC-2853"":[],""FGDC-3081"":[]}",True,
sha256:b53dc5aa076b2ee54382f4fecb05137ea8b2424da1b43b798a5944453823e295,FGDC-3036;FGDC-3264,otherwise_supported,True,held,"{""FGDC-3036"":[],""FGDC-3264"":[]}",True,
sha256:b792de0a2b5293b8a2bb0a0cd8d3bc49d28d9d7bdf78d2b8956491cdfa649e1d,FGDC-2886;FGDC-3114,otherwise_supported,True,held,"{""FGDC-2886"":[],""FGDC-3114"":[]}",True,
sha256:b894b4d7dacde8dff0994f6c761d2bc25d1ec580927f74fa84cd5f5676defc44,FGDC-2960;FGDC-3188,additional_holds,True,held,"{""FGDC-2960"":[""Metadata access terms need source-backed adjudication"",""Field 'title' exceeds character limit: 252 > 250"",""Invalid transformed metadata: Field 'title' exceeds character limit: 252 > 250""],""FGDC-3188"":[""Metadata access terms need source-backed adjudication"",""Field 'title' exceeds character limit: 252 > 250"",""Invalid transformed metadata: Field 'title' exceeds character limit: 252 > 250""]}",True,
sha256:ba0d5363cfb8fa331e1feb2748bbeb1e8f68faae2e6a7718deec65363e24f2a6,FGDC-2877;FGDC-3105,otherwise_supported,True,held,"{""FGDC-2877"":[],""FGDC-3105"":[]}",True,
sha256:bb3f7deef777eac0b5890d37f31f0fe6943db5fe44053b38138ffa655f541432,FGDC-2928;FGDC-3156,otherwise_supported,True,held,"{""FGDC-2928"":[],""FGDC-3156"":[]}",True,
sha256:beeb92e66501fc8dd67eb415dfe2bde1c83632890a041ee15cf856ef8eda0aa4,FGDC-2952;FGDC-3180,otherwise_supported,True,held,"{""FGDC-2952"":[],""FGDC-3180"":[]}",True,
sha256:bf1a701c9edd057ed83107c06a4bfd675f7b82e77ebb274967419dca8cb8c862,FGDC-2918;FGDC-3146,otherwise_supported,True,held,"{""FGDC-2918"":[],""FGDC-3146"":[]}",True,
sha256:c0ef0b53aec8dc71556c2d1ebf8e8267b30f771b749d8b9965e74ef494d72532,FGDC-3009;FGDC-3237,otherwise_supported,True,held,"{""FGDC-3009"":[],""FGDC-3237"":[]}",True,
sha256:c106b2016fb714fe16f215daf621102da77b1e5a2fb758e768c60ec65ecb8340,FGDC-2958;FGDC-3186,otherwise_supported,True,held,"{""FGDC-2958"":[],""FGDC-3186"":[]}",True,
sha256:c4aa3a85ab4e958077f06612dabf23ea732696bcf657ff57ea2dd6150db4bae9,FGDC-2964;FGDC-3192,otherwise_supported,True,held,"{""FGDC-2964"":[],""FGDC-3192"":[]}",True,
sha256:c50297281dd9b0324b9bb7bf48239276627b3f5b780f3cf678536aa257e92063,FGDC-3010;FGDC-3238,otherwise_supported,True,held,"{""FGDC-3010"":[],""FGDC-3238"":[]}",True,
sha256:c53c428f13f59263172f5ae9f2afe33394744f09551f1c6a388b6f489c5fafd3,FGDC-3029;FGDC-3257,otherwise_supported,True,held,"{""FGDC-3029"":[],""FGDC-3257"":[]}",True,
sha256:c856afbad901e8222c2eece38ade7c3c3f68e27f8b6be14f3e3c9d4de87289ec,FGDC-3063;FGDC-3291,otherwise_supported,True,held,"{""FGDC-3063"":[],""FGDC-3291"":[]}",True,
sha256:ca1d5e2614f0316d28d1729493b2a52ed6b6bb5149508ecbfa631802006ccb1d,FGDC-3044;FGDC-3272,otherwise_supported,True,held,"{""FGDC-3044"":[],""FGDC-3272"":[]}",True,
sha256:ca6d4f64fb3d41b7c6cfbb4884ecd9d9aee4b7e1081794787dcb64e11c3ffd80,FGDC-2876;FGDC-3104,otherwise_supported,True,held,"{""FGDC-2876"":[],""FGDC-3104"":[]}",True,
sha256:ca764287c29de733cba23e0e01235e2c953ac540d342c83779dbaaf518f96f3f,FGDC-2986;FGDC-3214,otherwise_supported,True,held,"{""FGDC-2986"":[],""FGDC-3214"":[]}",True,
sha256:ca9a74702d046a13e70abac603f87b17618ecd2a70c51f1363c80629f574f615,FGDC-2948;FGDC-3176,additional_holds,True,held,"{""FGDC-2948"":[""Metadata access terms need source-backed adjudication"",""Contradictory or unsupported source access constraints require adjudication""],""FGDC-3176"":[""Metadata access terms need source-backed adjudication"",""Contradictory or unsupported source access constraints require adjudication""]}",True,
sha256:ccfdd3e564721c637722bc39528815cb648444b1a6e3de3b0078fab9ff18acfe,FGDC-2995;FGDC-3223,otherwise_supported,True,held,"{""FGDC-2995"":[],""FGDC-3223"":[]}",True,
sha256:cfeff877201b752e1828ef3d812edd61b7f73769ded42fdeb769deae3b3b11e8,FGDC-2905;FGDC-3133,otherwise_supported,True,held,"{""FGDC-2905"":[],""FGDC-3133"":[]}",True,
sha256:d132c7141939dc7fc1d8cb76d9973ef8afb44acd91b50d1d7eab23b9d9c40f09,FGDC-2972;FGDC-3200,otherwise_supported,True,held,"{""FGDC-2972"":[],""FGDC-3200"":[]}",True,
sha256:d14425b381dd815b059d5fab973c99db057dc6bbb5331b66ee68522ec8e487a4,FGDC-2875;FGDC-3103,otherwise_supported,True,held,"{""FGDC-2875"":[],""FGDC-3103"":[]}",True,
sha256:d28f8f9a023fb7df4961746479c2cff350e3801e78abbec958979b57ff763ad2,FGDC-3000;FGDC-3228,otherwise_supported,True,held,"{""FGDC-3000"":[],""FGDC-3228"":[]}",True,
sha256:d3982b991a93644657507e51c7d931f20dc810c676b7039613f44d8a5fd50a48,FGDC-2929;FGDC-3157,otherwise_supported,True,held,"{""FGDC-2929"":[],""FGDC-3157"":[]}",True,
sha256:d3c01de168200db59092a5d24e0d0b302042b772488fada1b8d381e700e83df3,FGDC-2850;FGDC-3078,additional_holds,True,held,"{""FGDC-2850"":[""Metadata access terms need source-backed adjudication"",""Contradictory or unsupported source access constraints require adjudication""],""FGDC-3078"":[""Metadata access terms need source-backed adjudication"",""Contradictory or unsupported source access constraints require adjudication""]}",True,
sha256:d5aa3592053e8b55c36ee4c2d0e25bcb9ff6bbc30074eb2c5c18f26771f8d548,FGDC-3022;FGDC-3250,otherwise_supported,True,held,"{""FGDC-3022"":[],""FGDC-3250"":[]}",True,
sha256:d5b2805699de6c4985fc7b8fb9fb0714b8b1454395c8241a6d50993a166b0cb6,FGDC-2923;FGDC-3151,otherwise_supported,True,held,"{""FGDC-2923"":[],""FGDC-3151"":[]}",True,
sha256:d62c478268c54ac21ba33336fec9c930554165bdf0882217f0863aea4d4d68ae,FGDC-2839;FGDC-3067,additional_holds,True,held,"{""FGDC-2839"":[""Metadata access terms need source-backed adjudication"",""Contradictory or unsupported source access constraints require adjudication""],""FGDC-3067"":[""Metadata access terms need source-backed adjudication"",""Contradictory or unsupported source access constraints require adjudication""]}",True,
sha256:d67382ea4475d9d44e1214a171cb98a1a06edd6ce32559694133904e59ae6fb0,FGDC-2926;FGDC-3154,additional_holds,True,held,"{""FGDC-2926"":[""Metadata access terms need source-backed adjudication"",""Contradictory or unsupported source access constraints require adjudication""],""FGDC-3154"":[""Metadata access terms need source-backed adjudication"",""Contradictory or unsupported source access constraints require adjudication""]}",True,
sha256:d8aaae0145540ed28aa4010f102ac922f301799b39b43ad1a61bb5db130d54d1,FGDC-2968;FGDC-3196,otherwise_supported,True,held,"{""FGDC-2968"":[],""FGDC-3196"":[]}",True,
sha256:d99e58947157d22b9d56409c5c49ca6f772c94d5e83ab5f8630b13391a12ea1e,FGDC-2897;FGDC-3125,otherwise_supported,True,held,"{""FGDC-2897"":[],""FGDC-3125"":[]}",True,
sha256:d99fb6f875fbc2b30b8e21f4a94226c84fc02f230ed12762a81b9ff206369f7f,FGDC-2969;FGDC-3197,otherwise_supported,True,held,"{""FGDC-2969"":[],""FGDC-3197"":[]}",True,
sha256:d9d6edc6d7799c73ead9c7e3ae8693b4f696f863e08834ece535c454186bf29c,FGDC-2925;FGDC-3153,otherwise_supported,True,held,"{""FGDC-2925"":[],""FGDC-3153"":[]}",True,
sha256:da5db54591e32c5b34a1d35332c4c6426ae7565d20e8bb47a24308d9af3ea4ba,FGDC-2946;FGDC-3174,otherwise_supported,True,held,"{""FGDC-2946"":[],""FGDC-3174"":[]}",True,
sha256:dac74b3bc27dbc14f92e84f6a0686e02d02301e29923c7ccb8b6c181edcffff9,FGDC-2848;FGDC-3076,otherwise_supported,True,held,"{""FGDC-2848"":[],""FGDC-3076"":[]}",True,
sha256:dc15ca6a2ef4f8979d08424f3e060ae26ab54f1de11c3fbd6a1168ccfd09754e,FGDC-3047;FGDC-3275,otherwise_supported,True,held,"{""FGDC-3047"":[],""FGDC-3275"":[]}",True,
sha256:dc90d6b237428c9be842bfd729edd2ad6f1d11ac0e76209d5cbfccd280764a8e,FGDC-2892;FGDC-3120,otherwise_supported,True,held,"{""FGDC-2892"":[],""FGDC-3120"":[]}",True,
sha256:dd4cb1ad9e4350173112aa373dbf7b01be6ae296c937bb5c26243ee230ec5f27,FGDC-2868;FGDC-3096,otherwise_supported,True,held,"{""FGDC-2868"":[],""FGDC-3096"":[]}",True,
sha256:dde0010f8f4c15891cca79b3658337ca6106bb4fa85b5e59d7516392e53cddae,FGDC-2975;FGDC-3203,otherwise_supported,True,held,"{""FGDC-2975"":[],""FGDC-3203"":[]}",True,
sha256:dfa2a06d87ff978ceb26315117f8dbe45b2a8fc7ee994ce4d7743b5e6ca82611,FGDC-2919;FGDC-3147,otherwise_supported,True,held,"{""FGDC-2919"":[],""FGDC-3147"":[]}",True,
sha256:dfb2015562ef6060b5a0a56791069d28a658dccf9efbc57dbf80b2e479e9546e,FGDC-3038;FGDC-3266,otherwise_supported,True,held,"{""FGDC-3038"":[],""FGDC-3266"":[]}",True,
sha256:dfbff13d9d4fddc4e0ee420dcf754faefcf033378d35a67d31dc4fe526edb4d9,FGDC-2990;FGDC-3218,otherwise_supported,True,held,"{""FGDC-2990"":[],""FGDC-3218"":[]}",True,
sha256:e16de5ff17117454df08682b4578d6828b657e6f60d1347ba7d9f3368b00dea3,FGDC-3046;FGDC-3274,otherwise_supported,True,held,"{""FGDC-3046"":[],""FGDC-3274"":[]}",True,
sha256:e457a1a1a3587179bfe1f36b5845ec3d71ece6c34904f23779e5f27a34dbfdb9,FGDC-3013;FGDC-3241,otherwise_supported,True,held,"{""FGDC-3013"":[],""FGDC-3241"":[]}",True,
sha256:e4c38bae9a99b7a9773e57dda165320f2ea55a28d9e8324729837b8ca5be9d18,FGDC-2927;FGDC-3155,otherwise_supported,True,held,"{""FGDC-2927"":[],""FGDC-3155"":[]}",True,
sha256:e538752a0a35fe5aee2c97efa8491227a5156e4b68f9a6650b42708e6a396d61,FGDC-2936;FGDC-3164,otherwise_supported,True,held,"{""FGDC-2936"":[],""FGDC-3164"":[]}",True,
sha256:e60f3f228f0419fb678a8e05fb1fad9b594b15c559fbde43bdb41dc68b780bb1,FGDC-2866;FGDC-3094,otherwise_supported,True,held,"{""FGDC-2866"":[],""FGDC-3094"":[]}",True,
sha256:e6160e2ad93b28764b4fc16f021b58b8fbc9f8e02fa9d0f7a2abcb3905c203ac,FGDC-2883;FGDC-3111,additional_holds,True,held,"{""FGDC-2883"":[""Metadata access terms need source-backed adjudication"",""Contradictory or unsupported source access constraints require adjudication""],""FGDC-3111"":[""Metadata access terms need source-backed adjudication"",""Contradictory or unsupported source access constraints require adjudication""]}",True,
sha256:e6cbd9194870c32c0e31b4890a29d6213753aa52b4981d7e929bb56b81c704e1,FGDC-2934;FGDC-3162,otherwise_supported,True,held,"{""FGDC-2934"":[],""FGDC-3162"":[]}",True,
sha256:eb9d64e32b53037e98dcd6546ab708a971c75ab058a4ee7c637098d523e8a827,FGDC-2981;FGDC-3209,otherwise_supported,True,held,"{""FGDC-2981"":[],""FGDC-3209"":[]}",True,
sha256:ebcdb3f1f6d5210c3ccb49c59acbb0af3e1bc8f022ef9e56c84317d952e0f76b,FGDC-2872;FGDC-3100,additional_holds,True,held,"{""FGDC-2872"":[""Metadata access terms need source-backed adjudication"",""Field 'title' exceeds character limit: 358 > 250"",""Invalid transformed metadata: Field 'title' exceeds character limit: 358 > 250""],""FGDC-3100"":[""Metadata access terms need source-backed adjudication"",""Field 'title' exceeds character limit: 358 > 250"",""Invalid transformed metadata: Field 'title' exceeds character limit: 358 > 250""]}",True,
sha256:ee6896f0b1a245459af68bda8a118704d59f4ea327e967cfa653af06a37e53e5,FGDC-3008;FGDC-3236,otherwise_supported,True,held,"{""FGDC-3008"":[],""FGDC-3236"":[]}",True,
sha256:ee91a456cdf06d0611c9653831fd9f2c6594582bbfea25191f1ec4402147f35e,FGDC-2967;FGDC-3195,otherwise_supported,True,held,"{""FGDC-2967"":[],""FGDC-3195"":[]}",True,
sha256:ef0f622fb85a1dda6a3696a88b5edd92bda71008762d089a0d48a056b7909d4c,FGDC-2864;FGDC-3092,otherwise_supported,True,held,"{""FGDC-2864"":[],""FGDC-3092"":[]}",True,
sha256:ef8e51e047d45c906eca150ade55a7fe98eab3814f0c78a7cde7915b5fb7d9e5,FGDC-3058;FGDC-3286,otherwise_supported,True,held,"{""FGDC-3058"":[],""FGDC-3286"":[]}",True,
sha256:f02fcbd12d5147acc0951e4d8ed5e475891937443240c06b8c7062d61fcf9368,FGDC-3004;FGDC-3232,additional_holds,True,held,"{""FGDC-3004"":[""Metadata access terms need source-backed adjudication"",""Contradictory or unsupported source access constraints require adjudication""],""FGDC-3232"":[""Metadata access terms need source-backed adjudication"",""Contradictory or unsupported source access constraints require adjudication""]}",True,
sha256:f2d3d71812f8ad8018de017fd9a0cfa2033a58e75d607a77570b171359b8e4e3,FGDC-2998;FGDC-3226,otherwise_supported,True,held,"{""FGDC-2998"":[],""FGDC-3226"":[]}",True,
sha256:f3a1ae81e5df689e3d7ec65780f737807721a81fb515e345a51d4fdc51e10081,FGDC-2867;FGDC-3095,otherwise_supported,True,held,"{""FGDC-2867"":[],""FGDC-3095"":[]}",True,
sha256:f3cb8a667d674df59c9552569750453e3e9584d80499e3b5fea1bbc7fc9fff78,FGDC-2971;FGDC-3199,additional_holds,True,held,"{""FGDC-2971"":[""Metadata access terms need source-backed adjudication"",""Contradictory or unsupported source access constraints require adjudication""],""FGDC-3199"":[""Metadata access terms need source-backed adjudication"",""Contradictory or unsupported source access constraints require adjudication""]}",True,
sha256:f5deef3c3d9a8acf0e169e35ea06d3d043c39b55230d9eb96cb0a9e887eb7cc3,FGDC-2935;FGDC-3163,otherwise_supported,True,held,"{""FGDC-2935"":[],""FGDC-3163"":[]}",True,
sha256:f724e80d30beb34a10a375b071d28ff0025495143bbebc6dccb6ef49c4ee0cc5,FGDC-2940;FGDC-3168,otherwise_supported,True,held,"{""FGDC-2940"":[],""FGDC-3168"":[]}",True,
sha256:f7c6fad0f2ede5d1addc088f999dbff5b89a86ffa60598a18d373cc3c2c227ce,FGDC-2930;FGDC-3158,otherwise_supported,True,held,"{""FGDC-2930"":[],""FGDC-3158"":[]}",True,
sha256:fb44d7c159b58c70a8fe6d6c7f45966038e9354755f2f244400b8ec00d18dab2,FGDC-2983;FGDC-3211,otherwise_supported,True,held,"{""FGDC-2983"":[],""FGDC-3211"":[]}",True,
sha256:fc5b3234a1500382dd7667880f51e669a5dfdc3ba94f1257d78a5891d1667503,FGDC-2987;FGDC-3215,otherwise_supported,True,held,"{""FGDC-2987"":[],""FGDC-3215"":[]}",True,
sha256:fcf77e5bcd5b5e65b25dcfaa7e0db91f2aac3cd875649f3428eb3a93b6644833,FGDC-3048;FGDC-3276,additional_holds,True,held,"{""FGDC-3048"":[""Metadata access terms need source-backed adjudication"",""Contradictory or unsupported source access constraints require adjudication""],""FGDC-3276"":[""Metadata access terms need source-backed adjudication"",""Contradictory or unsupported source access constraints require adjudication""]}",True,
sha256:fdb25d83f05b104d0c73db6365aef56570be101959cf8333217bb12d72f83c46,FGDC-2973;FGDC-3201,otherwise_supported,True,held,"{""FGDC-2973"":[],""FGDC-3201"":[]}",True,
sha256:ff08f7a3e1e9895bd60895219c43aafee1c182a7defc98f6782f3986ef74bd5a,FGDC-2985;FGDC-3213,otherwise_supported,True,held,"{""FGDC-2985"":[],""FGDC-3213"":[]}",True,
sha256:ffee49ac0dc497ed873943ec907f06d870aa42d577a1c7a325e9cc8d9595c0ea,FGDC-2954;FGDC-3182,otherwise_supported,True,held,"{""FGDC-2954"":[],""FGDC-3182"":[]}",True,
