{
  "metadata": {
    "title": "Observed Patches of Walleye Pollock Eggs and Larvae in Shelikof Strait, Alaska: their Characteristics, Formation and Persistence",
    "upload_type": "dataset",
    "publication_date": "1996-01-01",
    "creators": [
      {
        "name": "National Oceanic",
        "type": "Organization"
      },
      {
        "name": "Atmospheric Administration (NOAA)",
        "type": "Organization"
      },
      {
        "name": "Office",
        "type": "Organization"
      }
    ],
    "description": "Using observations from 38 ichthyoplankton surveys conducted near Shelikof Strait, Alaska between 1979 and 1992, we characterized the horizontal distribution and spatial patchiness of the early life stages of walleye pollock (Theragra chalcogramma). Lloyd's index of patchiness ranged from 3.9-6.1 for eggs and 3.9-16.2 for larvae. This index was size (age) dependent: low for eggs, high for newly hatched larvae, then decreasing through late larval stage. By the early juvenile stage, patchiness increased as pollock began to school. The percent of larvae in a patch (defined as the percent of larvae present at stations where larval counts exceeded the mean by one standard deviation during the given survey) varied greatly (26-92%). Larval distributions were used to deduce physical mechanisms responsible for patches. Three categories of patches were identified: those created by interaction of larvae with time-dependent currents, those in the vicinity of Sutwik Island, and those associated with eddies. Simulation experiments were utilized to examine processes influencing patch formation and the role of larval swimming. Between 5 and 6 weeks after hatching, larvae have swimming abilities that enable them to maintain a patch already created by physical mechanisms.",
    "access_right": "open",
    "license": "cc-zero",
    "keywords": [
      "Fish",
      "Walleye Pollock Eggs and Larvae",
      "Shelikof Strait, Alaska",
      "Theragra Chalcogramma",
      "North Pacific Ocean"
    ],
    "notes": "Purpose: To profile the observed patches of walleye pollock eggs and larvae in Shelikof Strait, Alaska: their characteristics, formation and persistence\n\nStatus: Complete\n\nMaintenance frequency: None Planned\n\nAccess constraints: Contact Contributor\n\nUse constraints: Contact Contributor\n\nDistribution liability: While every effort has been made to ensure that these data are accurate and reliable within the limits of the current state of the art, NOAA cannot assume liability for any damages caused by any errors or omissions in the data, nor as a result of the failure of the data to function on a particular system. NOAA makes no warranty, expressed or implied, nor does the fact of distribution constitute such a warranty.\n\nFGDC metadata date: 20010220\nFGDC metadata contact: Kimberly Bahl\nFGDC metadata standard: Content Standards for Digital Geospatial Metadata (version: FGDC-STD-001-1998)",
    "related_identifiers": [],
    "contributors": [
      {
        "name": "Stabeno, Phyllis J.",
        "type": "ContactPerson"
      },
      {
        "name": "Stabeno, Phyllis J.",
        "type": "Distributor"
      },
      {
        "name": "North Pacific Marine Science Organization (PICES)",
        "type": "Distributor"
      }
    ],
    "references": [],
    "communities": [
      {
        "identifier": "pices"
      }
    ],
    "subjects": [
      {
        "term": "Fish",
        "identifier": "North Pacific Ecosystem Metadatabase:Fish",
        "scheme": "thesaurus"
      },
      {
        "term": "Walleye Pollock Eggs and Larvae",
        "identifier": "North Pacific Ecosystem Metadatabase:Walleye Pollock Eggs and Larvae",
        "scheme": "thesaurus"
      },
      {
        "term": "Shelikof Strait, Alaska",
        "identifier": "North Pacific Ecosystem Metadatabase:Shelikof Strait, Alaska",
        "scheme": "thesaurus"
      },
      {
        "term": "Theragra Chalcogramma",
        "identifier": "North Pacific Ecosystem Metadatabase:Theragra Chalcogramma",
        "scheme": "thesaurus"
      },
      {
        "term": "North Pacific Ocean",
        "identifier": "North Pacific Ecosystem Metadatabase:North Pacific Ocean",
        "scheme": "thesaurus"
      }
    ],
    "publisher": "North Pacific Marine Science Organization"
  },
  "original_fgdc_file": "FGDC-926.xml",
  "character_analysis": {
    "fgdc_total_chars": 5392,
    "fgdc_data_chars": 2013,
    "zenodo_total_chars": 4171,
    "zenodo_data_chars": 2538,
    "char_difference": 525,
    "char_ratio": 1.2608047690014903,
    "data_preservation_ratio": 1.2608047690014903
  },
  "enhanced_metrics": {
    "file_info": {
      "fgdc_size_bytes": 5392,
      "fgdc_size_kb": 5.27,
      "zenodo_size_bytes": 4171,
      "zenodo_size_kb": 4.07,
      "filename": "FGDC-926.xml",
      "timestamp": "2025-10-11T23:39:56.900654"
    },
    "data_preservation": {
      "content_preservation_ratio": 0.894,
      "field_preservation_ratio": 1.25,
      "semantic_preservation_score": 0.8938486663037561,
      "data_loss_indicators": [],
      "data_gain_indicators": [
        "Significant data enrichment: 79.9% additional structured content added"
      ],
      "content_enrichment_ratio": 0.799
    },
    "field_coverage": {
      "critical_fields_present": 4,
      "critical_fields_total": 4,
      "critical_fields_percentage": 100.0,
      "important_fields_present": 4,
      "important_fields_total": 4,
      "important_fields_percentage": 100.0,
      "optional_fields_present": 4,
      "optional_fields_total": 6,
      "optional_fields_percentage": 66.7,
      "total_fields_present": 12,
      "total_fields_possible": 14,
      "overall_coverage_percentage": 85.7,
      "weighted_coverage_score": 98.2,
      "missing_critical_fields": [],
      "missing_important_fields": [],
      "present_optional_fields": [
        "notes",
        "related_identifiers",
        "contributors",
        "references"
      ]
    },
    "data_quality": {
      "title_quality": {
        "score": 100,
        "issues": [],
        "grade": "A"
      },
      "creator_quality": {
        "score": 95,
        "issues": [
          "Creator 3 name format unclear"
        ],
        "grade": "A"
      },
      "description_quality": {
        "score": 100,
        "issues": [],
        "grade": "A"
      },
      "keyword_quality": {
        "score": 100,
        "issues": [],
        "grade": "A"
      },
      "date_quality": {
        "score": 100,
        "issues": [],
        "grade": "A"
      },
      "license_quality": {
        "score": 100,
        "issues": [],
        "grade": "A"
      },
      "overall_quality_score": 99.2,
      "quality_grade": "EXCELLENT"
    },
    "transformation_effectiveness": {
      "mapping_completeness": 15.3,
      "data_enrichment_score": 50.0,
      "format_compliance": 100.0,
      "semantic_accuracy": 85.0,
      "overall_effectiveness_score": 62.6,
      "field_mapping_breakdown": {
        "total_fgdc_fields": 59,
        "directly_mapped_fields": 9,
        "fields_in_notes": 50,
        "unmapped_fields": 0,
        "direct_mapping_percentage": 15.3,
        "notes_mapping_percentage": 84.7,
        "total_preservation_percentage": 100.0,
        "mapping_details": {
          "directly_mapped": [
            {
              "fgdc_field": "origin",
              "zenodo_field": "creators",
              "value": "National Oceanic and Atmospheric Administration (NOAA), Office of Oceanic and Atmospheric Research (..."
            },
            {
              "fgdc_field": "pubdate",
              "zenodo_field": "publication_date",
              "value": "1996"
            },
            {
              "fgdc_field": "title",
              "zenodo_field": "title",
              "value": "Observed Patches of Walleye Pollock Eggs and Larvae in Shelikof Strait, Alaska: their Characteristic..."
            },
            {
              "fgdc_field": "abstract",
              "zenodo_field": "description",
              "value": "Using observations from 38 ichthyoplankton surveys conducted near Shelikof Strait, Alaska between 19..."
            },
            {
              "fgdc_field": "themekey",
              "zenodo_field": "keywords",
              "value": "North Pacific Ocean"
            },
            {
              "fgdc_field": "themekey",
              "zenodo_field": "keywords",
              "value": "North Pacific Ocean"
            },
            {
              "fgdc_field": "themekey",
              "zenodo_field": "keywords",
              "value": "North Pacific Ocean"
            },
            {
              "fgdc_field": "themekey",
              "zenodo_field": "keywords",
              "value": "North Pacific Ocean"
            },
            {
              "fgdc_field": "themekey",
              "zenodo_field": "keywords",
              "value": "North Pacific Ocean"
            }
          ],
          "notes_mapped": [
            {
              "fgdc_field": "purpose",
              "reason": "Standard notes field",
              "value": "To profile the observed patches of walleye pollock eggs and larvae in Shelikof Strait, Alaska: their..."
            },
            {
              "fgdc_field": "begdate",
              "reason": "Standard notes field",
              "value": "19790101"
            },
            {
              "fgdc_field": "enddate",
              "reason": "Standard notes field",
              "value": "19921231"
            },
            {
              "fgdc_field": "current",
              "reason": "Standard notes field",
              "value": "Sample Date"
            },
            {
              "fgdc_field": "progress",
              "reason": "Standard notes field",
              "value": "Complete"
            },
            {
              "fgdc_field": "update",
              "reason": "Standard notes field",
              "value": "None Planned"
            },
            {
              "fgdc_field": "westbc",
              "reason": "Standard notes field",
              "value": "-154.5"
            },
            {
              "fgdc_field": "eastbc",
              "reason": "Standard notes field",
              "value": "-153"
            },
            {
              "fgdc_field": "northbc",
              "reason": "Standard notes field",
              "value": "58.5"
            },
            {
              "fgdc_field": "southbc",
              "reason": "Standard notes field",
              "value": "56.83"
            },
            {
              "fgdc_field": "themekt",
              "reason": "Standard notes field",
              "value": "Other"
            },
            {
              "fgdc_field": "themekt",
              "reason": "Standard notes field",
              "value": "Other"
            },
            {
              "fgdc_field": "accconst",
              "reason": "Standard notes field",
              "value": "Contact Contributor"
            },
            {
              "fgdc_field": "useconst",
              "reason": "Standard notes field",
              "value": "Contact Contributor"
            },
            {
              "fgdc_field": "cntper",
              "reason": "Standard notes field",
              "value": "Kimberly Bahl"
            },
            {
              "fgdc_field": "addrtype",
              "reason": "Standard notes field",
              "value": "Mailing and Physical Address"
            },
            {
              "fgdc_field": "address",
              "reason": "Standard notes field",
              "value": "NOAA / AFSC / PMEL, 7600 Sand Point Way N.E."
            },
            {
              "fgdc_field": "city",
              "reason": "Standard notes field",
              "value": "Seattle"
            },
            {
              "fgdc_field": "state",
              "reason": "Standard notes field",
              "value": "WA"
            },
            {
              "fgdc_field": "postal",
              "reason": "Standard notes field",
              "value": "98115"
            },
            {
              "fgdc_field": "country",
              "reason": "Standard notes field",
              "value": "USA"
            },
            {
              "fgdc_field": "cntvoice",
              "reason": "Standard notes field",
              "value": "206-526-4314"
            },
            {
              "fgdc_field": "cntfax",
              "reason": "Standard notes field",
              "value": "206-526-6485"
            },
            {
              "fgdc_field": "cntemail",
              "reason": "Standard notes field",
              "value": "kimberly.bahl@noaa.gov"
            },
            {
              "fgdc_field": "cntper",
              "reason": "Standard notes field",
              "value": "Kimberly Bahl"
            },
            {
              "fgdc_field": "addrtype",
              "reason": "Standard notes field",
              "value": "Mailing and Physical Address"
            },
            {
              "fgdc_field": "address",
              "reason": "Standard notes field",
              "value": "NOAA / AFSC / PMEL, 7600 Sand Point Way N.E."
            },
            {
              "fgdc_field": "city",
              "reason": "Standard notes field",
              "value": "Seattle"
            },
            {
              "fgdc_field": "state",
              "reason": "Standard notes field",
              "value": "WA"
            },
            {
              "fgdc_field": "postal",
              "reason": "Standard notes field",
              "value": "98115"
            },
            {
              "fgdc_field": "country",
              "reason": "Standard notes field",
              "value": "USA"
            },
            {
              "fgdc_field": "cntvoice",
              "reason": "Standard notes field",
              "value": "206-526-4314"
            },
            {
              "fgdc_field": "cntfax",
              "reason": "Standard notes field",
              "value": "206-526-6485"
            },
            {
              "fgdc_field": "cntemail",
              "reason": "Standard notes field",
              "value": "kimberly.bahl@noaa.gov"
            },
            {
              "fgdc_field": "distliab",
              "reason": "Standard notes field",
              "value": "While every effort has been made to ensure that these data are accurate and reliable within the limi..."
            },
            {
              "fgdc_field": "metd",
              "reason": "Standard notes field",
              "value": "20010220"
            },
            {
              "fgdc_field": "cntper",
              "reason": "Standard notes field",
              "value": "Kimberly Bahl"
            },
            {
              "fgdc_field": "addrtype",
              "reason": "Standard notes field",
              "value": "Mailing and Physical Address"
            },
            {
              "fgdc_field": "address",
              "reason": "Standard notes field",
              "value": "NOAA / AFSC / PMEL, 7600 Sand Point Way N.E."
            },
            {
              "fgdc_field": "city",
              "reason": "Standard notes field",
              "value": "Seattle"
            },
            {
              "fgdc_field": "state",
              "reason": "Standard notes field",
              "value": "WA"
            },
            {
              "fgdc_field": "postal",
              "reason": "Standard notes field",
              "value": "98115"
            },
            {
              "fgdc_field": "country",
              "reason": "Standard notes field",
              "value": "USA"
            },
            {
              "fgdc_field": "cntvoice",
              "reason": "Standard notes field",
              "value": "206-526-4314"
            },
            {
              "fgdc_field": "cntfax",
              "reason": "Standard notes field",
              "value": "206-526-6485"
            },
            {
              "fgdc_field": "cntemail",
              "reason": "Standard notes field",
              "value": "kimberly.bahl@noaa.gov"
            },
            {
              "fgdc_field": "metstdn",
              "reason": "Standard notes field",
              "value": "Content Standards for Digital Geospatial Metadata"
            },
            {
              "fgdc_field": "metstdv",
              "reason": "Standard notes field",
              "value": "FGDC-STD-001-1998"
            },
            {
              "fgdc_field": "metac",
              "reason": "Standard notes field",
              "value": "Contact Contributor"
            },
            {
              "fgdc_field": "metuc",
              "reason": "Standard notes field",
              "value": "Contact Contributor"
            }
          ],
          "unmapped": []
        }
      }
    },
    "compliance": {
      "zenodo_required_fields": 4,
      "zenodo_required_total": 4,
      "zenodo_required_percentage": 100.0,
      "zenodo_recommended_fields": 6,
      "zenodo_recommended_total": 6,
      "zenodo_recommended_percentage": 100.0,
      "pices_community_present": true,
      "open_access_compliant": true,
      "license_compliant": true,
      "overall_compliance_score": 100.0
    },
    "overall_score": 90.1,
    "overall_grade": "GOOD"
  },
  "files": [
    {
      "path": "output/data/original_fgdc/FGDC-926.xml",
      "description": "Original FGDC metadata XML",
      "type": "fgdc_xml"
    }
  ]
}