{
  "metadata": {
    "title": "Non-salmonid Sampling Data Collected Aboard the R/V",
    "upload_type": "dataset",
    "publication_date": "2005-02-25",
    "creators": [
      {
        "name": "Tanaka, Hideji"
      },
      {
        "name": "Navis, Nancy"
      },
      {
        "name": "Onuma, Takeshi"
      },
      {
        "name": "Yamada, Makoto"
      },
      {
        "name": "Yamamoto, Yuzo"
      },
      {
        "name": "Tsuchiya, Sadamasa"
      },
      {
        "name": "North Pacific Anadromous Fish Commission (NPAFC)",
        "type": "Organization"
      }
    ],
    "description": "Dataset: Non-salmonid Sampling Data Collected Aboard the R/V",
    "access_right": "open",
    "license": "cc-zero",
    "keywords": [
      "Fish",
      "Central North Pacific Ocean",
      "Bering Sea",
      "Non-salmonids",
      "Gillnet",
      "Longline",
      "North Pacific Ocean"
    ],
    "notes": "Purpose: \n\nStatus: Complete\n\nMaintenance frequency: Unknown\n\nAccess constraints: None\n\nUse constraints: Check with Source.\n\nDistribution liability: While every effort has been made to ensure that these data are accurate and reliable within the limits of the current state of the art, NOAA cannot assume liability for any damages caused by any errors or omissions in the data, nor as a result of the failure of the data to function on a particular system. NOAA makes no warranty, expressed or implied, nor does the fact of distribution constitute such a warranty.\n\nFGDC metadata date: 20050225\nFGDC metadata contact: Kimberly Bahl\nFGDC metadata standard: Content Standards for Digital Geospatial Metadata (version: FGDC-STD-001-1998)",
    "related_identifiers": [],
    "contributors": [
      {
        "name": "Secretariat, NPAFC",
        "type": "ContactPerson"
      },
      {
        "name": "Secretariat, NPAFC",
        "type": "Distributor"
      },
      {
        "name": "North Pacific Marine Science Organization (PICES)",
        "type": "Distributor"
      }
    ],
    "references": [],
    "communities": [
      {
        "identifier": "pices"
      }
    ],
    "subjects": [
      {
        "term": "Fish",
        "identifier": "North Pacific Ecosystem Metadatabase:Fish",
        "scheme": "thesaurus"
      },
      {
        "term": "Central North Pacific Ocean",
        "identifier": "North Pacific Ecosystem Metadatabase:Central North Pacific Ocean",
        "scheme": "thesaurus"
      },
      {
        "term": "Bering Sea",
        "identifier": "North Pacific Ecosystem Metadatabase:Bering Sea",
        "scheme": "thesaurus"
      },
      {
        "term": "Non-salmonids",
        "identifier": "North Pacific Ecosystem Metadatabase:Non-salmonids",
        "scheme": "thesaurus"
      },
      {
        "term": "Gillnet",
        "identifier": "North Pacific Ecosystem Metadatabase:Gillnet",
        "scheme": "thesaurus"
      },
      {
        "term": "Longline",
        "identifier": "North Pacific Ecosystem Metadatabase:Longline",
        "scheme": "thesaurus"
      },
      {
        "term": "North Pacific Ocean",
        "identifier": "North Pacific Ecosystem Metadatabase:North Pacific Ocean",
        "scheme": "thesaurus"
      }
    ],
    "publisher": "North Pacific Marine Science Organization"
  },
  "original_fgdc_file": "FGDC-3804.xml",
  "character_analysis": {
    "fgdc_total_chars": 7435,
    "fgdc_data_chars": 472,
    "zenodo_total_chars": 3079,
    "zenodo_data_chars": 1150,
    "char_difference": 678,
    "char_ratio": 2.4364406779661016,
    "data_preservation_ratio": 2.4364406779661016
  },
  "enhanced_metrics": {
    "file_info": {
      "fgdc_size_bytes": 7435,
      "fgdc_size_kb": 7.26,
      "zenodo_size_bytes": 3079,
      "zenodo_size_kb": 3.01,
      "filename": "FGDC-3804.xml",
      "timestamp": "2025-10-11T23:39:51.135272"
    },
    "data_preservation": {
      "content_preservation_ratio": 1.269,
      "field_preservation_ratio": 1.25,
      "semantic_preservation_score": 1.0,
      "data_loss_indicators": [],
      "data_gain_indicators": [
        "Significant data enrichment: 440.1% additional structured content added"
      ],
      "content_enrichment_ratio": 4.401
    },
    "field_coverage": {
      "critical_fields_present": 4,
      "critical_fields_total": 4,
      "critical_fields_percentage": 100.0,
      "important_fields_present": 4,
      "important_fields_total": 4,
      "important_fields_percentage": 100.0,
      "optional_fields_present": 4,
      "optional_fields_total": 6,
      "optional_fields_percentage": 66.7,
      "total_fields_present": 12,
      "total_fields_possible": 14,
      "overall_coverage_percentage": 85.7,
      "weighted_coverage_score": 98.2,
      "missing_critical_fields": [],
      "missing_important_fields": [],
      "present_optional_fields": [
        "notes",
        "related_identifiers",
        "contributors",
        "references"
      ]
    },
    "data_quality": {
      "title_quality": {
        "score": 100,
        "issues": [],
        "grade": "A"
      },
      "creator_quality": {
        "score": 100,
        "issues": [],
        "grade": "A"
      },
      "description_quality": {
        "score": 85,
        "issues": [
          "Description should have multiple sentences"
        ],
        "grade": "B"
      },
      "keyword_quality": {
        "score": 100,
        "issues": [],
        "grade": "A"
      },
      "date_quality": {
        "score": 100,
        "issues": [],
        "grade": "A"
      },
      "license_quality": {
        "score": 100,
        "issues": [],
        "grade": "A"
      },
      "overall_quality_score": 97.5,
      "quality_grade": "EXCELLENT"
    },
    "transformation_effectiveness": {
      "mapping_completeness": 14.5,
      "data_enrichment_score": 50.0,
      "format_compliance": 100.0,
      "semantic_accuracy": 85.0,
      "overall_effectiveness_score": 62.4,
      "field_mapping_breakdown": {
        "total_fgdc_fields": 69,
        "directly_mapped_fields": 10,
        "fields_in_notes": 59,
        "unmapped_fields": 0,
        "direct_mapping_percentage": 14.5,
        "notes_mapping_percentage": 85.5,
        "total_preservation_percentage": 100.0,
        "mapping_details": {
          "directly_mapped": [
            {
              "fgdc_field": "origin",
              "zenodo_field": "creators",
              "value": "Hideji Tanaka, Nancy Navis, Takeshi Onuma, Makoto Yamada, Yuzo Yamamoto, and Sadamasa Tsuchiya of Ho..."
            },
            {
              "fgdc_field": "pubdate",
              "zenodo_field": "publication_date",
              "value": "Unknown"
            },
            {
              "fgdc_field": "title",
              "zenodo_field": "title",
              "value": "Non-salmonid Sampling Data Collected Aboard the R/V"
            },
            {
              "fgdc_field": "themekey",
              "zenodo_field": "keywords",
              "value": "North Pacific Ocean"
            },
            {
              "fgdc_field": "themekey",
              "zenodo_field": "keywords",
              "value": "North Pacific Ocean"
            },
            {
              "fgdc_field": "themekey",
              "zenodo_field": "keywords",
              "value": "North Pacific Ocean"
            },
            {
              "fgdc_field": "themekey",
              "zenodo_field": "keywords",
              "value": "North Pacific Ocean"
            },
            {
              "fgdc_field": "themekey",
              "zenodo_field": "keywords",
              "value": "North Pacific Ocean"
            },
            {
              "fgdc_field": "themekey",
              "zenodo_field": "keywords",
              "value": "North Pacific Ocean"
            },
            {
              "fgdc_field": "themekey",
              "zenodo_field": "keywords",
              "value": "North Pacific Ocean"
            }
          ],
          "notes_mapped": [
            {
              "fgdc_field": "em",
              "reason": "Found in notes or other fields",
              "value": "Oncorhynchus"
            },
            {
              "fgdc_field": "p",
              "reason": "Found in notes or other fields",
              "value": "To monitor the stock condition of salmon ("
            },
            {
              "fgdc_field": "p",
              "reason": "Found in notes or other fields",
              "value": "To monitor the stock condition of salmon ("
            },
            {
              "fgdc_field": "em",
              "reason": "Found in notes or other fields",
              "value": "Oncorhynchus"
            },
            {
              "fgdc_field": "em",
              "reason": "Found in notes or other fields",
              "value": "Oncorhynchus"
            },
            {
              "fgdc_field": "p",
              "reason": "Found in notes or other fields",
              "value": "To monitor the stock condition of salmon ("
            },
            {
              "fgdc_field": "p",
              "reason": "Found in notes or other fields",
              "value": "To monitor the stock condition of salmon ("
            },
            {
              "fgdc_field": "em",
              "reason": "Found in notes or other fields",
              "value": "Oncorhynchus"
            },
            {
              "fgdc_field": "p",
              "reason": "Found in notes or other fields",
              "value": "To monitor the stock condition of salmon ("
            },
            {
              "fgdc_field": "em",
              "reason": "Found in notes or other fields",
              "value": "Oncorhynchus"
            },
            {
              "fgdc_field": "begdate",
              "reason": "Standard notes field",
              "value": "20020608"
            },
            {
              "fgdc_field": "enddate",
              "reason": "Standard notes field",
              "value": "20020721"
            },
            {
              "fgdc_field": "current",
              "reason": "Standard notes field",
              "value": "Sample Date"
            },
            {
              "fgdc_field": "progress",
              "reason": "Standard notes field",
              "value": "Complete"
            },
            {
              "fgdc_field": "update",
              "reason": "Standard notes field",
              "value": "Unknown"
            },
            {
              "fgdc_field": "westbc",
              "reason": "Standard notes field",
              "value": "150"
            },
            {
              "fgdc_field": "eastbc",
              "reason": "Standard notes field",
              "value": "-178"
            },
            {
              "fgdc_field": "northbc",
              "reason": "Standard notes field",
              "value": "58.5"
            },
            {
              "fgdc_field": "southbc",
              "reason": "Standard notes field",
              "value": "39"
            },
            {
              "fgdc_field": "themekt",
              "reason": "Standard notes field",
              "value": "Other"
            },
            {
              "fgdc_field": "themekt",
              "reason": "Standard notes field",
              "value": "Other"
            },
            {
              "fgdc_field": "accconst",
              "reason": "Standard notes field",
              "value": "None"
            },
            {
              "fgdc_field": "useconst",
              "reason": "Standard notes field",
              "value": "Check with Source."
            },
            {
              "fgdc_field": "cntper",
              "reason": "Standard notes field",
              "value": "Kimberly Bahl"
            },
            {
              "fgdc_field": "addrtype",
              "reason": "Standard notes field",
              "value": "Mailing and Physical Address"
            },
            {
              "fgdc_field": "address",
              "reason": "Standard notes field",
              "value": "NOAA / AFSC / PMEL, 7600 Sand Point Way N.E."
            },
            {
              "fgdc_field": "city",
              "reason": "Standard notes field",
              "value": "Seattle"
            },
            {
              "fgdc_field": "state",
              "reason": "Standard notes field",
              "value": "WA"
            },
            {
              "fgdc_field": "postal",
              "reason": "Standard notes field",
              "value": "98115"
            },
            {
              "fgdc_field": "country",
              "reason": "Standard notes field",
              "value": "USA"
            },
            {
              "fgdc_field": "cntvoice",
              "reason": "Standard notes field",
              "value": "206-526-4314"
            },
            {
              "fgdc_field": "cntfax",
              "reason": "Standard notes field",
              "value": "206-526-6485"
            },
            {
              "fgdc_field": "cntemail",
              "reason": "Standard notes field",
              "value": "kimberly.bahl@noaa.gov"
            },
            {
              "fgdc_field": "cntper",
              "reason": "Standard notes field",
              "value": "Kimberly Bahl"
            },
            {
              "fgdc_field": "addrtype",
              "reason": "Standard notes field",
              "value": "Mailing and Physical Address"
            },
            {
              "fgdc_field": "address",
              "reason": "Standard notes field",
              "value": "NOAA / AFSC / PMEL, 7600 Sand Point Way N.E."
            },
            {
              "fgdc_field": "city",
              "reason": "Standard notes field",
              "value": "Seattle"
            },
            {
              "fgdc_field": "state",
              "reason": "Standard notes field",
              "value": "WA"
            },
            {
              "fgdc_field": "postal",
              "reason": "Standard notes field",
              "value": "98115"
            },
            {
              "fgdc_field": "country",
              "reason": "Standard notes field",
              "value": "USA"
            },
            {
              "fgdc_field": "cntvoice",
              "reason": "Standard notes field",
              "value": "206-526-4314"
            },
            {
              "fgdc_field": "cntfax",
              "reason": "Standard notes field",
              "value": "206-526-6485"
            },
            {
              "fgdc_field": "cntemail",
              "reason": "Standard notes field",
              "value": "kimberly.bahl@noaa.gov"
            },
            {
              "fgdc_field": "distliab",
              "reason": "Standard notes field",
              "value": "While every effort has been made to ensure that these data are accurate and reliable within the limi..."
            },
            {
              "fgdc_field": "metd",
              "reason": "Standard notes field",
              "value": "20050225"
            },
            {
              "fgdc_field": "cntper",
              "reason": "Standard notes field",
              "value": "Kimberly Bahl"
            },
            {
              "fgdc_field": "addrtype",
              "reason": "Standard notes field",
              "value": "Mailing and Physical Address"
            },
            {
              "fgdc_field": "address",
              "reason": "Standard notes field",
              "value": "NOAA / AFSC / PMEL, 7600 Sand Point Way N.E."
            },
            {
              "fgdc_field": "city",
              "reason": "Standard notes field",
              "value": "Seattle"
            },
            {
              "fgdc_field": "state",
              "reason": "Standard notes field",
              "value": "WA"
            },
            {
              "fgdc_field": "postal",
              "reason": "Standard notes field",
              "value": "98115"
            },
            {
              "fgdc_field": "country",
              "reason": "Standard notes field",
              "value": "USA"
            },
            {
              "fgdc_field": "cntvoice",
              "reason": "Standard notes field",
              "value": "206-526-4314"
            },
            {
              "fgdc_field": "cntfax",
              "reason": "Standard notes field",
              "value": "206-526-6485"
            },
            {
              "fgdc_field": "cntemail",
              "reason": "Standard notes field",
              "value": "kimberly.bahl@noaa.gov"
            },
            {
              "fgdc_field": "metstdn",
              "reason": "Standard notes field",
              "value": "Content Standards for Digital Geospatial Metadata"
            },
            {
              "fgdc_field": "metstdv",
              "reason": "Standard notes field",
              "value": "FGDC-STD-001-1998"
            },
            {
              "fgdc_field": "metac",
              "reason": "Standard notes field",
              "value": "None"
            },
            {
              "fgdc_field": "metuc",
              "reason": "Standard notes field",
              "value": "Check with Source."
            }
          ],
          "unmapped": []
        }
      }
    },
    "compliance": {
      "zenodo_required_fields": 4,
      "zenodo_required_total": 4,
      "zenodo_required_percentage": 100.0,
      "zenodo_recommended_fields": 6,
      "zenodo_recommended_total": 6,
      "zenodo_recommended_percentage": 100.0,
      "pices_community_present": true,
      "open_access_compliant": true,
      "license_compliant": true,
      "overall_compliance_score": 100.0
    },
    "overall_score": 102.8,
    "overall_grade": "EXCELLENT"
  },
  "files": [
    {
      "path": "output/data/original_fgdc/FGDC-3804.xml",
      "description": "Original FGDC metadata XML",
      "type": "fgdc_xml"
    }
  ]
}