{
  "metadata": {
    "title": "Breeding and Population Ecology of Seabirds at Semidi Islands, Alaska - 1981",
    "upload_type": "dataset",
    "publication_date": "1220-03-01",
    "creators": [
      {
        "name": "Council, Exxon Valdez Oil Spill Trustee"
      },
      {
        "name": "Bodkin, James"
      }
    ],
    "description": "This report references diet and morphometrics data of fish species (Ammodytes hexapterus) and diet, population abundance, and production data of nearshore bird communities from Semidi Islands, Alaska Peninsula.\n\n  The aforementioned data are referenced in citation: Hatch, S.A. and M.A. Hatch.  1981.  Breeding and population ecology of seabirds at Semidi Islands, Alaska.  U.S. Fish and Wildl. Serv., Northwest Fish. Res. Cent. Mar. Bird Sect.,  Anchorage, Alaska.\n\n  This literature was collected as part of a metadatabase that represents one or more nearshore resources (from physical attributes such as water and air, to birds and mammals).  Each entry is viewable in three formats, 1) a geospatial explicit format (ArcView 3.3) named GIS ArcView 3.3 Near GEM project, 2) a spreadsheet format (Excel 2002 and within ArcView) named GEM Nearshore Metadata Set, and 3) a ProCite database named GEM Nearshore Metadata References, which consists of references included in 1 and 2 above.  The ProCite database record number corresponds to the Excel Procite Number.  Reference Procite #433 for this literature's metadata.\n\n  The metadata are maintained in digital format (ArcView 3.3, Excel 2002, and Procite) and are available from the Alaska Science Center, USGS in Anchorage, Alaska.\n\n  For a detailed description of the three databases and the project, see \"Bodkin, J. L., and T. Dean.  2003.  Alternative Sampling Designs for Nearshore Monitoring (Gulf Ecosystem Monitoring and Research Project G-030687), US Geological Survey, Alaska Science Center, Anchorage, Alaska.\" available on-line at http://www.evostc.state.ak.us/pdf/GEM_final_reports/030687.pdf.",
    "access_right": "open",
    "license": "cc-zero",
    "keywords": [
      "Birds",
      "Fish",
      "Alaska Peninsula",
      "Semidi Islands, Alaska",
      "Diet",
      "Nearshore Bird Communities",
      "Population Abundance",
      "Fish Species (Ammodytes hexapterus)",
      "Morphometry",
      "North Pacific Ocean"
    ],
    "notes": "Purpose: Part of the design effort of the \"Alternative Sampling Designs for Nearshore Monitoring\" (Gulf Ecosystem Monitoring and Research Project).  Provides a comprehensive historical perspective of locations and types of past studies conducted in the nearshore marine communities within Gulf of Alaska in the form of a geographical information system database.\n\nStatus: Complete\n\nMaintenance frequency: Unknown\n\nAccess constraints: Contact Source.\n\nUse constraints: Contact Source.\n\nDistribution liability: While every effort has been made to ensure that these data are accurate and reliable within the limits of the current state of the art, NOAA cannot assume liability for any damages caused by any errors or omissions in the data, nor as a result of the failure of the data to function on a particular system. NOAA makes no warranty, expressed or implied, nor does the fact of distribution constitute such a warranty.\n\nFGDC metadata date: 20040723\nFGDC metadata contact: Kimberly Bahl\nFGDC metadata standard: Content Standards for Digital Geospatial Metadata (version: FGDC-STD-001-1998)",
    "related_identifiers": [],
    "contributors": [
      {
        "name": "Bodkin, James L.",
        "type": "ContactPerson"
      },
      {
        "name": "Bodkin, James L.",
        "type": "Distributor"
      },
      {
        "name": "North Pacific Marine Science Organization (PICES)",
        "type": "Distributor"
      }
    ],
    "references": [],
    "communities": [
      {
        "identifier": "pices"
      }
    ],
    "subjects": [
      {
        "term": "Birds",
        "identifier": "North Pacific Ecosystem Metadatabase:Birds",
        "scheme": "thesaurus"
      },
      {
        "term": "Fish",
        "identifier": "North Pacific Ecosystem Metadatabase:Fish",
        "scheme": "thesaurus"
      },
      {
        "term": "Alaska Peninsula",
        "identifier": "North Pacific Ecosystem Metadatabase:Alaska Peninsula",
        "scheme": "thesaurus"
      },
      {
        "term": "Semidi Islands, Alaska",
        "identifier": "North Pacific Ecosystem Metadatabase:Semidi Islands, Alaska",
        "scheme": "thesaurus"
      },
      {
        "term": "Diet",
        "identifier": "North Pacific Ecosystem Metadatabase:Diet",
        "scheme": "thesaurus"
      },
      {
        "term": "Nearshore Bird Communities",
        "identifier": "North Pacific Ecosystem Metadatabase:Nearshore Bird Communities",
        "scheme": "thesaurus"
      },
      {
        "term": "Population Abundance",
        "identifier": "North Pacific Ecosystem Metadatabase:Population Abundance",
        "scheme": "thesaurus"
      },
      {
        "term": "Fish Species (Ammodytes hexapterus)",
        "identifier": "North Pacific Ecosystem Metadatabase:Fish Species (Ammodytes hexapterus)",
        "scheme": "thesaurus"
      },
      {
        "term": "Morphometry",
        "identifier": "North Pacific Ecosystem Metadatabase:Morphometry",
        "scheme": "thesaurus"
      },
      {
        "term": "North Pacific Ocean",
        "identifier": "North Pacific Ecosystem Metadatabase:North Pacific Ocean",
        "scheme": "thesaurus"
      }
    ],
    "publisher": "North Pacific Marine Science Organization"
  },
  "original_fgdc_file": "FGDC-3127.xml",
  "character_analysis": {
    "fgdc_total_chars": 6129,
    "fgdc_data_chars": 2634,
    "zenodo_total_chars": 5414,
    "zenodo_data_chars": 3121,
    "char_difference": 487,
    "char_ratio": 1.1848899012908125,
    "data_preservation_ratio": 1.1848899012908125
  },
  "enhanced_metrics": {
    "file_info": {
      "fgdc_size_bytes": 6129,
      "fgdc_size_kb": 5.99,
      "zenodo_size_bytes": 5414,
      "zenodo_size_kb": 5.29,
      "filename": "FGDC-3127.xml",
      "timestamp": "2025-10-11T23:39:47.088709"
    },
    "data_preservation": {
      "content_preservation_ratio": 0.811,
      "field_preservation_ratio": 0.882,
      "semantic_preservation_score": 0.8105476673427991,
      "data_loss_indicators": [],
      "data_gain_indicators": [
        "Significant data enrichment: 81.8% additional structured content added"
      ],
      "content_enrichment_ratio": 0.818
    },
    "field_coverage": {
      "critical_fields_present": 4,
      "critical_fields_total": 4,
      "critical_fields_percentage": 100.0,
      "important_fields_present": 4,
      "important_fields_total": 4,
      "important_fields_percentage": 100.0,
      "optional_fields_present": 4,
      "optional_fields_total": 6,
      "optional_fields_percentage": 66.7,
      "total_fields_present": 12,
      "total_fields_possible": 14,
      "overall_coverage_percentage": 85.7,
      "weighted_coverage_score": 98.2,
      "missing_critical_fields": [],
      "missing_important_fields": [],
      "present_optional_fields": [
        "notes",
        "related_identifiers",
        "contributors",
        "references"
      ]
    },
    "data_quality": {
      "title_quality": {
        "score": 100,
        "issues": [],
        "grade": "A"
      },
      "creator_quality": {
        "score": 100,
        "issues": [],
        "grade": "A"
      },
      "description_quality": {
        "score": 100,
        "issues": [],
        "grade": "A"
      },
      "keyword_quality": {
        "score": 100,
        "issues": [],
        "grade": "A"
      },
      "date_quality": {
        "score": 70,
        "issues": [
          "Date too early"
        ],
        "grade": "C"
      },
      "license_quality": {
        "score": 100,
        "issues": [],
        "grade": "A"
      },
      "overall_quality_score": 95.0,
      "quality_grade": "EXCELLENT"
    },
    "transformation_effectiveness": {
      "mapping_completeness": 23.0,
      "data_enrichment_score": 50.0,
      "format_compliance": 100.0,
      "semantic_accuracy": 85.0,
      "overall_effectiveness_score": 64.5,
      "field_mapping_breakdown": {
        "total_fgdc_fields": 61,
        "directly_mapped_fields": 14,
        "fields_in_notes": 46,
        "unmapped_fields": 1,
        "direct_mapping_percentage": 23.0,
        "notes_mapping_percentage": 75.4,
        "total_preservation_percentage": 98.4,
        "mapping_details": {
          "directly_mapped": [
            {
              "fgdc_field": "origin",
              "zenodo_field": "creators",
              "value": "Exxon Valdez Oil Spill Trustee Council, James Bodkin of the U.S. Geological Survey, Anchorage, Alask..."
            },
            {
              "fgdc_field": "pubdate",
              "zenodo_field": "publication_date",
              "value": "122003"
            },
            {
              "fgdc_field": "title",
              "zenodo_field": "title",
              "value": "Breeding and Population Ecology of Seabirds at Semidi Islands, Alaska - 1981"
            },
            {
              "fgdc_field": "abstract",
              "zenodo_field": "description",
              "value": "This report references diet and morphometrics data of fish species (Ammodytes hexapterus) and diet, ..."
            },
            {
              "fgdc_field": "themekey",
              "zenodo_field": "keywords",
              "value": "North Pacific Ocean"
            },
            {
              "fgdc_field": "themekey",
              "zenodo_field": "keywords",
              "value": "North Pacific Ocean"
            },
            {
              "fgdc_field": "themekey",
              "zenodo_field": "keywords",
              "value": "North Pacific Ocean"
            },
            {
              "fgdc_field": "themekey",
              "zenodo_field": "keywords",
              "value": "North Pacific Ocean"
            },
            {
              "fgdc_field": "themekey",
              "zenodo_field": "keywords",
              "value": "North Pacific Ocean"
            },
            {
              "fgdc_field": "themekey",
              "zenodo_field": "keywords",
              "value": "North Pacific Ocean"
            },
            {
              "fgdc_field": "themekey",
              "zenodo_field": "keywords",
              "value": "North Pacific Ocean"
            },
            {
              "fgdc_field": "themekey",
              "zenodo_field": "keywords",
              "value": "North Pacific Ocean"
            },
            {
              "fgdc_field": "themekey",
              "zenodo_field": "keywords",
              "value": "North Pacific Ocean"
            },
            {
              "fgdc_field": "themekey",
              "zenodo_field": "keywords",
              "value": "North Pacific Ocean"
            }
          ],
          "notes_mapped": [
            {
              "fgdc_field": "purpose",
              "reason": "Standard notes field",
              "value": "Part of the design effort of the \"Alternative Sampling Designs for Nearshore Monitoring\" (Gulf Ecosy..."
            },
            {
              "fgdc_field": "current",
              "reason": "Standard notes field",
              "value": "Sample Date"
            },
            {
              "fgdc_field": "progress",
              "reason": "Standard notes field",
              "value": "Complete"
            },
            {
              "fgdc_field": "update",
              "reason": "Standard notes field",
              "value": "Unknown"
            },
            {
              "fgdc_field": "westbc",
              "reason": "Standard notes field",
              "value": "-156.67"
            },
            {
              "fgdc_field": "eastbc",
              "reason": "Standard notes field",
              "value": "-156.67"
            },
            {
              "fgdc_field": "northbc",
              "reason": "Standard notes field",
              "value": "56.05"
            },
            {
              "fgdc_field": "southbc",
              "reason": "Standard notes field",
              "value": "56.05"
            },
            {
              "fgdc_field": "themekt",
              "reason": "Standard notes field",
              "value": "Other"
            },
            {
              "fgdc_field": "themekt",
              "reason": "Standard notes field",
              "value": "Other"
            },
            {
              "fgdc_field": "accconst",
              "reason": "Standard notes field",
              "value": "Contact Source."
            },
            {
              "fgdc_field": "useconst",
              "reason": "Standard notes field",
              "value": "Contact Source."
            },
            {
              "fgdc_field": "cntper",
              "reason": "Standard notes field",
              "value": "Kimberly Bahl"
            },
            {
              "fgdc_field": "addrtype",
              "reason": "Standard notes field",
              "value": "Mailing and Physical Address"
            },
            {
              "fgdc_field": "address",
              "reason": "Standard notes field",
              "value": "NOAA / AFSC / PMEL, 7600 Sand Point Way N.E."
            },
            {
              "fgdc_field": "city",
              "reason": "Standard notes field",
              "value": "Seattle"
            },
            {
              "fgdc_field": "state",
              "reason": "Standard notes field",
              "value": "WA"
            },
            {
              "fgdc_field": "postal",
              "reason": "Standard notes field",
              "value": "98115"
            },
            {
              "fgdc_field": "country",
              "reason": "Standard notes field",
              "value": "USA"
            },
            {
              "fgdc_field": "cntvoice",
              "reason": "Standard notes field",
              "value": "206-526-4314"
            },
            {
              "fgdc_field": "cntemail",
              "reason": "Standard notes field",
              "value": "kimberly.bahl@noaa.gov"
            },
            {
              "fgdc_field": "cntper",
              "reason": "Standard notes field",
              "value": "Kimberly Bahl"
            },
            {
              "fgdc_field": "addrtype",
              "reason": "Standard notes field",
              "value": "Mailing and Physical Address"
            },
            {
              "fgdc_field": "address",
              "reason": "Standard notes field",
              "value": "NOAA / AFSC / PMEL, 7600 Sand Point Way N.E."
            },
            {
              "fgdc_field": "city",
              "reason": "Standard notes field",
              "value": "Seattle"
            },
            {
              "fgdc_field": "state",
              "reason": "Standard notes field",
              "value": "WA"
            },
            {
              "fgdc_field": "postal",
              "reason": "Standard notes field",
              "value": "98115"
            },
            {
              "fgdc_field": "country",
              "reason": "Standard notes field",
              "value": "USA"
            },
            {
              "fgdc_field": "cntvoice",
              "reason": "Standard notes field",
              "value": "206-526-4314"
            },
            {
              "fgdc_field": "cntemail",
              "reason": "Standard notes field",
              "value": "kimberly.bahl@noaa.gov"
            },
            {
              "fgdc_field": "distliab",
              "reason": "Standard notes field",
              "value": "While every effort has been made to ensure that these data are accurate and reliable within the limi..."
            },
            {
              "fgdc_field": "metd",
              "reason": "Standard notes field",
              "value": "20040723"
            },
            {
              "fgdc_field": "cntper",
              "reason": "Standard notes field",
              "value": "Kimberly Bahl"
            },
            {
              "fgdc_field": "addrtype",
              "reason": "Standard notes field",
              "value": "Mailing and Physical Address"
            },
            {
              "fgdc_field": "address",
              "reason": "Standard notes field",
              "value": "NOAA / AFSC / PMEL, 7600 Sand Point Way N.E."
            },
            {
              "fgdc_field": "city",
              "reason": "Standard notes field",
              "value": "Seattle"
            },
            {
              "fgdc_field": "state",
              "reason": "Standard notes field",
              "value": "WA"
            },
            {
              "fgdc_field": "postal",
              "reason": "Standard notes field",
              "value": "98115"
            },
            {
              "fgdc_field": "country",
              "reason": "Standard notes field",
              "value": "USA"
            },
            {
              "fgdc_field": "cntvoice",
              "reason": "Standard notes field",
              "value": "206-526-4314"
            },
            {
              "fgdc_field": "cntfax",
              "reason": "Standard notes field",
              "value": "206-526-6485"
            },
            {
              "fgdc_field": "cntemail",
              "reason": "Standard notes field",
              "value": "kimberly.bahl@noaa.gov"
            },
            {
              "fgdc_field": "metstdn",
              "reason": "Standard notes field",
              "value": "Content Standards for Digital Geospatial Metadata"
            },
            {
              "fgdc_field": "metstdv",
              "reason": "Standard notes field",
              "value": "FGDC-STD-001-1998"
            },
            {
              "fgdc_field": "metac",
              "reason": "Standard notes field",
              "value": "Contact Source."
            },
            {
              "fgdc_field": "metuc",
              "reason": "Standard notes field",
              "value": "Contact Source."
            }
          ],
          "unmapped": [
            {
              "fgdc_field": "caldate",
              "reason": "No mapping found - field not in notes or other fields",
              "value": "Spring and summer of 1980."
            }
          ]
        }
      }
    },
    "compliance": {
      "zenodo_required_fields": 4,
      "zenodo_required_total": 4,
      "zenodo_required_percentage": 100.0,
      "zenodo_recommended_fields": 6,
      "zenodo_recommended_total": 6,
      "zenodo_recommended_percentage": 100.0,
      "pices_community_present": true,
      "open_access_compliant": true,
      "license_compliant": true,
      "overall_compliance_score": 100.0
    },
    "overall_score": 86.5,
    "overall_grade": "GOOD"
  },
  "files": [
    {
      "path": "output/data/original_fgdc/FGDC-3127.xml",
      "description": "Original FGDC metadata XML",
      "type": "fgdc_xml"
    }
  ]
}