{
  "metadata": {
    "title": "Observations of Topographic Planetary Waves in the Bering Slope Current Using the Geosat Altimeter",
    "upload_type": "dataset",
    "publication_date": "1993-12-31",
    "creators": [
      {
        "name": "University"
      }
    ],
    "description": "Topographic planetary waves associated with the downstream leg of the Bering Slope Current are observed in measurements of sea surface height anomalies acquired by the Geosat altimeter during 1987 and 1988. The waves are most prominent from May to August 1987, during which time the estimated wave period and wavelength are about 72 days and 103 km, respectively. The direction of propagation is roughly north-northeast.",
    "access_right": "open",
    "license": "cc-zero",
    "keywords": [
      "Bering Sea",
      "Ocean Currents",
      "TINRO",
      "Waves",
      "North Pacific Ocean"
    ],
    "notes": "Purpose: To report on the observations of topographic planetary waves in the Bering Slope Current using the Geosat altimeter\n\nStatus: Complete\n\nMaintenance frequency: None Planned\n\nAccess constraints: Check with Contributor\n\nUse constraints: Check with Contributor\n\nDistribution liability: While every effort has been made to ensure that these data are accurate and reliable within the limits of the current state of the art, NOAA cannot assume liability for any damages caused by any errors or omissions in the data, nor as a result of the failure of the data to function on a particular system. NOAA makes no warranty, expressed or implied, nor does the fact of distribution constitute such a warranty.\n\nFGDC metadata date: 19990204\nFGDC metadata contact: Kimberly Bahl\nFGDC metadata standard: Content Standards for Digital Geospatial Metadata (version: FGDC-STD-001-1998)",
    "related_identifiers": [],
    "contributors": [
      {
        "name": "Okkonen, Stephen R.",
        "type": "ContactPerson"
      },
      {
        "name": "Okkonen, Stephen R.",
        "type": "Distributor"
      },
      {
        "name": "North Pacific Marine Science Organization (PICES)",
        "type": "Distributor"
      }
    ],
    "references": [],
    "communities": [
      {
        "identifier": "pices"
      }
    ],
    "subjects": [],
    "publisher": "North Pacific Marine Science Organization"
  },
  "original_fgdc_file": "FGDC-2833.xml",
  "character_analysis": {
    "fgdc_total_chars": 4227,
    "fgdc_data_chars": 978,
    "zenodo_total_chars": 2227,
    "zenodo_data_chars": 1542,
    "char_difference": 564,
    "char_ratio": 1.5766871165644172,
    "data_preservation_ratio": 1.5766871165644172
  },
  "enhanced_metrics": {
    "file_info": {
      "fgdc_size_bytes": 4227,
      "fgdc_size_kb": 4.13,
      "zenodo_size_bytes": 2227,
      "zenodo_size_kb": 2.17,
      "filename": "FGDC-2833.xml",
      "timestamp": "2025-10-11T23:39:44.982063"
    },
    "data_preservation": {
      "content_preservation_ratio": 0.738,
      "field_preservation_ratio": 1.25,
      "semantic_preservation_score": 0.7383177570093458,
      "data_loss_indicators": [],
      "data_gain_indicators": [
        "Significant data enrichment: 119.0% additional structured content added"
      ],
      "content_enrichment_ratio": 1.19
    },
    "field_coverage": {
      "critical_fields_present": 4,
      "critical_fields_total": 4,
      "critical_fields_percentage": 100.0,
      "important_fields_present": 4,
      "important_fields_total": 4,
      "important_fields_percentage": 100.0,
      "optional_fields_present": 4,
      "optional_fields_total": 6,
      "optional_fields_percentage": 66.7,
      "total_fields_present": 12,
      "total_fields_possible": 14,
      "overall_coverage_percentage": 85.7,
      "weighted_coverage_score": 98.2,
      "missing_critical_fields": [],
      "missing_important_fields": [],
      "present_optional_fields": [
        "notes",
        "related_identifiers",
        "contributors",
        "references"
      ]
    },
    "data_quality": {
      "title_quality": {
        "score": 100,
        "issues": [],
        "grade": "A"
      },
      "creator_quality": {
        "score": 95,
        "issues": [
          "Creator 1 name format unclear"
        ],
        "grade": "A"
      },
      "description_quality": {
        "score": 100,
        "issues": [],
        "grade": "A"
      },
      "keyword_quality": {
        "score": 100,
        "issues": [],
        "grade": "A"
      },
      "date_quality": {
        "score": 100,
        "issues": [],
        "grade": "A"
      },
      "license_quality": {
        "score": 100,
        "issues": [],
        "grade": "A"
      },
      "overall_quality_score": 99.2,
      "quality_grade": "EXCELLENT"
    },
    "transformation_effectiveness": {
      "mapping_completeness": 16.4,
      "data_enrichment_score": 50.0,
      "format_compliance": 100.0,
      "semantic_accuracy": 85.0,
      "overall_effectiveness_score": 62.9,
      "field_mapping_breakdown": {
        "total_fgdc_fields": 55,
        "directly_mapped_fields": 9,
        "fields_in_notes": 46,
        "unmapped_fields": 0,
        "direct_mapping_percentage": 16.4,
        "notes_mapping_percentage": 83.6,
        "total_preservation_percentage": 100.0,
        "mapping_details": {
          "directly_mapped": [
            {
              "fgdc_field": "origin",
              "zenodo_field": "creators",
              "value": "University of Alaska Fairbanks (UAF), School of Fisheries and Ocean Sciences (SFOS), Institute of Ma..."
            },
            {
              "fgdc_field": "pubdate",
              "zenodo_field": "publication_date",
              "value": "19931231"
            },
            {
              "fgdc_field": "title",
              "zenodo_field": "title",
              "value": "Observations of Topographic Planetary Waves in the Bering Slope Current Using the Geosat Altimeter"
            },
            {
              "fgdc_field": "abstract",
              "zenodo_field": "description",
              "value": "Topographic planetary waves associated with the downstream leg of the Bering Slope Current are obser..."
            },
            {
              "fgdc_field": "themekey",
              "zenodo_field": "keywords",
              "value": "North Pacific Ocean"
            },
            {
              "fgdc_field": "themekey",
              "zenodo_field": "keywords",
              "value": "North Pacific Ocean"
            },
            {
              "fgdc_field": "themekey",
              "zenodo_field": "keywords",
              "value": "North Pacific Ocean"
            },
            {
              "fgdc_field": "themekey",
              "zenodo_field": "keywords",
              "value": "North Pacific Ocean"
            },
            {
              "fgdc_field": "themekey",
              "zenodo_field": "keywords",
              "value": "North Pacific Ocean"
            }
          ],
          "notes_mapped": [
            {
              "fgdc_field": "purpose",
              "reason": "Standard notes field",
              "value": "To report on the observations of topographic planetary waves in the Bering Slope Current using the G..."
            },
            {
              "fgdc_field": "begdate",
              "reason": "Standard notes field",
              "value": "19931231"
            },
            {
              "fgdc_field": "current",
              "reason": "Standard notes field",
              "value": "Publication Date"
            },
            {
              "fgdc_field": "progress",
              "reason": "Standard notes field",
              "value": "Complete"
            },
            {
              "fgdc_field": "update",
              "reason": "Standard notes field",
              "value": "None Planned"
            },
            {
              "fgdc_field": "westbc",
              "reason": "Standard notes field",
              "value": "178"
            },
            {
              "fgdc_field": "eastbc",
              "reason": "Standard notes field",
              "value": "-168"
            },
            {
              "fgdc_field": "northbc",
              "reason": "Standard notes field",
              "value": "67.5"
            },
            {
              "fgdc_field": "southbc",
              "reason": "Standard notes field",
              "value": "52"
            },
            {
              "fgdc_field": "themekt",
              "reason": "Standard notes field",
              "value": "Other"
            },
            {
              "fgdc_field": "accconst",
              "reason": "Standard notes field",
              "value": "Check with Contributor"
            },
            {
              "fgdc_field": "useconst",
              "reason": "Standard notes field",
              "value": "Check with Contributor"
            },
            {
              "fgdc_field": "cntper",
              "reason": "Standard notes field",
              "value": "Kimberly Bahl"
            },
            {
              "fgdc_field": "addrtype",
              "reason": "Standard notes field",
              "value": "Mailing and Physical Address"
            },
            {
              "fgdc_field": "address",
              "reason": "Standard notes field",
              "value": "NOAA / AFSC / PMEL, 7600 Sand Point Way N.E."
            },
            {
              "fgdc_field": "city",
              "reason": "Standard notes field",
              "value": "Seattle"
            },
            {
              "fgdc_field": "state",
              "reason": "Standard notes field",
              "value": "WA"
            },
            {
              "fgdc_field": "postal",
              "reason": "Standard notes field",
              "value": "98115"
            },
            {
              "fgdc_field": "country",
              "reason": "Standard notes field",
              "value": "USA"
            },
            {
              "fgdc_field": "cntvoice",
              "reason": "Standard notes field",
              "value": "206-526-4314"
            },
            {
              "fgdc_field": "cntfax",
              "reason": "Standard notes field",
              "value": "206-526-6485"
            },
            {
              "fgdc_field": "cntper",
              "reason": "Standard notes field",
              "value": "Kimberly Bahl"
            },
            {
              "fgdc_field": "addrtype",
              "reason": "Standard notes field",
              "value": "Mailing and Physical Address"
            },
            {
              "fgdc_field": "address",
              "reason": "Standard notes field",
              "value": "NOAA / AFSC / PMEL, 7600 Sand Point Way N.E."
            },
            {
              "fgdc_field": "city",
              "reason": "Standard notes field",
              "value": "Seattle"
            },
            {
              "fgdc_field": "state",
              "reason": "Standard notes field",
              "value": "WA"
            },
            {
              "fgdc_field": "postal",
              "reason": "Standard notes field",
              "value": "98115"
            },
            {
              "fgdc_field": "country",
              "reason": "Standard notes field",
              "value": "USA"
            },
            {
              "fgdc_field": "cntvoice",
              "reason": "Standard notes field",
              "value": "206-526-4314"
            },
            {
              "fgdc_field": "cntfax",
              "reason": "Standard notes field",
              "value": "206-526-6485"
            },
            {
              "fgdc_field": "distliab",
              "reason": "Standard notes field",
              "value": "While every effort has been made to ensure that these data are accurate and reliable within the limi..."
            },
            {
              "fgdc_field": "metd",
              "reason": "Standard notes field",
              "value": "19990204"
            },
            {
              "fgdc_field": "cntper",
              "reason": "Standard notes field",
              "value": "Kimberly Bahl"
            },
            {
              "fgdc_field": "addrtype",
              "reason": "Standard notes field",
              "value": "Mailing and Physical Address"
            },
            {
              "fgdc_field": "address",
              "reason": "Standard notes field",
              "value": "NOAA / AFSC / PMEL, 7600 Sand Point Way N.E."
            },
            {
              "fgdc_field": "city",
              "reason": "Standard notes field",
              "value": "Seattle"
            },
            {
              "fgdc_field": "state",
              "reason": "Standard notes field",
              "value": "WA"
            },
            {
              "fgdc_field": "postal",
              "reason": "Standard notes field",
              "value": "98115"
            },
            {
              "fgdc_field": "country",
              "reason": "Standard notes field",
              "value": "USA"
            },
            {
              "fgdc_field": "cntvoice",
              "reason": "Standard notes field",
              "value": "206-526-4314"
            },
            {
              "fgdc_field": "cntfax",
              "reason": "Standard notes field",
              "value": "206-526-6485"
            },
            {
              "fgdc_field": "cntemail",
              "reason": "Standard notes field",
              "value": "kimberly.bahl@noaa.gov"
            },
            {
              "fgdc_field": "metstdn",
              "reason": "Standard notes field",
              "value": "Content Standards for Digital Geospatial Metadata"
            },
            {
              "fgdc_field": "metstdv",
              "reason": "Standard notes field",
              "value": "FGDC-STD-001-1998"
            },
            {
              "fgdc_field": "metac",
              "reason": "Standard notes field",
              "value": "Check with Contributor"
            },
            {
              "fgdc_field": "metuc",
              "reason": "Standard notes field",
              "value": "Check with Contributor"
            }
          ],
          "unmapped": []
        }
      }
    },
    "compliance": {
      "zenodo_required_fields": 4,
      "zenodo_required_total": 4,
      "zenodo_required_percentage": 100.0,
      "zenodo_recommended_fields": 6,
      "zenodo_recommended_total": 6,
      "zenodo_recommended_percentage": 100.0,
      "pices_community_present": true,
      "open_access_compliant": true,
      "license_compliant": true,
      "overall_compliance_score": 100.0
    },
    "overall_score": 84.7,
    "overall_grade": "FAIR"
  },
  "files": [
    {
      "path": "output/data/original_fgdc/FGDC-2833.xml",
      "description": "Original FGDC metadata XML",
      "type": "fgdc_xml"
    }
  ]
}