{
  "metadata": {
    "title": "Northwest Pacific and Bering Sea, 1991-1992 (GEMS)",
    "upload_type": "dataset",
    "publication_date": "2004-06-10",
    "creators": [
      {
        "name": "Staff, DFO"
      }
    ],
    "description": "Full depth hydrocast data from two cruises in the Northwest Pacific in 1991 and 1992 aboard Russian Ships in collaboration with Pacific Oceanological Institute, Vladivostok. In 1991, there were two legs: Vladivostok to Hawaii, and Vladivostok to Bering Sea to Vladivostok, 3 sediment traps were deployed. In 1992, the second leg was repeated, and sediment traps were recovered.",
    "access_right": "open",
    "license": "cc-zero",
    "keywords": [
      "Oceanography",
      "Sediments",
      "Hydrocast Samples",
      "oceans",
      "Earth Science",
      "Oceans",
      "Marine Sediments",
      "Sediment Composition",
      "Northern Hemisphere",
      "Eastern Hemisphere",
      "Western Hemisphere",
      "North America",
      "Russia",
      "United States",
      "Alaska",
      "Hawaii",
      "Northwest Pacific",
      "Bering Sea",
      "Vladivostok",
      "North Pacific Ocean"
    ],
    "notes": "Purpose: Supports scientific and environmental research.\n\nSupplemental Information: Physical samples exist for this dataset. Custom software is available for use with this dataset.\n\nStatus: Complete\n\nMaintenance frequency: None planned\n\nAccess constraints: Departmental\n\nUse constraints: None\n\nDistribution liability: These data are provided \"as-is\".\n\nFGDC metadata date: 20040610\nFGDC metadata standard: FGDC Content Standard for Digital Geospatial Metadata (version: FGDC-STD-001-1998)",
    "related_identifiers": [],
    "contributors": [
      {
        "name": "Wong, Chi Shing",
        "type": "ContactPerson"
      },
      {
        "name": "Wong, Chi Shing",
        "type": "Distributor"
      },
      {
        "name": "North Pacific Marine Science Organization (PICES)",
        "type": "Distributor"
      }
    ],
    "references": [],
    "communities": [
      {
        "identifier": "pices"
      }
    ],
    "subjects": [],
    "publisher": "North Pacific Marine Science Organization"
  },
  "original_fgdc_file": "FGDC-4154.xml",
  "character_analysis": {
    "fgdc_total_chars": 5301,
    "fgdc_data_chars": 1364,
    "zenodo_total_chars": 2066,
    "zenodo_data_chars": 1258,
    "char_difference": -106,
    "char_ratio": 0.9222873900293255,
    "data_preservation_ratio": 0.9222873900293255
  },
  "enhanced_metrics": {
    "file_info": {
      "fgdc_size_bytes": 5301,
      "fgdc_size_kb": 5.18,
      "zenodo_size_bytes": 2066,
      "zenodo_size_kb": 2.02,
      "filename": "FGDC-4154.xml",
      "timestamp": "2025-10-11T23:39:53.391819"
    },
    "data_preservation": {
      "content_preservation_ratio": 0.851,
      "field_preservation_ratio": 0.5,
      "semantic_preservation_score": 0.8510882016036655,
      "data_loss_indicators": [],
      "data_gain_indicators": [
        "Significant data enrichment: 71.5% additional structured content added"
      ],
      "content_enrichment_ratio": 0.715
    },
    "field_coverage": {
      "critical_fields_present": 4,
      "critical_fields_total": 4,
      "critical_fields_percentage": 100.0,
      "important_fields_present": 4,
      "important_fields_total": 4,
      "important_fields_percentage": 100.0,
      "optional_fields_present": 4,
      "optional_fields_total": 6,
      "optional_fields_percentage": 66.7,
      "total_fields_present": 12,
      "total_fields_possible": 14,
      "overall_coverage_percentage": 85.7,
      "weighted_coverage_score": 98.2,
      "missing_critical_fields": [],
      "missing_important_fields": [],
      "present_optional_fields": [
        "notes",
        "related_identifiers",
        "contributors",
        "references"
      ]
    },
    "data_quality": {
      "title_quality": {
        "score": 100,
        "issues": [],
        "grade": "A"
      },
      "creator_quality": {
        "score": 100,
        "issues": [],
        "grade": "A"
      },
      "description_quality": {
        "score": 100,
        "issues": [],
        "grade": "A"
      },
      "keyword_quality": {
        "score": 100,
        "issues": [],
        "grade": "A"
      },
      "date_quality": {
        "score": 100,
        "issues": [],
        "grade": "A"
      },
      "license_quality": {
        "score": 100,
        "issues": [],
        "grade": "A"
      },
      "overall_quality_score": 100.0,
      "quality_grade": "EXCELLENT"
    },
    "transformation_effectiveness": {
      "mapping_completeness": 29.9,
      "data_enrichment_score": 50.0,
      "format_compliance": 100.0,
      "semantic_accuracy": 85.0,
      "overall_effectiveness_score": 66.2,
      "field_mapping_breakdown": {
        "total_fgdc_fields": 87,
        "directly_mapped_fields": 26,
        "fields_in_notes": 58,
        "unmapped_fields": 3,
        "direct_mapping_percentage": 29.9,
        "notes_mapping_percentage": 66.7,
        "total_preservation_percentage": 96.6,
        "mapping_details": {
          "directly_mapped": [
            {
              "fgdc_field": "origin",
              "zenodo_field": "creators",
              "value": "DFO Staff"
            },
            {
              "fgdc_field": "pubdate",
              "zenodo_field": "publication_date",
              "value": "Unknown"
            },
            {
              "fgdc_field": "title",
              "zenodo_field": "title",
              "value": "Northwest Pacific and Bering Sea, 1991-1992 (GEMS)"
            },
            {
              "fgdc_field": "abstract",
              "zenodo_field": "description",
              "value": "Full depth hydrocast data from two cruises in the Northwest Pacific in 1991 and 1992 aboard Russian ..."
            },
            {
              "fgdc_field": "themekey",
              "zenodo_field": "keywords",
              "value": "oceans"
            },
            {
              "fgdc_field": "themekey",
              "zenodo_field": "keywords",
              "value": "oceans"
            },
            {
              "fgdc_field": "themekey",
              "zenodo_field": "keywords",
              "value": "oceans"
            },
            {
              "fgdc_field": "themekey",
              "zenodo_field": "keywords",
              "value": "oceans"
            },
            {
              "fgdc_field": "themekey",
              "zenodo_field": "keywords",
              "value": "oceans"
            },
            {
              "fgdc_field": "themekey",
              "zenodo_field": "keywords",
              "value": "oceans"
            },
            {
              "fgdc_field": "themekey",
              "zenodo_field": "keywords",
              "value": "oceans"
            },
            {
              "fgdc_field": "themekey",
              "zenodo_field": "keywords",
              "value": "oceans"
            },
            {
              "fgdc_field": "themekey",
              "zenodo_field": "keywords",
              "value": "oceans"
            },
            {
              "fgdc_field": "placekey",
              "zenodo_field": "keywords",
              "value": "Bering Sea"
            },
            {
              "fgdc_field": "placekey",
              "zenodo_field": "keywords",
              "value": "Bering Sea"
            },
            {
              "fgdc_field": "placekey",
              "zenodo_field": "keywords",
              "value": "Bering Sea"
            },
            {
              "fgdc_field": "placekey",
              "zenodo_field": "keywords",
              "value": "Bering Sea"
            },
            {
              "fgdc_field": "placekey",
              "zenodo_field": "keywords",
              "value": "Bering Sea"
            },
            {
              "fgdc_field": "placekey",
              "zenodo_field": "keywords",
              "value": "Bering Sea"
            },
            {
              "fgdc_field": "placekey",
              "zenodo_field": "keywords",
              "value": "Bering Sea"
            },
            {
              "fgdc_field": "placekey",
              "zenodo_field": "keywords",
              "value": "Bering Sea"
            },
            {
              "fgdc_field": "placekey",
              "zenodo_field": "keywords",
              "value": "Bering Sea"
            },
            {
              "fgdc_field": "placekey",
              "zenodo_field": "keywords",
              "value": "Bering Sea"
            },
            {
              "fgdc_field": "placekey",
              "zenodo_field": "keywords",
              "value": "Bering Sea"
            },
            {
              "fgdc_field": "placekey",
              "zenodo_field": "keywords",
              "value": "Bering Sea"
            },
            {
              "fgdc_field": "placekey",
              "zenodo_field": "keywords",
              "value": "Bering Sea"
            }
          ],
          "notes_mapped": [
            {
              "fgdc_field": "purpose",
              "reason": "Standard notes field",
              "value": "Supports scientific and environmental research."
            },
            {
              "fgdc_field": "supplinf",
              "reason": "Standard notes field",
              "value": "Physical samples exist for this dataset. Custom software is available for use with this dataset."
            },
            {
              "fgdc_field": "begdate",
              "reason": "Standard notes field",
              "value": "1991"
            },
            {
              "fgdc_field": "enddate",
              "reason": "Standard notes field",
              "value": "1992"
            },
            {
              "fgdc_field": "current",
              "reason": "Standard notes field",
              "value": "publication date"
            },
            {
              "fgdc_field": "progress",
              "reason": "Standard notes field",
              "value": "Complete"
            },
            {
              "fgdc_field": "update",
              "reason": "Standard notes field",
              "value": "None planned"
            },
            {
              "fgdc_field": "westbc",
              "reason": "Standard notes field",
              "value": "131.8"
            },
            {
              "fgdc_field": "eastbc",
              "reason": "Standard notes field",
              "value": "-154.5"
            },
            {
              "fgdc_field": "northbc",
              "reason": "Standard notes field",
              "value": "65"
            },
            {
              "fgdc_field": "southbc",
              "reason": "Standard notes field",
              "value": "18.5"
            },
            {
              "fgdc_field": "themekt",
              "reason": "Standard notes field",
              "value": "ISO 19115 Topic Category"
            },
            {
              "fgdc_field": "themekt",
              "reason": "Standard notes field",
              "value": "ISO 19115 Topic Category"
            },
            {
              "fgdc_field": "themekt",
              "reason": "Standard notes field",
              "value": "ISO 19115 Topic Category"
            },
            {
              "fgdc_field": "accconst",
              "reason": "Standard notes field",
              "value": "Departmental"
            },
            {
              "fgdc_field": "useconst",
              "reason": "Standard notes field",
              "value": "None"
            },
            {
              "fgdc_field": "cntper",
              "reason": "Standard notes field",
              "value": "Chi Shing Wong"
            },
            {
              "fgdc_field": "cntorg",
              "reason": "Standard notes field",
              "value": "Fisheries and Oceans Canada, Pacific Region, Institute of Ocean Sciences, Science Branch"
            },
            {
              "fgdc_field": "cntpos",
              "reason": "Standard notes field",
              "value": "Research Scientist"
            },
            {
              "fgdc_field": "addrtype",
              "reason": "Standard notes field",
              "value": "Physical and mailing"
            },
            {
              "fgdc_field": "address",
              "reason": "Standard notes field",
              "value": "PO Box 6000"
            },
            {
              "fgdc_field": "address",
              "reason": "Standard notes field",
              "value": "PO Box 6000"
            },
            {
              "fgdc_field": "city",
              "reason": "Standard notes field",
              "value": "Sidney"
            },
            {
              "fgdc_field": "state",
              "reason": "Standard notes field",
              "value": "BC"
            },
            {
              "fgdc_field": "postal",
              "reason": "Standard notes field",
              "value": "V8L 4B2"
            },
            {
              "fgdc_field": "country",
              "reason": "Standard notes field",
              "value": "Canada"
            },
            {
              "fgdc_field": "cntvoice",
              "reason": "Standard notes field",
              "value": "(250) 363-6407"
            },
            {
              "fgdc_field": "cntemail",
              "reason": "Standard notes field",
              "value": "wongcs@pac.dfo-mpo.gc.ca"
            },
            {
              "fgdc_field": "cntinst",
              "reason": "Standard notes field",
              "value": "Frank Whitney"
            },
            {
              "fgdc_field": "cntorg",
              "reason": "Standard notes field",
              "value": "Fisheries and Oceans Canada, Pacific Region, Institute of Ocean Sciences, Science Branch"
            },
            {
              "fgdc_field": "cntper",
              "reason": "Standard notes field",
              "value": "Chi Shing Wong"
            },
            {
              "fgdc_field": "cntpos",
              "reason": "Standard notes field",
              "value": "Research Scientist"
            },
            {
              "fgdc_field": "addrtype",
              "reason": "Standard notes field",
              "value": "Physical and mailing"
            },
            {
              "fgdc_field": "address",
              "reason": "Standard notes field",
              "value": "PO Box 6000"
            },
            {
              "fgdc_field": "address",
              "reason": "Standard notes field",
              "value": "PO Box 6000"
            },
            {
              "fgdc_field": "city",
              "reason": "Standard notes field",
              "value": "Sidney"
            },
            {
              "fgdc_field": "state",
              "reason": "Standard notes field",
              "value": "BC"
            },
            {
              "fgdc_field": "postal",
              "reason": "Standard notes field",
              "value": "V8L 4B2"
            },
            {
              "fgdc_field": "country",
              "reason": "Standard notes field",
              "value": "Canada"
            },
            {
              "fgdc_field": "cntvoice",
              "reason": "Standard notes field",
              "value": "(250) 363-6407"
            },
            {
              "fgdc_field": "cntemail",
              "reason": "Standard notes field",
              "value": "wongcs@pac.dfo-mpo.gc.ca"
            },
            {
              "fgdc_field": "resdesc",
              "reason": "Standard notes field",
              "value": "PAC-OSAP-010"
            },
            {
              "fgdc_field": "distliab",
              "reason": "Standard notes field",
              "value": "These data are provided \"as-is\"."
            },
            {
              "fgdc_field": "metd",
              "reason": "Standard notes field",
              "value": "20040610"
            },
            {
              "fgdc_field": "cntorg",
              "reason": "Standard notes field",
              "value": "Fisheries and Oceans Canada, Pacific Region, Institute of Ocean Sciences, Science Branch"
            },
            {
              "fgdc_field": "cntper",
              "reason": "Standard notes field",
              "value": "Chi Shing Wong"
            },
            {
              "fgdc_field": "cntpos",
              "reason": "Standard notes field",
              "value": "Research Scientist"
            },
            {
              "fgdc_field": "addrtype",
              "reason": "Standard notes field",
              "value": "Physical and mailing"
            },
            {
              "fgdc_field": "address",
              "reason": "Standard notes field",
              "value": "PO Box 6000"
            },
            {
              "fgdc_field": "address",
              "reason": "Standard notes field",
              "value": "PO Box 6000"
            },
            {
              "fgdc_field": "city",
              "reason": "Standard notes field",
              "value": "Sidney"
            },
            {
              "fgdc_field": "state",
              "reason": "Standard notes field",
              "value": "BC"
            },
            {
              "fgdc_field": "postal",
              "reason": "Standard notes field",
              "value": "V8L 4B2"
            },
            {
              "fgdc_field": "country",
              "reason": "Standard notes field",
              "value": "Canada"
            },
            {
              "fgdc_field": "cntvoice",
              "reason": "Standard notes field",
              "value": "(250) 363-6407"
            },
            {
              "fgdc_field": "cntemail",
              "reason": "Standard notes field",
              "value": "wongcs@pac.dfo-mpo.gc.ca"
            },
            {
              "fgdc_field": "metstdn",
              "reason": "Standard notes field",
              "value": "FGDC Content Standard for Digital Geospatial Metadata"
            },
            {
              "fgdc_field": "metstdv",
              "reason": "Standard notes field",
              "value": "FGDC-STD-001-1998"
            }
          ],
          "unmapped": [
            {
              "fgdc_field": "geoform",
              "reason": "No mapping found - field not in notes or other fields",
              "value": "Tabular digital data; Digital document"
            },
            {
              "fgdc_field": "placekt",
              "reason": "No mapping found - field not in notes or other fields",
              "value": "DFO Areas"
            },
            {
              "fgdc_field": "placekt",
              "reason": "No mapping found - field not in notes or other fields",
              "value": "DFO Areas"
            }
          ]
        }
      }
    },
    "compliance": {
      "zenodo_required_fields": 4,
      "zenodo_required_total": 4,
      "zenodo_required_percentage": 100.0,
      "zenodo_recommended_fields": 6,
      "zenodo_recommended_total": 6,
      "zenodo_recommended_percentage": 100.0,
      "pices_community_present": true,
      "open_access_compliant": true,
      "license_compliant": true,
      "overall_compliance_score": 100.0
    },
    "overall_score": 89.4,
    "overall_grade": "GOOD"
  },
  "files": [
    {
      "path": "output/data/original_fgdc/FGDC-4154.xml",
      "description": "Original FGDC metadata XML",
      "type": "fgdc_xml"
    }
  ]
}