{
  "metadata": {
    "title": "Modes of Climate Change for the Bering Sea",
    "upload_type": "dataset",
    "publication_date": "2025-01-01",
    "creators": [
      {
        "name": "National Oceanic",
        "type": "Organization"
      },
      {
        "name": "Atmospheric Administration (NOAA)",
        "type": "Organization"
      },
      {
        "name": "Office",
        "type": "Organization"
      }
    ],
    "description": "The Bering Sea responds strongly to major changes in atmospheric forcing. This response is vividly illustrated by the record warm sea surface temperatures that occurred in summer 1997, and the strong mixing in spring 1998. The spring 1998 mixing was due to intense storminess after nearly a decade of reduced storm activity. A large part of this variability is associated with large-scale atmospheric teleconnection modes that fluctuate on monthly to decadal time scales. The modes of particular importance to the Bering Sea during the cool season are the Pacific-North American pattern (PNA) and the Arctic  Oscillation (AO). The AO is receiving great interest because its persistent phase since about 1989 may be related to increasing concentrations of greenhouse gases. Less work has been done on the atmospheric variability during the biologically active warm season, but one mode, the North Pacific pattern (NP), seems to be\nespecially important to the Bering Sea. The NP undergoes considerable decadal variability and appears to be linked to ENSO.   The goal of our work is to establish the dynamic relationships between the large-scale changes in the climate system (as\nencapsulated by the teleconnection indices) and the high-frequency, local forcing of the Bering Sea, especially with regard to sea ice, ocean transport and mixed-layer ocean\nprocesses. This research relies upon the daily data available from the NCEP/NCAR Reanalysis for the period 1958 to the present. Our work will reveal the extent to which air-sea interactions in the Bering Sea are predictable, and the probable changes in these\nair-sea interactions that accompany shifts in the climate system.  Our results will provide a firm climate context for the further study of historical changes in biological populations.\n\nAn NPMR project",
    "access_right": "open",
    "license": "cc-zero",
    "keywords": [
      "Meteorology",
      "Pacific-North American pattern (PNA)",
      "Arctic Oscillation",
      "North Pacific Pattern",
      "ENSO",
      "Bering Sea",
      "Climate",
      "North Pacific Ocean"
    ],
    "notes": "Purpose: A proposal for NPMR to research the  Modes of climate change for the Bering Sea\n\nStatus: Planned\n\nMaintenance frequency: Unknown\n\nAccess constraints: Unknown\n\nUse constraints: Unknown\n\nDistribution liability: While every effort has been made to ensure that these data are accurate and reliable within the limits of the current state of the art, NOAA cannot assume liability for any damages caused by any errors or omissions in the data, nor as a result of the failure of the data to function on a particular system. NOAA makes no warranty, expressed or implied, nor does the fact of distribution constitute such a warranty.\n\nFGDC metadata date: 20000307\nFGDC metadata contact: Kimberly Bahl\nFGDC metadata standard: Content Standards for Digital Geospatial Metadata (version: FGDC-STD-001-1998)",
    "related_identifiers": [],
    "contributors": [
      {
        "name": "Overland, James E.",
        "type": "ContactPerson"
      },
      {
        "name": "Overland, James E.",
        "type": "Distributor"
      },
      {
        "name": "North Pacific Marine Science Organization (PICES)",
        "type": "Distributor"
      }
    ],
    "references": [],
    "communities": [
      {
        "identifier": "pices"
      }
    ],
    "subjects": [
      {
        "term": "Meteorology",
        "identifier": "North Pacific Ecosystem Metadatabase:Meteorology",
        "scheme": "thesaurus"
      },
      {
        "term": "Pacific-North American pattern (PNA)",
        "identifier": "North Pacific Ecosystem Metadatabase:Pacific-North American pattern (PNA)",
        "scheme": "thesaurus"
      },
      {
        "term": "Arctic Oscillation",
        "identifier": "North Pacific Ecosystem Metadatabase:Arctic Oscillation",
        "scheme": "thesaurus"
      },
      {
        "term": "North Pacific Pattern",
        "identifier": "North Pacific Ecosystem Metadatabase:North Pacific Pattern",
        "scheme": "thesaurus"
      },
      {
        "term": "ENSO",
        "identifier": "North Pacific Ecosystem Metadatabase:ENSO",
        "scheme": "thesaurus"
      },
      {
        "term": "Bering Sea",
        "identifier": "North Pacific Ecosystem Metadatabase:Bering Sea",
        "scheme": "thesaurus"
      },
      {
        "term": "Climate",
        "identifier": "North Pacific Ecosystem Metadatabase:Climate",
        "scheme": "thesaurus"
      },
      {
        "term": "North Pacific Ocean",
        "identifier": "North Pacific Ecosystem Metadatabase:North Pacific Ocean",
        "scheme": "thesaurus"
      }
    ],
    "publisher": "North Pacific Marine Science Organization"
  },
  "original_fgdc_file": "FGDC-422.xml",
  "character_analysis": {
    "fgdc_total_chars": 5844,
    "fgdc_data_chars": 2400,
    "zenodo_total_chars": 5001,
    "zenodo_data_chars": 2922,
    "char_difference": 522,
    "char_ratio": 1.2175,
    "data_preservation_ratio": 1.2175
  },
  "enhanced_metrics": {
    "file_info": {
      "fgdc_size_bytes": 5844,
      "fgdc_size_kb": 5.71,
      "zenodo_size_bytes": 5001,
      "zenodo_size_kb": 4.88,
      "filename": "FGDC-422.xml",
      "timestamp": "2025-10-11T23:39:53.736788"
    },
    "data_preservation": {
      "content_preservation_ratio": 0.951,
      "field_preservation_ratio": 1.0,
      "semantic_preservation_score": 0.9507168458781362,
      "data_loss_indicators": [],
      "data_gain_indicators": [
        "Significant data enrichment: 70.1% additional structured content added"
      ],
      "content_enrichment_ratio": 0.701
    },
    "field_coverage": {
      "critical_fields_present": 4,
      "critical_fields_total": 4,
      "critical_fields_percentage": 100.0,
      "important_fields_present": 4,
      "important_fields_total": 4,
      "important_fields_percentage": 100.0,
      "optional_fields_present": 4,
      "optional_fields_total": 6,
      "optional_fields_percentage": 66.7,
      "total_fields_present": 12,
      "total_fields_possible": 14,
      "overall_coverage_percentage": 85.7,
      "weighted_coverage_score": 98.2,
      "missing_critical_fields": [],
      "missing_important_fields": [],
      "present_optional_fields": [
        "notes",
        "related_identifiers",
        "contributors",
        "references"
      ]
    },
    "data_quality": {
      "title_quality": {
        "score": 100,
        "issues": [],
        "grade": "A"
      },
      "creator_quality": {
        "score": 95,
        "issues": [
          "Creator 3 name format unclear"
        ],
        "grade": "A"
      },
      "description_quality": {
        "score": 100,
        "issues": [],
        "grade": "A"
      },
      "keyword_quality": {
        "score": 100,
        "issues": [],
        "grade": "A"
      },
      "date_quality": {
        "score": 100,
        "issues": [],
        "grade": "A"
      },
      "license_quality": {
        "score": 100,
        "issues": [],
        "grade": "A"
      },
      "overall_quality_score": 99.2,
      "quality_grade": "EXCELLENT"
    },
    "transformation_effectiveness": {
      "mapping_completeness": 19.4,
      "data_enrichment_score": 50.0,
      "format_compliance": 100.0,
      "semantic_accuracy": 85.0,
      "overall_effectiveness_score": 63.6,
      "field_mapping_breakdown": {
        "total_fgdc_fields": 62,
        "directly_mapped_fields": 12,
        "fields_in_notes": 50,
        "unmapped_fields": 0,
        "direct_mapping_percentage": 19.4,
        "notes_mapping_percentage": 80.6,
        "total_preservation_percentage": 100.0,
        "mapping_details": {
          "directly_mapped": [
            {
              "fgdc_field": "origin",
              "zenodo_field": "creators",
              "value": "National Oceanic and Atmospheric Administration (NOAA), Office of Oceanic and Atmospheric Research (..."
            },
            {
              "fgdc_field": "pubdate",
              "zenodo_field": "publication_date",
              "value": "Planned"
            },
            {
              "fgdc_field": "title",
              "zenodo_field": "title",
              "value": "Modes of Climate Change for the Bering Sea"
            },
            {
              "fgdc_field": "abstract",
              "zenodo_field": "description",
              "value": "The Bering Sea responds strongly to major changes in atmospheric forcing. This response is vividly i..."
            },
            {
              "fgdc_field": "themekey",
              "zenodo_field": "keywords",
              "value": "North Pacific Ocean"
            },
            {
              "fgdc_field": "themekey",
              "zenodo_field": "keywords",
              "value": "North Pacific Ocean"
            },
            {
              "fgdc_field": "themekey",
              "zenodo_field": "keywords",
              "value": "North Pacific Ocean"
            },
            {
              "fgdc_field": "themekey",
              "zenodo_field": "keywords",
              "value": "North Pacific Ocean"
            },
            {
              "fgdc_field": "themekey",
              "zenodo_field": "keywords",
              "value": "North Pacific Ocean"
            },
            {
              "fgdc_field": "themekey",
              "zenodo_field": "keywords",
              "value": "North Pacific Ocean"
            },
            {
              "fgdc_field": "themekey",
              "zenodo_field": "keywords",
              "value": "North Pacific Ocean"
            },
            {
              "fgdc_field": "themekey",
              "zenodo_field": "keywords",
              "value": "North Pacific Ocean"
            }
          ],
          "notes_mapped": [
            {
              "fgdc_field": "purpose",
              "reason": "Standard notes field",
              "value": "A proposal for NPMR to research the  Modes of climate change for the Bering Sea"
            },
            {
              "fgdc_field": "begdate",
              "reason": "Standard notes field",
              "value": "19990701"
            },
            {
              "fgdc_field": "enddate",
              "reason": "Standard notes field",
              "value": "20010630"
            },
            {
              "fgdc_field": "current",
              "reason": "Standard notes field",
              "value": "Ground Condition"
            },
            {
              "fgdc_field": "progress",
              "reason": "Standard notes field",
              "value": "Planned"
            },
            {
              "fgdc_field": "update",
              "reason": "Standard notes field",
              "value": "Unknown"
            },
            {
              "fgdc_field": "westbc",
              "reason": "Standard notes field",
              "value": "167"
            },
            {
              "fgdc_field": "eastbc",
              "reason": "Standard notes field",
              "value": "-163"
            },
            {
              "fgdc_field": "northbc",
              "reason": "Standard notes field",
              "value": "67"
            },
            {
              "fgdc_field": "southbc",
              "reason": "Standard notes field",
              "value": "53"
            },
            {
              "fgdc_field": "themekt",
              "reason": "Standard notes field",
              "value": "Other"
            },
            {
              "fgdc_field": "themekt",
              "reason": "Standard notes field",
              "value": "Other"
            },
            {
              "fgdc_field": "accconst",
              "reason": "Standard notes field",
              "value": "Unknown"
            },
            {
              "fgdc_field": "useconst",
              "reason": "Standard notes field",
              "value": "Unknown"
            },
            {
              "fgdc_field": "cntper",
              "reason": "Standard notes field",
              "value": "Kimberly Bahl"
            },
            {
              "fgdc_field": "addrtype",
              "reason": "Standard notes field",
              "value": "Mailing and Physical Address"
            },
            {
              "fgdc_field": "address",
              "reason": "Standard notes field",
              "value": "NOAA / AFSC / PMEL, 7600 Sand Point Way N.E."
            },
            {
              "fgdc_field": "city",
              "reason": "Standard notes field",
              "value": "Seattle"
            },
            {
              "fgdc_field": "state",
              "reason": "Standard notes field",
              "value": "WA"
            },
            {
              "fgdc_field": "postal",
              "reason": "Standard notes field",
              "value": "98115"
            },
            {
              "fgdc_field": "country",
              "reason": "Standard notes field",
              "value": "USA"
            },
            {
              "fgdc_field": "cntvoice",
              "reason": "Standard notes field",
              "value": "206-526-4314"
            },
            {
              "fgdc_field": "cntfax",
              "reason": "Standard notes field",
              "value": "206-526-6485"
            },
            {
              "fgdc_field": "cntemail",
              "reason": "Standard notes field",
              "value": "kimberly.bahl@noaa.gov"
            },
            {
              "fgdc_field": "cntper",
              "reason": "Standard notes field",
              "value": "Kimberly Bahl"
            },
            {
              "fgdc_field": "addrtype",
              "reason": "Standard notes field",
              "value": "Mailing and Physical Address"
            },
            {
              "fgdc_field": "address",
              "reason": "Standard notes field",
              "value": "NOAA / AFSC / PMEL, 7600 Sand Point Way N.E."
            },
            {
              "fgdc_field": "city",
              "reason": "Standard notes field",
              "value": "Seattle"
            },
            {
              "fgdc_field": "state",
              "reason": "Standard notes field",
              "value": "WA"
            },
            {
              "fgdc_field": "postal",
              "reason": "Standard notes field",
              "value": "98115"
            },
            {
              "fgdc_field": "country",
              "reason": "Standard notes field",
              "value": "USA"
            },
            {
              "fgdc_field": "cntvoice",
              "reason": "Standard notes field",
              "value": "206-526-4314"
            },
            {
              "fgdc_field": "cntfax",
              "reason": "Standard notes field",
              "value": "206-526-6485"
            },
            {
              "fgdc_field": "cntemail",
              "reason": "Standard notes field",
              "value": "kimberly.bahl@noaa.gov"
            },
            {
              "fgdc_field": "distliab",
              "reason": "Standard notes field",
              "value": "While every effort has been made to ensure that these data are accurate and reliable within the limi..."
            },
            {
              "fgdc_field": "metd",
              "reason": "Standard notes field",
              "value": "20000307"
            },
            {
              "fgdc_field": "cntper",
              "reason": "Standard notes field",
              "value": "Kimberly Bahl"
            },
            {
              "fgdc_field": "addrtype",
              "reason": "Standard notes field",
              "value": "Mailing and Physical Address"
            },
            {
              "fgdc_field": "address",
              "reason": "Standard notes field",
              "value": "NOAA / AFSC / PMEL, 7600 Sand Point Way N.E."
            },
            {
              "fgdc_field": "city",
              "reason": "Standard notes field",
              "value": "Seattle"
            },
            {
              "fgdc_field": "state",
              "reason": "Standard notes field",
              "value": "WA"
            },
            {
              "fgdc_field": "postal",
              "reason": "Standard notes field",
              "value": "98115"
            },
            {
              "fgdc_field": "country",
              "reason": "Standard notes field",
              "value": "USA"
            },
            {
              "fgdc_field": "cntvoice",
              "reason": "Standard notes field",
              "value": "206-526-4314"
            },
            {
              "fgdc_field": "cntfax",
              "reason": "Standard notes field",
              "value": "206-526-6485"
            },
            {
              "fgdc_field": "cntemail",
              "reason": "Standard notes field",
              "value": "kimberly.bahl@noaa.gov"
            },
            {
              "fgdc_field": "metstdn",
              "reason": "Standard notes field",
              "value": "Content Standards for Digital Geospatial Metadata"
            },
            {
              "fgdc_field": "metstdv",
              "reason": "Standard notes field",
              "value": "FGDC-STD-001-1998"
            },
            {
              "fgdc_field": "metac",
              "reason": "Standard notes field",
              "value": "Unknown"
            },
            {
              "fgdc_field": "metuc",
              "reason": "Standard notes field",
              "value": "Unknown"
            }
          ],
          "unmapped": []
        }
      }
    },
    "compliance": {
      "zenodo_required_fields": 4,
      "zenodo_required_total": 4,
      "zenodo_required_percentage": 100.0,
      "zenodo_recommended_fields": 6,
      "zenodo_recommended_total": 6,
      "zenodo_recommended_percentage": 100.0,
      "pices_community_present": true,
      "open_access_compliant": true,
      "license_compliant": true,
      "overall_compliance_score": 100.0
    },
    "overall_score": 92.3,
    "overall_grade": "GOOD"
  },
  "files": [
    {
      "path": "output/data/original_fgdc/FGDC-422.xml",
      "description": "Original FGDC metadata XML",
      "type": "fgdc_xml"
    }
  ]
}