{
  "metadata": {
    "title": "Kittiwakes Monitoring",
    "upload_type": "dataset",
    "publication_date": "2025-01-01",
    "creators": [
      {
        "name": "Refuge, Alaska Maritime National Wildlife"
      }
    ],
    "description": "Recent declines in some species of marine organisms in the Bering Sea have spurred an interest in evaluating causes and predicting long-term impacts of these changes.  Red-legged kittiwakes (Rissa brevirostris) and black-legged kittiwakes (Rissa tridactyla) are two species of top-level predators that have declined since the mid-1970s at colonies in the Pribilof Islands, site of the largest breeding concentrations of seabirds in the southeastern Bering Sea. In contrast, Kittiwake populations have increased over\nthe same period at Bogoslof Island, 300 km south of the Pribilofs. Ocean climate trends\nand changes in marine food webs have been listed as likely causes of changes in seabird populations, but relationships between environmental factors and seabird\npopulation fluctuations are difficult to study directly. Nevertheless, it is important to understand causal mechanisms. We propose to compare kittiwake population parameters at the Pribilofs and Bogoslof. The Pribilof Islands lie on the continental\nshelf and are surrounded by water less than 200 m deep, whereas the much deeper\nwater of the basin surround Bogoslof.  We plan to test the hypothesis that divergent trends in abundance of kittiwakes (Rissa spp.) at two locations in the southeastern Bering Sea are related to differences in community structure and food web production. Specifically we will evaluate whether two parameters of reproduction, productivity (e.g., chicks/pair) and chick growth rates, are higher at Bogoslof than in the Pribilofs. Furthermore, we will evaluate historic patterns of population change, timing of nesting events, and various reproduction parameters (e.g., clutch size, laying success, hatching success, fledging success, chick growth) to evaluate correlation with environmental factors. This proposal is part of a multidisciplinary project called \"Regime Forcing and Ecosystem Response ReFER.\" It compliments and will benefit from an ongoing\nseabird-monitoring program in the Pribilof Islands funded by the U.S. Fish and Wildlife Service.\n\nAn NPMR project",
    "access_right": "open",
    "license": "cc-zero",
    "keywords": [
      "Biology",
      "Biological Effects",
      "Birds",
      "ReFER",
      "Kittiwakes",
      "Bering Sea",
      "North Pacific Ocean"
    ],
    "notes": "Purpose: An NPMR proposal titled \"Regime Forcing and Ecosystem Response in the Bering Sea (ReFER): Kittiwake Monitoring component\"\n\nStatus: Planned\n\nMaintenance frequency: Unknown\n\nAccess constraints: Unknown\n\nUse constraints: Unknown\n\nDistribution liability: While every effort has been made to ensure that these data are accurate and reliable within the limits of the current state of the art, NOAA cannot assume liability for any damages caused by any errors or omissions in the data, nor as a result of the failure of the data to function on a particular system. NOAA makes no warranty, expressed or implied, nor does the fact of distribution constitute such a warranty.\n\nFGDC metadata date: 19991122\nFGDC metadata contact: Kimberly Bahl\nFGDC metadata standard: Content Standards for Digital Geospatial Metadata (version: FGDC-STD-001-1998)",
    "related_identifiers": [],
    "contributors": [
      {
        "name": "Byrd, G. Vernon",
        "type": "ContactPerson"
      },
      {
        "name": "Byrd, G. Vernon",
        "type": "Distributor"
      },
      {
        "name": "North Pacific Marine Science Organization (PICES)",
        "type": "Distributor"
      }
    ],
    "references": [],
    "communities": [
      {
        "identifier": "pices"
      }
    ],
    "subjects": [
      {
        "term": "Biology",
        "identifier": "North Pacific Ecosystem Metadatabase:Biology",
        "scheme": "thesaurus"
      },
      {
        "term": "Biological Effects",
        "identifier": "North Pacific Ecosystem Metadatabase:Biological Effects",
        "scheme": "thesaurus"
      },
      {
        "term": "Birds",
        "identifier": "North Pacific Ecosystem Metadatabase:Birds",
        "scheme": "thesaurus"
      },
      {
        "term": "ReFER",
        "identifier": "North Pacific Ecosystem Metadatabase:ReFER",
        "scheme": "thesaurus"
      },
      {
        "term": "Kittiwakes",
        "identifier": "North Pacific Ecosystem Metadatabase:Kittiwakes",
        "scheme": "thesaurus"
      },
      {
        "term": "Bering Sea",
        "identifier": "North Pacific Ecosystem Metadatabase:Bering Sea",
        "scheme": "thesaurus"
      },
      {
        "term": "North Pacific Ocean",
        "identifier": "North Pacific Ecosystem Metadatabase:North Pacific Ocean",
        "scheme": "thesaurus"
      }
    ],
    "publisher": "North Pacific Marine Science Organization"
  },
  "original_fgdc_file": "FGDC-336.xml",
  "character_analysis": {
    "fgdc_total_chars": 5915,
    "fgdc_data_chars": 2487,
    "zenodo_total_chars": 4822,
    "zenodo_data_chars": 3119,
    "char_difference": 632,
    "char_ratio": 1.2541214314435063,
    "data_preservation_ratio": 1.2541214314435063
  },
  "enhanced_metrics": {
    "file_info": {
      "fgdc_size_bytes": 5915,
      "fgdc_size_kb": 5.78,
      "zenodo_size_bytes": 4822,
      "zenodo_size_kb": 4.71,
      "filename": "FGDC-336.xml",
      "timestamp": "2025-10-11T23:39:48.563642"
    },
    "data_preservation": {
      "content_preservation_ratio": 0.961,
      "field_preservation_ratio": 1.071,
      "semantic_preservation_score": 0.9614890885750963,
      "data_loss_indicators": [],
      "data_gain_indicators": [
        "Significant data enrichment: 62.1% additional structured content added"
      ],
      "content_enrichment_ratio": 0.621
    },
    "field_coverage": {
      "critical_fields_present": 4,
      "critical_fields_total": 4,
      "critical_fields_percentage": 100.0,
      "important_fields_present": 4,
      "important_fields_total": 4,
      "important_fields_percentage": 100.0,
      "optional_fields_present": 4,
      "optional_fields_total": 6,
      "optional_fields_percentage": 66.7,
      "total_fields_present": 12,
      "total_fields_possible": 14,
      "overall_coverage_percentage": 85.7,
      "weighted_coverage_score": 98.2,
      "missing_critical_fields": [],
      "missing_important_fields": [],
      "present_optional_fields": [
        "notes",
        "related_identifiers",
        "contributors",
        "references"
      ]
    },
    "data_quality": {
      "title_quality": {
        "score": 100,
        "issues": [],
        "grade": "A"
      },
      "creator_quality": {
        "score": 100,
        "issues": [],
        "grade": "A"
      },
      "description_quality": {
        "score": 100,
        "issues": [],
        "grade": "A"
      },
      "keyword_quality": {
        "score": 100,
        "issues": [],
        "grade": "A"
      },
      "date_quality": {
        "score": 100,
        "issues": [],
        "grade": "A"
      },
      "license_quality": {
        "score": 100,
        "issues": [],
        "grade": "A"
      },
      "overall_quality_score": 100.0,
      "quality_grade": "EXCELLENT"
    },
    "transformation_effectiveness": {
      "mapping_completeness": 18.0,
      "data_enrichment_score": 50.0,
      "format_compliance": 100.0,
      "semantic_accuracy": 85.0,
      "overall_effectiveness_score": 63.2,
      "field_mapping_breakdown": {
        "total_fgdc_fields": 61,
        "directly_mapped_fields": 11,
        "fields_in_notes": 50,
        "unmapped_fields": 0,
        "direct_mapping_percentage": 18.0,
        "notes_mapping_percentage": 82.0,
        "total_preservation_percentage": 100.0,
        "mapping_details": {
          "directly_mapped": [
            {
              "fgdc_field": "origin",
              "zenodo_field": "creators",
              "value": "Alaska Maritime National Wildlife Refuge"
            },
            {
              "fgdc_field": "pubdate",
              "zenodo_field": "publication_date",
              "value": "Planned"
            },
            {
              "fgdc_field": "title",
              "zenodo_field": "title",
              "value": "Kittiwakes Monitoring"
            },
            {
              "fgdc_field": "abstract",
              "zenodo_field": "description",
              "value": "Recent declines in some species of marine organisms in the Bering Sea have spurred an interest in ev..."
            },
            {
              "fgdc_field": "themekey",
              "zenodo_field": "keywords",
              "value": "North Pacific Ocean"
            },
            {
              "fgdc_field": "themekey",
              "zenodo_field": "keywords",
              "value": "North Pacific Ocean"
            },
            {
              "fgdc_field": "themekey",
              "zenodo_field": "keywords",
              "value": "North Pacific Ocean"
            },
            {
              "fgdc_field": "themekey",
              "zenodo_field": "keywords",
              "value": "North Pacific Ocean"
            },
            {
              "fgdc_field": "themekey",
              "zenodo_field": "keywords",
              "value": "North Pacific Ocean"
            },
            {
              "fgdc_field": "themekey",
              "zenodo_field": "keywords",
              "value": "North Pacific Ocean"
            },
            {
              "fgdc_field": "themekey",
              "zenodo_field": "keywords",
              "value": "North Pacific Ocean"
            }
          ],
          "notes_mapped": [
            {
              "fgdc_field": "purpose",
              "reason": "Standard notes field",
              "value": "An NPMR proposal titled \"Regime Forcing and Ecosystem Response in the Bering Sea (ReFER): Kittiwake ..."
            },
            {
              "fgdc_field": "begdate",
              "reason": "Standard notes field",
              "value": "19990101"
            },
            {
              "fgdc_field": "enddate",
              "reason": "Standard notes field",
              "value": "20001231"
            },
            {
              "fgdc_field": "current",
              "reason": "Standard notes field",
              "value": "Ground Condition"
            },
            {
              "fgdc_field": "progress",
              "reason": "Standard notes field",
              "value": "Planned"
            },
            {
              "fgdc_field": "update",
              "reason": "Standard notes field",
              "value": "Unknown"
            },
            {
              "fgdc_field": "westbc",
              "reason": "Standard notes field",
              "value": "167"
            },
            {
              "fgdc_field": "eastbc",
              "reason": "Standard notes field",
              "value": "-163"
            },
            {
              "fgdc_field": "northbc",
              "reason": "Standard notes field",
              "value": "67"
            },
            {
              "fgdc_field": "southbc",
              "reason": "Standard notes field",
              "value": "53"
            },
            {
              "fgdc_field": "themekt",
              "reason": "Standard notes field",
              "value": "Other"
            },
            {
              "fgdc_field": "themekt",
              "reason": "Standard notes field",
              "value": "Other"
            },
            {
              "fgdc_field": "accconst",
              "reason": "Standard notes field",
              "value": "Unknown"
            },
            {
              "fgdc_field": "useconst",
              "reason": "Standard notes field",
              "value": "Unknown"
            },
            {
              "fgdc_field": "cntper",
              "reason": "Standard notes field",
              "value": "Kimberly Bahl"
            },
            {
              "fgdc_field": "addrtype",
              "reason": "Standard notes field",
              "value": "Mailing and Physical Address"
            },
            {
              "fgdc_field": "address",
              "reason": "Standard notes field",
              "value": "NOAA / AFSC / PMEL, 7600 Sand Point Way N.E."
            },
            {
              "fgdc_field": "city",
              "reason": "Standard notes field",
              "value": "Seattle"
            },
            {
              "fgdc_field": "state",
              "reason": "Standard notes field",
              "value": "WA"
            },
            {
              "fgdc_field": "postal",
              "reason": "Standard notes field",
              "value": "98115"
            },
            {
              "fgdc_field": "country",
              "reason": "Standard notes field",
              "value": "USA"
            },
            {
              "fgdc_field": "cntvoice",
              "reason": "Standard notes field",
              "value": "206-526-4314"
            },
            {
              "fgdc_field": "cntfax",
              "reason": "Standard notes field",
              "value": "206-526-6485"
            },
            {
              "fgdc_field": "cntemail",
              "reason": "Standard notes field",
              "value": "kimberly.bahl@noaa.gov"
            },
            {
              "fgdc_field": "cntper",
              "reason": "Standard notes field",
              "value": "Kimberly Bahl"
            },
            {
              "fgdc_field": "addrtype",
              "reason": "Standard notes field",
              "value": "Mailing and Physical Address"
            },
            {
              "fgdc_field": "address",
              "reason": "Standard notes field",
              "value": "NOAA / AFSC / PMEL, 7600 Sand Point Way N.E."
            },
            {
              "fgdc_field": "city",
              "reason": "Standard notes field",
              "value": "Seattle"
            },
            {
              "fgdc_field": "state",
              "reason": "Standard notes field",
              "value": "WA"
            },
            {
              "fgdc_field": "postal",
              "reason": "Standard notes field",
              "value": "98115"
            },
            {
              "fgdc_field": "country",
              "reason": "Standard notes field",
              "value": "USA"
            },
            {
              "fgdc_field": "cntvoice",
              "reason": "Standard notes field",
              "value": "206-526-4314"
            },
            {
              "fgdc_field": "cntfax",
              "reason": "Standard notes field",
              "value": "206-526-6485"
            },
            {
              "fgdc_field": "cntemail",
              "reason": "Standard notes field",
              "value": "kimberly.bahl@noaa.gov"
            },
            {
              "fgdc_field": "distliab",
              "reason": "Standard notes field",
              "value": "While every effort has been made to ensure that these data are accurate and reliable within the limi..."
            },
            {
              "fgdc_field": "metd",
              "reason": "Standard notes field",
              "value": "19991122"
            },
            {
              "fgdc_field": "cntper",
              "reason": "Standard notes field",
              "value": "Kimberly Bahl"
            },
            {
              "fgdc_field": "addrtype",
              "reason": "Standard notes field",
              "value": "Mailing and Physical Address"
            },
            {
              "fgdc_field": "address",
              "reason": "Standard notes field",
              "value": "NOAA / AFSC / PMEL, 7600 Sand Point Way N.E."
            },
            {
              "fgdc_field": "city",
              "reason": "Standard notes field",
              "value": "Seattle"
            },
            {
              "fgdc_field": "state",
              "reason": "Standard notes field",
              "value": "WA"
            },
            {
              "fgdc_field": "postal",
              "reason": "Standard notes field",
              "value": "98115"
            },
            {
              "fgdc_field": "country",
              "reason": "Standard notes field",
              "value": "USA"
            },
            {
              "fgdc_field": "cntvoice",
              "reason": "Standard notes field",
              "value": "206-526-4314"
            },
            {
              "fgdc_field": "cntfax",
              "reason": "Standard notes field",
              "value": "206-526-6485"
            },
            {
              "fgdc_field": "cntemail",
              "reason": "Standard notes field",
              "value": "kimberly.bahl@noaa.gov"
            },
            {
              "fgdc_field": "metstdn",
              "reason": "Standard notes field",
              "value": "Content Standards for Digital Geospatial Metadata"
            },
            {
              "fgdc_field": "metstdv",
              "reason": "Standard notes field",
              "value": "FGDC-STD-001-1998"
            },
            {
              "fgdc_field": "metac",
              "reason": "Standard notes field",
              "value": "Unknown"
            },
            {
              "fgdc_field": "metuc",
              "reason": "Standard notes field",
              "value": "Unknown"
            }
          ],
          "unmapped": []
        }
      }
    },
    "compliance": {
      "zenodo_required_fields": 4,
      "zenodo_required_total": 4,
      "zenodo_required_percentage": 100.0,
      "zenodo_recommended_fields": 6,
      "zenodo_recommended_total": 6,
      "zenodo_recommended_percentage": 100.0,
      "pices_community_present": true,
      "open_access_compliant": true,
      "license_compliant": true,
      "overall_compliance_score": 100.0
    },
    "overall_score": 92.8,
    "overall_grade": "GOOD"
  },
  "files": [
    {
      "path": "output/data/original_fgdc/FGDC-336.xml",
      "description": "Original FGDC metadata XML",
      "type": "fgdc_xml"
    }
  ]
}