{
  "metadata": {
    "title": "Aspect (1:250,000) - Southcentral",
    "upload_type": "dataset",
    "publication_date": "2002-04-24",
    "creators": [
      {
        "name": "Ecotrust"
      },
      {
        "name": "GIS, Pacific"
      },
      {
        "name": "International, Conservation"
      }
    ],
    "description": "Data Type: Elevation; This layer includes aspect data covering South Central Alaska, organized by 1:250,000 scale USGS quadrangles, and derived from digital elevation model (DEM) data at 1:250,000 scale. The data include both aspect in degrees (0- 360) and in 9 categories. Related data include 1:63,360 scale aspect and elevation data files.",
    "access_right": "open",
    "license": "cc-zero",
    "keywords": [
      "Geology",
      "Elevation",
      "Geomorphology",
      "Landforms",
      "Wildlife Habitat",
      "Alaska",
      "North Pacific Ocean"
    ],
    "notes": "Purpose: Unknown\n\nStatus: Complete\n\nMaintenance frequency: Unknown\n\nAccess constraints: Data transfer costs will be based on staff time and media costs.\n\nUse constraints: The easiest transfer format is UNIX tar with 8mm tape.\n\nDistribution liability: While every effort has been made to ensure that these data are accurate and reliable within the limits of the current state of the art, NOAA cannot assume liability for any damages caused by any errors or omissions in the data, nor as a result of the failure of the data to function on a particular system. NOAA makes no warranty, expressed or implied, nor does the fact of distribution constitute such a warranty.\n\nFGDC metadata date: 20020424\nFGDC metadata contact: Kimberly Bahl\nFGDC metadata standard: Content Standards for Digital Geospatial Metadata (version: FGDC-STD-001-1998)",
    "related_identifiers": [],
    "contributors": [
      {
        "name": "Oakley, Karen",
        "type": "ContactPerson"
      },
      {
        "name": "Oakley, Karen",
        "type": "Distributor"
      },
      {
        "name": "North Pacific Marine Science Organization (PICES)",
        "type": "Distributor"
      }
    ],
    "references": [],
    "communities": [
      {
        "identifier": "pices"
      }
    ],
    "subjects": [
      {
        "term": "Geology",
        "identifier": "North Pacific Ecosystem Metadatabase:Geology",
        "scheme": "thesaurus"
      },
      {
        "term": "Elevation",
        "identifier": "North Pacific Ecosystem Metadatabase:Elevation",
        "scheme": "thesaurus"
      },
      {
        "term": "Geomorphology",
        "identifier": "North Pacific Ecosystem Metadatabase:Geomorphology",
        "scheme": "thesaurus"
      },
      {
        "term": "Landforms",
        "identifier": "North Pacific Ecosystem Metadatabase:Landforms",
        "scheme": "thesaurus"
      },
      {
        "term": "Wildlife Habitat",
        "identifier": "North Pacific Ecosystem Metadatabase:Wildlife Habitat",
        "scheme": "thesaurus"
      },
      {
        "term": "Alaska",
        "identifier": "North Pacific Ecosystem Metadatabase:Alaska",
        "scheme": "thesaurus"
      },
      {
        "term": "North Pacific Ocean",
        "identifier": "North Pacific Ecosystem Metadatabase:North Pacific Ocean",
        "scheme": "thesaurus"
      }
    ],
    "publisher": "North Pacific Marine Science Organization"
  },
  "original_fgdc_file": "FGDC-567.xml",
  "character_analysis": {
    "fgdc_total_chars": 4134,
    "fgdc_data_chars": 788,
    "zenodo_total_chars": 3172,
    "zenodo_data_chars": 1411,
    "char_difference": 623,
    "char_ratio": 1.7906091370558375,
    "data_preservation_ratio": 1.7906091370558375
  },
  "enhanced_metrics": {
    "file_info": {
      "fgdc_size_bytes": 4134,
      "fgdc_size_kb": 4.04,
      "zenodo_size_bytes": 3172,
      "zenodo_size_kb": 3.1,
      "filename": "FGDC-567.xml",
      "timestamp": "2025-10-11T23:39:54.710405"
    },
    "data_preservation": {
      "content_preservation_ratio": 0.864,
      "field_preservation_ratio": 1.071,
      "semantic_preservation_score": 0.863849765258216,
      "data_loss_indicators": [],
      "data_gain_indicators": [
        "Significant data enrichment: 226.6% additional structured content added"
      ],
      "content_enrichment_ratio": 2.266
    },
    "field_coverage": {
      "critical_fields_present": 4,
      "critical_fields_total": 4,
      "critical_fields_percentage": 100.0,
      "important_fields_present": 4,
      "important_fields_total": 4,
      "important_fields_percentage": 100.0,
      "optional_fields_present": 4,
      "optional_fields_total": 6,
      "optional_fields_percentage": 66.7,
      "total_fields_present": 12,
      "total_fields_possible": 14,
      "overall_coverage_percentage": 85.7,
      "weighted_coverage_score": 98.2,
      "missing_critical_fields": [],
      "missing_important_fields": [],
      "present_optional_fields": [
        "notes",
        "related_identifiers",
        "contributors",
        "references"
      ]
    },
    "data_quality": {
      "title_quality": {
        "score": 100,
        "issues": [],
        "grade": "A"
      },
      "creator_quality": {
        "score": 95,
        "issues": [
          "Creator 1 name format unclear"
        ],
        "grade": "A"
      },
      "description_quality": {
        "score": 100,
        "issues": [],
        "grade": "A"
      },
      "keyword_quality": {
        "score": 100,
        "issues": [],
        "grade": "A"
      },
      "date_quality": {
        "score": 100,
        "issues": [],
        "grade": "A"
      },
      "license_quality": {
        "score": 100,
        "issues": [],
        "grade": "A"
      },
      "overall_quality_score": 99.2,
      "quality_grade": "EXCELLENT"
    },
    "transformation_effectiveness": {
      "mapping_completeness": 19.3,
      "data_enrichment_score": 50.0,
      "format_compliance": 100.0,
      "semantic_accuracy": 85.0,
      "overall_effectiveness_score": 63.6,
      "field_mapping_breakdown": {
        "total_fgdc_fields": 57,
        "directly_mapped_fields": 11,
        "fields_in_notes": 46,
        "unmapped_fields": 0,
        "direct_mapping_percentage": 19.3,
        "notes_mapping_percentage": 80.7,
        "total_preservation_percentage": 100.0,
        "mapping_details": {
          "directly_mapped": [
            {
              "fgdc_field": "origin",
              "zenodo_field": "creators",
              "value": "Ecotrust, Pacific GIS, and Conservation International"
            },
            {
              "fgdc_field": "pubdate",
              "zenodo_field": "publication_date",
              "value": "Unknown"
            },
            {
              "fgdc_field": "title",
              "zenodo_field": "title",
              "value": "Aspect (1:250,000) - Southcentral"
            },
            {
              "fgdc_field": "abstract",
              "zenodo_field": "description",
              "value": "Data Type: Elevation; This layer includes aspect data covering South Central Alaska, organized by 1:..."
            },
            {
              "fgdc_field": "themekey",
              "zenodo_field": "keywords",
              "value": "North Pacific Ocean"
            },
            {
              "fgdc_field": "themekey",
              "zenodo_field": "keywords",
              "value": "North Pacific Ocean"
            },
            {
              "fgdc_field": "themekey",
              "zenodo_field": "keywords",
              "value": "North Pacific Ocean"
            },
            {
              "fgdc_field": "themekey",
              "zenodo_field": "keywords",
              "value": "North Pacific Ocean"
            },
            {
              "fgdc_field": "themekey",
              "zenodo_field": "keywords",
              "value": "North Pacific Ocean"
            },
            {
              "fgdc_field": "themekey",
              "zenodo_field": "keywords",
              "value": "North Pacific Ocean"
            },
            {
              "fgdc_field": "themekey",
              "zenodo_field": "keywords",
              "value": "North Pacific Ocean"
            }
          ],
          "notes_mapped": [
            {
              "fgdc_field": "purpose",
              "reason": "Standard notes field",
              "value": "Unknown"
            },
            {
              "fgdc_field": "current",
              "reason": "Standard notes field",
              "value": "Ground Condition"
            },
            {
              "fgdc_field": "progress",
              "reason": "Standard notes field",
              "value": "Complete"
            },
            {
              "fgdc_field": "update",
              "reason": "Standard notes field",
              "value": "Unknown"
            },
            {
              "fgdc_field": "westbc",
              "reason": "Standard notes field",
              "value": "-150"
            },
            {
              "fgdc_field": "eastbc",
              "reason": "Standard notes field",
              "value": "-140"
            },
            {
              "fgdc_field": "northbc",
              "reason": "Standard notes field",
              "value": "63"
            },
            {
              "fgdc_field": "southbc",
              "reason": "Standard notes field",
              "value": "59"
            },
            {
              "fgdc_field": "themekt",
              "reason": "Standard notes field",
              "value": "Other"
            },
            {
              "fgdc_field": "themekt",
              "reason": "Standard notes field",
              "value": "Other"
            },
            {
              "fgdc_field": "accconst",
              "reason": "Standard notes field",
              "value": "Data transfer costs will be based on staff time and media costs."
            },
            {
              "fgdc_field": "useconst",
              "reason": "Standard notes field",
              "value": "The easiest transfer format is UNIX tar with 8mm tape."
            },
            {
              "fgdc_field": "cntper",
              "reason": "Standard notes field",
              "value": "Kimberly Bahl"
            },
            {
              "fgdc_field": "addrtype",
              "reason": "Standard notes field",
              "value": "Mailing and Physical Address"
            },
            {
              "fgdc_field": "address",
              "reason": "Standard notes field",
              "value": "NOAA / AFSC / PMEL, 7600 Sand Point Way N.E."
            },
            {
              "fgdc_field": "city",
              "reason": "Standard notes field",
              "value": "Seattle"
            },
            {
              "fgdc_field": "state",
              "reason": "Standard notes field",
              "value": "WA"
            },
            {
              "fgdc_field": "postal",
              "reason": "Standard notes field",
              "value": "98115"
            },
            {
              "fgdc_field": "country",
              "reason": "Standard notes field",
              "value": "USA"
            },
            {
              "fgdc_field": "cntvoice",
              "reason": "Standard notes field",
              "value": "206-526-4314"
            },
            {
              "fgdc_field": "cntemail",
              "reason": "Standard notes field",
              "value": "kimberly.bahl@noaa.gov"
            },
            {
              "fgdc_field": "cntper",
              "reason": "Standard notes field",
              "value": "Kimberly Bahl"
            },
            {
              "fgdc_field": "addrtype",
              "reason": "Standard notes field",
              "value": "Mailing and Physical Address"
            },
            {
              "fgdc_field": "address",
              "reason": "Standard notes field",
              "value": "NOAA / AFSC / PMEL, 7600 Sand Point Way N.E."
            },
            {
              "fgdc_field": "city",
              "reason": "Standard notes field",
              "value": "Seattle"
            },
            {
              "fgdc_field": "state",
              "reason": "Standard notes field",
              "value": "WA"
            },
            {
              "fgdc_field": "postal",
              "reason": "Standard notes field",
              "value": "98115"
            },
            {
              "fgdc_field": "country",
              "reason": "Standard notes field",
              "value": "USA"
            },
            {
              "fgdc_field": "cntvoice",
              "reason": "Standard notes field",
              "value": "206-526-4314"
            },
            {
              "fgdc_field": "cntemail",
              "reason": "Standard notes field",
              "value": "kimberly.bahl@noaa.gov"
            },
            {
              "fgdc_field": "distliab",
              "reason": "Standard notes field",
              "value": "While every effort has been made to ensure that these data are accurate and reliable within the limi..."
            },
            {
              "fgdc_field": "metd",
              "reason": "Standard notes field",
              "value": "20020424"
            },
            {
              "fgdc_field": "cntper",
              "reason": "Standard notes field",
              "value": "Kimberly Bahl"
            },
            {
              "fgdc_field": "addrtype",
              "reason": "Standard notes field",
              "value": "Mailing and Physical Address"
            },
            {
              "fgdc_field": "address",
              "reason": "Standard notes field",
              "value": "NOAA / AFSC / PMEL, 7600 Sand Point Way N.E."
            },
            {
              "fgdc_field": "city",
              "reason": "Standard notes field",
              "value": "Seattle"
            },
            {
              "fgdc_field": "state",
              "reason": "Standard notes field",
              "value": "WA"
            },
            {
              "fgdc_field": "postal",
              "reason": "Standard notes field",
              "value": "98115"
            },
            {
              "fgdc_field": "country",
              "reason": "Standard notes field",
              "value": "USA"
            },
            {
              "fgdc_field": "cntvoice",
              "reason": "Standard notes field",
              "value": "206-526-4314"
            },
            {
              "fgdc_field": "cntfax",
              "reason": "Standard notes field",
              "value": "206-526-6485"
            },
            {
              "fgdc_field": "cntemail",
              "reason": "Standard notes field",
              "value": "kimberly.bahl@noaa.gov"
            },
            {
              "fgdc_field": "metstdn",
              "reason": "Standard notes field",
              "value": "Content Standards for Digital Geospatial Metadata"
            },
            {
              "fgdc_field": "metstdv",
              "reason": "Standard notes field",
              "value": "FGDC-STD-001-1998"
            },
            {
              "fgdc_field": "metac",
              "reason": "Standard notes field",
              "value": "Data transfer costs will be based on staff time and media costs."
            },
            {
              "fgdc_field": "metuc",
              "reason": "Standard notes field",
              "value": "The easiest transfer format is UNIX tar with 8mm tape."
            }
          ],
          "unmapped": []
        }
      }
    },
    "compliance": {
      "zenodo_required_fields": 4,
      "zenodo_required_total": 4,
      "zenodo_required_percentage": 100.0,
      "zenodo_recommended_fields": 6,
      "zenodo_recommended_total": 6,
      "zenodo_recommended_percentage": 100.0,
      "pices_community_present": true,
      "open_access_compliant": true,
      "license_compliant": true,
      "overall_compliance_score": 100.0
    },
    "overall_score": 89.2,
    "overall_grade": "GOOD"
  },
  "files": [
    {
      "path": "output/data/original_fgdc/FGDC-567.xml",
      "description": "Original FGDC metadata XML",
      "type": "fgdc_xml"
    }
  ]
}