{
  "metadata": {
    "title": "95-09 Naknek River Sockeye Salmon Smolt Studies, 1993 - 1994.  Drew L. Crawford and Beverly A. Cross.  December  1995  57 pp.",
    "upload_type": "dataset",
    "publication_date": "1988-01-01",
    "creators": [
      {
        "name": "Alaska Department",
        "type": "Organization"
      }
    ],
    "description": "Includes (but are not limited to:) (1) Alaska Board of Fisheries and Fishery Management council reports (2) Season summaries (3) White papers (4) management plans (5) annual test fish results (6) legislative reports (7) forecast (8) area management reports (9) annual shellfish surveys (10) some annual U.S./Canada;  and since the 1993, the following studies have been published in this series:  (11) Salmon abundance, catch and escapements studies (12) annual smolt reports (13) tagging studies and (14) special short-term or interim reports on equipment or methodologies, stock identification, management, life history, etc..",
    "access_right": "open",
    "license": "cc-zero",
    "keywords": [
      "Biological Effects",
      "Biology",
      "Fish",
      "Intertidal",
      "Management",
      "North Pacific Ocean"
    ],
    "notes": "Purpose: This series is primarily informational, serving to: (1) promote intradepartmental exchange of information and (2) meet ad hoc reporting functions of the department to other agencies, governmental and regulatory bodies, the fishing industry and the public.  Reports in this series may achieve original observations (raw data) or contain preliminary or incomplete data.  These reports do not receive full editorial and peer review.  Reports may be highly individualized.\n\nStatus: Complete\n\nMaintenance frequency: Annually\n\nAccess constraints: Requests for one or two pages of data and/or short reports can usually be accommodated.\n\nUse constraints: Republications of materials in this report series may be authorized by the department\n\nDistribution liability: While every effort has been made to ensure that these data are accurate and reliable within the limits of the current state of the art, NOAA cannot assume liability for any damages caused by any errors or omissions in the data, nor as a result of the failure of the data to function on a particular system. NOAA makes no warranty, expressed or implied, nor does the fact of distribution constitute such a warranty.\n\nFGDC metadata date: 19980713\nFGDC metadata contact: Kimberly Bahl\nFGDC metadata standard: Content Standards for Digital Geospatial Metadata (version: FGDC-STD-001-1998)",
    "related_identifiers": [],
    "contributors": [
      {
        "name": "Regnart, Jeff",
        "type": "ContactPerson"
      },
      {
        "name": "Regnart, Jeff",
        "type": "Distributor"
      },
      {
        "name": "North Pacific Marine Science Organization (PICES)",
        "type": "Distributor"
      }
    ],
    "references": [],
    "communities": [
      {
        "identifier": "pices"
      }
    ],
    "subjects": [
      {
        "term": "Biological Effects",
        "identifier": "North Pacific Ecosystem Metadatabase:Biological Effects",
        "scheme": "thesaurus"
      },
      {
        "term": "Biology",
        "identifier": "North Pacific Ecosystem Metadatabase:Biology",
        "scheme": "thesaurus"
      },
      {
        "term": "Fish",
        "identifier": "North Pacific Ecosystem Metadatabase:Fish",
        "scheme": "thesaurus"
      },
      {
        "term": "Intertidal",
        "identifier": "North Pacific Ecosystem Metadatabase:Intertidal",
        "scheme": "thesaurus"
      },
      {
        "term": "Management",
        "identifier": "North Pacific Ecosystem Metadatabase:Management",
        "scheme": "thesaurus"
      },
      {
        "term": "North Pacific Ocean",
        "identifier": "North Pacific Ecosystem Metadatabase:North Pacific Ocean",
        "scheme": "thesaurus"
      }
    ],
    "publisher": "North Pacific Marine Science Organization"
  },
  "original_fgdc_file": "FGDC-642.xml",
  "character_analysis": {
    "fgdc_total_chars": 5287,
    "fgdc_data_chars": 1748,
    "zenodo_total_chars": 3844,
    "zenodo_data_chars": 2263,
    "char_difference": 515,
    "char_ratio": 1.2946224256292906,
    "data_preservation_ratio": 1.2946224256292906
  },
  "enhanced_metrics": {
    "file_info": {
      "fgdc_size_bytes": 5287,
      "fgdc_size_kb": 5.16,
      "zenodo_size_bytes": 3844,
      "zenodo_size_kb": 3.75,
      "filename": "FGDC-642.xml",
      "timestamp": "2025-10-11T23:39:55.162192"
    },
    "data_preservation": {
      "content_preservation_ratio": 0.567,
      "field_preservation_ratio": 1.154,
      "semantic_preservation_score": 0.5671077504725898,
      "data_loss_indicators": [
        "Significant data loss: 43.3% of original content not preserved"
      ],
      "data_gain_indicators": [
        "Significant data enrichment: 119.5% additional structured content added"
      ],
      "content_enrichment_ratio": 1.195
    },
    "field_coverage": {
      "critical_fields_present": 4,
      "critical_fields_total": 4,
      "critical_fields_percentage": 100.0,
      "important_fields_present": 4,
      "important_fields_total": 4,
      "important_fields_percentage": 100.0,
      "optional_fields_present": 4,
      "optional_fields_total": 6,
      "optional_fields_percentage": 66.7,
      "total_fields_present": 12,
      "total_fields_possible": 14,
      "overall_coverage_percentage": 85.7,
      "weighted_coverage_score": 98.2,
      "missing_critical_fields": [],
      "missing_important_fields": [],
      "present_optional_fields": [
        "notes",
        "related_identifiers",
        "contributors",
        "references"
      ]
    },
    "data_quality": {
      "title_quality": {
        "score": 85,
        "issues": [
          "Title should start with capital letter",
          "Title should not end with period"
        ],
        "grade": "B"
      },
      "creator_quality": {
        "score": 100,
        "issues": [],
        "grade": "A"
      },
      "description_quality": {
        "score": 100,
        "issues": [],
        "grade": "A"
      },
      "keyword_quality": {
        "score": 100,
        "issues": [],
        "grade": "A"
      },
      "date_quality": {
        "score": 100,
        "issues": [],
        "grade": "A"
      },
      "license_quality": {
        "score": 100,
        "issues": [],
        "grade": "A"
      },
      "overall_quality_score": 97.5,
      "quality_grade": "EXCELLENT"
    },
    "transformation_effectiveness": {
      "mapping_completeness": 16.7,
      "data_enrichment_score": 50.0,
      "format_compliance": 100.0,
      "semantic_accuracy": 85.0,
      "overall_effectiveness_score": 62.9,
      "field_mapping_breakdown": {
        "total_fgdc_fields": 60,
        "directly_mapped_fields": 10,
        "fields_in_notes": 50,
        "unmapped_fields": 0,
        "direct_mapping_percentage": 16.7,
        "notes_mapping_percentage": 83.3,
        "total_preservation_percentage": 100.0,
        "mapping_details": {
          "directly_mapped": [
            {
              "fgdc_field": "origin",
              "zenodo_field": "creators",
              "value": "Alaska Department of Fish and Game (ADF&G), Division of Commercial Fisheries, Management and Develop..."
            },
            {
              "fgdc_field": "pubdate",
              "zenodo_field": "publication_date",
              "value": "1988 - Present"
            },
            {
              "fgdc_field": "title",
              "zenodo_field": "title",
              "value": "95-09 Naknek River Sockeye Salmon Smolt Studies, 1993 - 1994.  Drew L. Crawford and Beverly A. Cross..."
            },
            {
              "fgdc_field": "abstract",
              "zenodo_field": "description",
              "value": "Includes (but are not limited to:) (1) Alaska Board of Fisheries and Fishery Management council repo..."
            },
            {
              "fgdc_field": "themekey",
              "zenodo_field": "keywords",
              "value": "North Pacific Ocean"
            },
            {
              "fgdc_field": "themekey",
              "zenodo_field": "keywords",
              "value": "North Pacific Ocean"
            },
            {
              "fgdc_field": "themekey",
              "zenodo_field": "keywords",
              "value": "North Pacific Ocean"
            },
            {
              "fgdc_field": "themekey",
              "zenodo_field": "keywords",
              "value": "North Pacific Ocean"
            },
            {
              "fgdc_field": "themekey",
              "zenodo_field": "keywords",
              "value": "North Pacific Ocean"
            },
            {
              "fgdc_field": "themekey",
              "zenodo_field": "keywords",
              "value": "North Pacific Ocean"
            }
          ],
          "notes_mapped": [
            {
              "fgdc_field": "purpose",
              "reason": "Standard notes field",
              "value": "This series is primarily informational, serving to: (1) promote intradepartmental exchange of inform..."
            },
            {
              "fgdc_field": "begdate",
              "reason": "Standard notes field",
              "value": "19930101"
            },
            {
              "fgdc_field": "enddate",
              "reason": "Standard notes field",
              "value": "19941231"
            },
            {
              "fgdc_field": "current",
              "reason": "Standard notes field",
              "value": "Other"
            },
            {
              "fgdc_field": "progress",
              "reason": "Standard notes field",
              "value": "Complete"
            },
            {
              "fgdc_field": "update",
              "reason": "Standard notes field",
              "value": "Annually"
            },
            {
              "fgdc_field": "westbc",
              "reason": "Standard notes field",
              "value": "-162"
            },
            {
              "fgdc_field": "eastbc",
              "reason": "Standard notes field",
              "value": "-157"
            },
            {
              "fgdc_field": "northbc",
              "reason": "Standard notes field",
              "value": "59"
            },
            {
              "fgdc_field": "southbc",
              "reason": "Standard notes field",
              "value": "56"
            },
            {
              "fgdc_field": "themekt",
              "reason": "Standard notes field",
              "value": "Other"
            },
            {
              "fgdc_field": "themekt",
              "reason": "Standard notes field",
              "value": "Other"
            },
            {
              "fgdc_field": "accconst",
              "reason": "Standard notes field",
              "value": "Requests for one or two pages of data and/or short reports can usually be accommodated."
            },
            {
              "fgdc_field": "useconst",
              "reason": "Standard notes field",
              "value": "Republications of materials in this report series may be authorized by the department"
            },
            {
              "fgdc_field": "cntper",
              "reason": "Standard notes field",
              "value": "Kimberly Bahl"
            },
            {
              "fgdc_field": "addrtype",
              "reason": "Standard notes field",
              "value": "Mailing and Physical Address"
            },
            {
              "fgdc_field": "address",
              "reason": "Standard notes field",
              "value": "NOAA / AFSC / PMEL, 7600 Sand Point Way N.E."
            },
            {
              "fgdc_field": "city",
              "reason": "Standard notes field",
              "value": "Seattle"
            },
            {
              "fgdc_field": "state",
              "reason": "Standard notes field",
              "value": "WA"
            },
            {
              "fgdc_field": "postal",
              "reason": "Standard notes field",
              "value": "98115"
            },
            {
              "fgdc_field": "country",
              "reason": "Standard notes field",
              "value": "USA"
            },
            {
              "fgdc_field": "cntvoice",
              "reason": "Standard notes field",
              "value": "206-526-4314"
            },
            {
              "fgdc_field": "cntfax",
              "reason": "Standard notes field",
              "value": "206-526-6485"
            },
            {
              "fgdc_field": "cntemail",
              "reason": "Standard notes field",
              "value": "kimberly.bahl@noaa.gov"
            },
            {
              "fgdc_field": "cntper",
              "reason": "Standard notes field",
              "value": "Kimberly Bahl"
            },
            {
              "fgdc_field": "addrtype",
              "reason": "Standard notes field",
              "value": "Mailing and Physical Address"
            },
            {
              "fgdc_field": "address",
              "reason": "Standard notes field",
              "value": "NOAA / AFSC / PMEL, 7600 Sand Point Way N.E."
            },
            {
              "fgdc_field": "city",
              "reason": "Standard notes field",
              "value": "Seattle"
            },
            {
              "fgdc_field": "state",
              "reason": "Standard notes field",
              "value": "WA"
            },
            {
              "fgdc_field": "postal",
              "reason": "Standard notes field",
              "value": "98115"
            },
            {
              "fgdc_field": "country",
              "reason": "Standard notes field",
              "value": "USA"
            },
            {
              "fgdc_field": "cntvoice",
              "reason": "Standard notes field",
              "value": "206-526-4314"
            },
            {
              "fgdc_field": "cntfax",
              "reason": "Standard notes field",
              "value": "206-526-6485"
            },
            {
              "fgdc_field": "cntemail",
              "reason": "Standard notes field",
              "value": "kimberly.bahl@noaa.gov"
            },
            {
              "fgdc_field": "distliab",
              "reason": "Standard notes field",
              "value": "While every effort has been made to ensure that these data are accurate and reliable within the limi..."
            },
            {
              "fgdc_field": "metd",
              "reason": "Standard notes field",
              "value": "19980713"
            },
            {
              "fgdc_field": "cntper",
              "reason": "Standard notes field",
              "value": "Kimberly Bahl"
            },
            {
              "fgdc_field": "addrtype",
              "reason": "Standard notes field",
              "value": "Mailing and Physical Address"
            },
            {
              "fgdc_field": "address",
              "reason": "Standard notes field",
              "value": "NOAA / AFSC / PMEL, 7600 Sand Point Way N.E."
            },
            {
              "fgdc_field": "city",
              "reason": "Standard notes field",
              "value": "Seattle"
            },
            {
              "fgdc_field": "state",
              "reason": "Standard notes field",
              "value": "WA"
            },
            {
              "fgdc_field": "postal",
              "reason": "Standard notes field",
              "value": "98115"
            },
            {
              "fgdc_field": "country",
              "reason": "Standard notes field",
              "value": "USA"
            },
            {
              "fgdc_field": "cntvoice",
              "reason": "Standard notes field",
              "value": "206-526-4314"
            },
            {
              "fgdc_field": "cntfax",
              "reason": "Standard notes field",
              "value": "206-526-6485"
            },
            {
              "fgdc_field": "cntemail",
              "reason": "Standard notes field",
              "value": "kimberly.bahl@noaa.gov"
            },
            {
              "fgdc_field": "metstdn",
              "reason": "Standard notes field",
              "value": "Content Standards for Digital Geospatial Metadata"
            },
            {
              "fgdc_field": "metstdv",
              "reason": "Standard notes field",
              "value": "FGDC-STD-001-1998"
            },
            {
              "fgdc_field": "metac",
              "reason": "Standard notes field",
              "value": "Requests for one or two pages of data and/or short reports can usually be accommodated."
            },
            {
              "fgdc_field": "metuc",
              "reason": "Standard notes field",
              "value": "Republications of materials in this report series may be authorized by the department"
            }
          ],
          "unmapped": []
        }
      }
    },
    "compliance": {
      "zenodo_required_fields": 4,
      "zenodo_required_total": 4,
      "zenodo_required_percentage": 100.0,
      "zenodo_recommended_fields": 6,
      "zenodo_recommended_total": 6,
      "zenodo_recommended_percentage": 100.0,
      "pices_community_present": true,
      "open_access_compliant": true,
      "license_compliant": true,
      "overall_compliance_score": 100.0
    },
    "overall_score": 78.3,
    "overall_grade": "FAIR"
  },
  "files": [
    {
      "path": "output/data/original_fgdc/FGDC-642.xml",
      "description": "Original FGDC metadata XML",
      "type": "fgdc_xml"
    }
  ]
}