{
  "metadata": {
    "title": "Assessment of Injury to Waterbirds from the Exxon Valdez Oil Spill: Boat Surveys to Determine Distribution and Abundance of Migratory Birds in Prince William Sound",
    "upload_type": "dataset",
    "publication_date": "1220-03-01",
    "creators": [
      {
        "name": "Council, Exxon Valdez Oil Spill Trustee"
      },
      {
        "name": "Bodkin, James"
      }
    ],
    "description": "This report references population abundance and species composition data of black oystercatchers (Haematopus bachmani), goldeneyes (Bucephala islandica), harlequin ducks (Histrionicus histrionicus), and scoters (Melanitta spp.) and population abundance data of sea otters (Enhydra lutris) from Prince William Sound, Alaska.\n\n  The aforementioned data are referenced in citation: Klosiewski, S.P. and L.A. Hotchkiss.  1991.  Assessment of injury to waterbirds from the Exxon Valdez oil spill: boat surveys to determine distribution and abundance of migratory birds in Prince William Sound.  NRDA Bird Study No. 2.  Draft report.  Migratory Bird Management, US Fish and Wildlife Service.\n\n  This literature was collected as part of a metadatabase that represents one or more nearshore resources (from physical attributes such as water and air, to birds and mammals).  Each entry is viewable in three formats, 1) a geospatial explicit format (ArcView 3.3) named GIS ArcView 3.3 Near GEM project, 2) a spreadsheet format (Excel 2002 and within ArcView) named GEM Nearshore Metadata Set, and 3) a ProCite database named GEM Nearshore Metadata References, which consists of references included in 1 and 2 above.  The ProCite database record number corresponds to the Excel Procite Number.  Reference Procite #558 for this literature's metadata.\n\n  The metadata are maintained in digital format (ArcView 3.3, Excel 2002, and Procite) and are available from the Alaska Science Center, USGS in Anchorage, Alaska.\n\n  For a detailed description of the three databases and the project, see \"Bodkin, J. L., and T. Dean.  2003.  Alternative Sampling Designs for Nearshore Monitoring (Gulf Ecosystem Monitoring and Research Project G-030687), US Geological Survey, Alaska Science Center, Anchorage, Alaska.\" available on-line at http://www.evostc.state.ak.us/pdf/GEM_final_reports/030687.pdf.",
    "access_right": "open",
    "license": "cc-zero",
    "keywords": [
      "Mammals",
      "Birds",
      "Species Composition",
      "Prince William Sound",
      "Sea Otters (Enhydra lutris)",
      "Scoters (Melanitta spp.)",
      "Harlequin Ducks (Histrionicus histrionicus)",
      "Goldeneyes (Bucephala islandica)",
      "Black Oystercatchers (Haematopus bachmani)",
      "Population Abundance",
      "North Pacific Ocean"
    ],
    "notes": "Purpose: Part of the design effort of the \"Alternative Sampling Designs for Nearshore Monitoring\" (Gulf Ecosystem Monitoring and Research Project).  Provides a comprehensive historical perspective of locations and types of past studies conducted in the nearshore marine communities within Gulf of Alaska in the form of a geographical information system database.\n\nStatus: Complete\n\nMaintenance frequency: Unknown\n\nAccess constraints: Contact Source.\n\nUse constraints: Contact Source.\n\nDistribution liability: While every effort has been made to ensure that these data are accurate and reliable within the limits of the current state of the art, NOAA cannot assume liability for any damages caused by any errors or omissions in the data, nor as a result of the failure of the data to function on a particular system. NOAA makes no warranty, expressed or implied, nor does the fact of distribution constitute such a warranty.\n\nFGDC metadata date: 20040723\nFGDC metadata contact: Kimberly Bahl\nFGDC metadata standard: Content Standards for Digital Geospatial Metadata (version: FGDC-STD-001-1998)",
    "related_identifiers": [],
    "contributors": [
      {
        "name": "Bodkin, James L.",
        "type": "ContactPerson"
      },
      {
        "name": "Bodkin, James L.",
        "type": "Distributor"
      },
      {
        "name": "North Pacific Marine Science Organization (PICES)",
        "type": "Distributor"
      }
    ],
    "references": [],
    "communities": [
      {
        "identifier": "pices"
      }
    ],
    "subjects": [
      {
        "term": "Mammals",
        "identifier": "North Pacific Ecosystem Metadatabase:Mammals",
        "scheme": "thesaurus"
      },
      {
        "term": "Birds",
        "identifier": "North Pacific Ecosystem Metadatabase:Birds",
        "scheme": "thesaurus"
      },
      {
        "term": "Species Composition",
        "identifier": "North Pacific Ecosystem Metadatabase:Species Composition",
        "scheme": "thesaurus"
      },
      {
        "term": "Prince William Sound",
        "identifier": "North Pacific Ecosystem Metadatabase:Prince William Sound",
        "scheme": "thesaurus"
      },
      {
        "term": "Sea Otters (Enhydra lutris)",
        "identifier": "North Pacific Ecosystem Metadatabase:Sea Otters (Enhydra lutris)",
        "scheme": "thesaurus"
      },
      {
        "term": "Scoters (Melanitta spp.)",
        "identifier": "North Pacific Ecosystem Metadatabase:Scoters (Melanitta spp.)",
        "scheme": "thesaurus"
      },
      {
        "term": "Harlequin Ducks (Histrionicus histrionicus)",
        "identifier": "North Pacific Ecosystem Metadatabase:Harlequin Ducks (Histrionicus histrionicus)",
        "scheme": "thesaurus"
      },
      {
        "term": "Goldeneyes (Bucephala islandica)",
        "identifier": "North Pacific Ecosystem Metadatabase:Goldeneyes (Bucephala islandica)",
        "scheme": "thesaurus"
      },
      {
        "term": "Black Oystercatchers (Haematopus bachmani)",
        "identifier": "North Pacific Ecosystem Metadatabase:Black Oystercatchers (Haematopus bachmani)",
        "scheme": "thesaurus"
      },
      {
        "term": "Population Abundance",
        "identifier": "North Pacific Ecosystem Metadatabase:Population Abundance",
        "scheme": "thesaurus"
      },
      {
        "term": "North Pacific Ocean",
        "identifier": "North Pacific Ecosystem Metadatabase:North Pacific Ocean",
        "scheme": "thesaurus"
      }
    ],
    "publisher": "North Pacific Marine Science Organization"
  },
  "original_fgdc_file": "FGDC-3214.xml",
  "character_analysis": {
    "fgdc_total_chars": 6566,
    "fgdc_data_chars": 3035,
    "zenodo_total_chars": 6137,
    "zenodo_data_chars": 3524,
    "char_difference": 489,
    "char_ratio": 1.1611202635914333,
    "data_preservation_ratio": 1.1611202635914333
  },
  "enhanced_metrics": {
    "file_info": {
      "fgdc_size_bytes": 6566,
      "fgdc_size_kb": 6.41,
      "zenodo_size_bytes": 6137,
      "zenodo_size_kb": 5.99,
      "filename": "FGDC-3214.xml",
      "timestamp": "2025-10-11T23:39:47.628468"
    },
    "data_preservation": {
      "content_preservation_ratio": 0.837,
      "field_preservation_ratio": 0.833,
      "semantic_preservation_score": 0.8371687587168759,
      "data_loss_indicators": [],
      "data_gain_indicators": [
        "Significant data enrichment: 78.6% additional structured content added"
      ],
      "content_enrichment_ratio": 0.786
    },
    "field_coverage": {
      "critical_fields_present": 4,
      "critical_fields_total": 4,
      "critical_fields_percentage": 100.0,
      "important_fields_present": 4,
      "important_fields_total": 4,
      "important_fields_percentage": 100.0,
      "optional_fields_present": 4,
      "optional_fields_total": 6,
      "optional_fields_percentage": 66.7,
      "total_fields_present": 12,
      "total_fields_possible": 14,
      "overall_coverage_percentage": 85.7,
      "weighted_coverage_score": 98.2,
      "missing_critical_fields": [],
      "missing_important_fields": [],
      "present_optional_fields": [
        "notes",
        "related_identifiers",
        "contributors",
        "references"
      ]
    },
    "data_quality": {
      "title_quality": {
        "score": 100,
        "issues": [],
        "grade": "A"
      },
      "creator_quality": {
        "score": 100,
        "issues": [],
        "grade": "A"
      },
      "description_quality": {
        "score": 100,
        "issues": [],
        "grade": "A"
      },
      "keyword_quality": {
        "score": 100,
        "issues": [],
        "grade": "A"
      },
      "date_quality": {
        "score": 70,
        "issues": [
          "Date too early"
        ],
        "grade": "C"
      },
      "license_quality": {
        "score": 100,
        "issues": [],
        "grade": "A"
      },
      "overall_quality_score": 95.0,
      "quality_grade": "EXCELLENT"
    },
    "transformation_effectiveness": {
      "mapping_completeness": 24.2,
      "data_enrichment_score": 50.0,
      "format_compliance": 100.0,
      "semantic_accuracy": 85.0,
      "overall_effectiveness_score": 64.8,
      "field_mapping_breakdown": {
        "total_fgdc_fields": 62,
        "directly_mapped_fields": 15,
        "fields_in_notes": 46,
        "unmapped_fields": 1,
        "direct_mapping_percentage": 24.2,
        "notes_mapping_percentage": 74.2,
        "total_preservation_percentage": 98.4,
        "mapping_details": {
          "directly_mapped": [
            {
              "fgdc_field": "origin",
              "zenodo_field": "creators",
              "value": "Exxon Valdez Oil Spill Trustee Council, James Bodkin of the U.S. Geological Survey, Anchorage, Alask..."
            },
            {
              "fgdc_field": "pubdate",
              "zenodo_field": "publication_date",
              "value": "122003"
            },
            {
              "fgdc_field": "title",
              "zenodo_field": "title",
              "value": "Assessment of Injury to Waterbirds from the Exxon Valdez Oil Spill: Boat Surveys to Determine Distri..."
            },
            {
              "fgdc_field": "abstract",
              "zenodo_field": "description",
              "value": "This report references population abundance and species composition data of black oystercatchers (Ha..."
            },
            {
              "fgdc_field": "themekey",
              "zenodo_field": "keywords",
              "value": "North Pacific Ocean"
            },
            {
              "fgdc_field": "themekey",
              "zenodo_field": "keywords",
              "value": "North Pacific Ocean"
            },
            {
              "fgdc_field": "themekey",
              "zenodo_field": "keywords",
              "value": "North Pacific Ocean"
            },
            {
              "fgdc_field": "themekey",
              "zenodo_field": "keywords",
              "value": "North Pacific Ocean"
            },
            {
              "fgdc_field": "themekey",
              "zenodo_field": "keywords",
              "value": "North Pacific Ocean"
            },
            {
              "fgdc_field": "themekey",
              "zenodo_field": "keywords",
              "value": "North Pacific Ocean"
            },
            {
              "fgdc_field": "themekey",
              "zenodo_field": "keywords",
              "value": "North Pacific Ocean"
            },
            {
              "fgdc_field": "themekey",
              "zenodo_field": "keywords",
              "value": "North Pacific Ocean"
            },
            {
              "fgdc_field": "themekey",
              "zenodo_field": "keywords",
              "value": "North Pacific Ocean"
            },
            {
              "fgdc_field": "themekey",
              "zenodo_field": "keywords",
              "value": "North Pacific Ocean"
            },
            {
              "fgdc_field": "themekey",
              "zenodo_field": "keywords",
              "value": "North Pacific Ocean"
            }
          ],
          "notes_mapped": [
            {
              "fgdc_field": "purpose",
              "reason": "Standard notes field",
              "value": "Part of the design effort of the \"Alternative Sampling Designs for Nearshore Monitoring\" (Gulf Ecosy..."
            },
            {
              "fgdc_field": "current",
              "reason": "Standard notes field",
              "value": "Sample Date"
            },
            {
              "fgdc_field": "progress",
              "reason": "Standard notes field",
              "value": "Complete"
            },
            {
              "fgdc_field": "update",
              "reason": "Standard notes field",
              "value": "Unknown"
            },
            {
              "fgdc_field": "westbc",
              "reason": "Standard notes field",
              "value": "-147.16"
            },
            {
              "fgdc_field": "eastbc",
              "reason": "Standard notes field",
              "value": "-147.16"
            },
            {
              "fgdc_field": "northbc",
              "reason": "Standard notes field",
              "value": "60.6"
            },
            {
              "fgdc_field": "southbc",
              "reason": "Standard notes field",
              "value": "60.6"
            },
            {
              "fgdc_field": "themekt",
              "reason": "Standard notes field",
              "value": "Other"
            },
            {
              "fgdc_field": "themekt",
              "reason": "Standard notes field",
              "value": "Other"
            },
            {
              "fgdc_field": "accconst",
              "reason": "Standard notes field",
              "value": "Contact Source."
            },
            {
              "fgdc_field": "useconst",
              "reason": "Standard notes field",
              "value": "Contact Source."
            },
            {
              "fgdc_field": "cntper",
              "reason": "Standard notes field",
              "value": "Kimberly Bahl"
            },
            {
              "fgdc_field": "addrtype",
              "reason": "Standard notes field",
              "value": "Mailing and Physical Address"
            },
            {
              "fgdc_field": "address",
              "reason": "Standard notes field",
              "value": "NOAA / AFSC / PMEL, 7600 Sand Point Way N.E."
            },
            {
              "fgdc_field": "city",
              "reason": "Standard notes field",
              "value": "Seattle"
            },
            {
              "fgdc_field": "state",
              "reason": "Standard notes field",
              "value": "WA"
            },
            {
              "fgdc_field": "postal",
              "reason": "Standard notes field",
              "value": "98115"
            },
            {
              "fgdc_field": "country",
              "reason": "Standard notes field",
              "value": "USA"
            },
            {
              "fgdc_field": "cntvoice",
              "reason": "Standard notes field",
              "value": "206-526-4314"
            },
            {
              "fgdc_field": "cntemail",
              "reason": "Standard notes field",
              "value": "kimberly.bahl@noaa.gov"
            },
            {
              "fgdc_field": "cntper",
              "reason": "Standard notes field",
              "value": "Kimberly Bahl"
            },
            {
              "fgdc_field": "addrtype",
              "reason": "Standard notes field",
              "value": "Mailing and Physical Address"
            },
            {
              "fgdc_field": "address",
              "reason": "Standard notes field",
              "value": "NOAA / AFSC / PMEL, 7600 Sand Point Way N.E."
            },
            {
              "fgdc_field": "city",
              "reason": "Standard notes field",
              "value": "Seattle"
            },
            {
              "fgdc_field": "state",
              "reason": "Standard notes field",
              "value": "WA"
            },
            {
              "fgdc_field": "postal",
              "reason": "Standard notes field",
              "value": "98115"
            },
            {
              "fgdc_field": "country",
              "reason": "Standard notes field",
              "value": "USA"
            },
            {
              "fgdc_field": "cntvoice",
              "reason": "Standard notes field",
              "value": "206-526-4314"
            },
            {
              "fgdc_field": "cntemail",
              "reason": "Standard notes field",
              "value": "kimberly.bahl@noaa.gov"
            },
            {
              "fgdc_field": "distliab",
              "reason": "Standard notes field",
              "value": "While every effort has been made to ensure that these data are accurate and reliable within the limi..."
            },
            {
              "fgdc_field": "metd",
              "reason": "Standard notes field",
              "value": "20040723"
            },
            {
              "fgdc_field": "cntper",
              "reason": "Standard notes field",
              "value": "Kimberly Bahl"
            },
            {
              "fgdc_field": "addrtype",
              "reason": "Standard notes field",
              "value": "Mailing and Physical Address"
            },
            {
              "fgdc_field": "address",
              "reason": "Standard notes field",
              "value": "NOAA / AFSC / PMEL, 7600 Sand Point Way N.E."
            },
            {
              "fgdc_field": "city",
              "reason": "Standard notes field",
              "value": "Seattle"
            },
            {
              "fgdc_field": "state",
              "reason": "Standard notes field",
              "value": "WA"
            },
            {
              "fgdc_field": "postal",
              "reason": "Standard notes field",
              "value": "98115"
            },
            {
              "fgdc_field": "country",
              "reason": "Standard notes field",
              "value": "USA"
            },
            {
              "fgdc_field": "cntvoice",
              "reason": "Standard notes field",
              "value": "206-526-4314"
            },
            {
              "fgdc_field": "cntfax",
              "reason": "Standard notes field",
              "value": "206-526-6485"
            },
            {
              "fgdc_field": "cntemail",
              "reason": "Standard notes field",
              "value": "kimberly.bahl@noaa.gov"
            },
            {
              "fgdc_field": "metstdn",
              "reason": "Standard notes field",
              "value": "Content Standards for Digital Geospatial Metadata"
            },
            {
              "fgdc_field": "metstdv",
              "reason": "Standard notes field",
              "value": "FGDC-STD-001-1998"
            },
            {
              "fgdc_field": "metac",
              "reason": "Standard notes field",
              "value": "Contact Source."
            },
            {
              "fgdc_field": "metuc",
              "reason": "Standard notes field",
              "value": "Contact Source."
            }
          ],
          "unmapped": [
            {
              "fgdc_field": "caldate",
              "reason": "No mapping found - field not in notes or other fields",
              "value": "Summers of 1984, 1985, and 1989."
            }
          ]
        }
      }
    },
    "compliance": {
      "zenodo_required_fields": 4,
      "zenodo_required_total": 4,
      "zenodo_required_percentage": 100.0,
      "zenodo_recommended_fields": 6,
      "zenodo_recommended_total": 6,
      "zenodo_recommended_percentage": 100.0,
      "pices_community_present": true,
      "open_access_compliant": true,
      "license_compliant": true,
      "overall_compliance_score": 100.0
    },
    "overall_score": 87.4,
    "overall_grade": "GOOD"
  },
  "files": [
    {
      "path": "output/data/original_fgdc/FGDC-3214.xml",
      "description": "Original FGDC metadata XML",
      "type": "fgdc_xml"
    }
  ]
}