{
  "metadata": {
    "title": "Prince William Sound Nowcast-Forecast System (PWS NFS)",
    "upload_type": "dataset",
    "publication_date": "2005-03-30",
    "creators": [
      {
        "name": "NFS), Prince William Sound Nowcast-Forecast System (PWS"
      }
    ],
    "description": "Dataset: Prince William Sound Nowcast-Forecast System (PWS NFS)",
    "access_right": "open",
    "license": "cc-zero",
    "keywords": [
      "Plankton",
      "Meteorology",
      "Oceanography",
      "Atmosphere",
      "Ocean Currents",
      "Air Temperature",
      "Atmospheric Pressure",
      "Wind",
      "Nekton",
      "Buoys",
      "Water Level",
      "Salinity",
      "Sea Temperature",
      "Hydrography",
      "Tides",
      "North Pacific Ocean"
    ],
    "notes": "Access constraints: None\n\nUse constraints: Contact Source.\n\nDistribution liability: While every effort has been made to ensure that these data are accurate and reliable within the limits of the current state of the art, NOAA cannot assume liability for any damages caused by any errors or omissions in the data, nor as a result of the failure of the data to function on a particular system. NOAA makes no warranty, expressed or implied, nor does the fact of distribution constitute such a warranty.\n\nFGDC metadata date: 20050330\nFGDC metadata contact: Kimberly Bahl\nFGDC metadata standard: Content Standards for Digital Geospatial Metadata (version: FGDC-STD-001-1998)",
    "related_identifiers": [],
    "contributors": [
      {
        "name": "Bird, Nancy",
        "type": "ContactPerson"
      },
      {
        "name": "Bird, Nancy",
        "type": "Distributor"
      },
      {
        "name": "North Pacific Marine Science Organization (PICES)",
        "type": "Distributor"
      }
    ],
    "references": [],
    "communities": [
      {
        "identifier": "pices"
      }
    ],
    "subjects": [
      {
        "term": "Plankton",
        "identifier": "North Pacific Ecosystem Metadatabase:Plankton",
        "scheme": "thesaurus"
      },
      {
        "term": "Meteorology",
        "identifier": "North Pacific Ecosystem Metadatabase:Meteorology",
        "scheme": "thesaurus"
      },
      {
        "term": "Oceanography",
        "identifier": "North Pacific Ecosystem Metadatabase:Oceanography",
        "scheme": "thesaurus"
      },
      {
        "term": "Atmosphere",
        "identifier": "North Pacific Ecosystem Metadatabase:Atmosphere",
        "scheme": "thesaurus"
      },
      {
        "term": "Ocean Currents",
        "identifier": "North Pacific Ecosystem Metadatabase:Ocean Currents",
        "scheme": "thesaurus"
      },
      {
        "term": "Air Temperature",
        "identifier": "North Pacific Ecosystem Metadatabase:Air Temperature",
        "scheme": "thesaurus"
      },
      {
        "term": "Atmospheric Pressure",
        "identifier": "North Pacific Ecosystem Metadatabase:Atmospheric Pressure",
        "scheme": "thesaurus"
      },
      {
        "term": "Wind",
        "identifier": "North Pacific Ecosystem Metadatabase:Wind",
        "scheme": "thesaurus"
      },
      {
        "term": "Nekton",
        "identifier": "North Pacific Ecosystem Metadatabase:Nekton",
        "scheme": "thesaurus"
      },
      {
        "term": "Buoys",
        "identifier": "North Pacific Ecosystem Metadatabase:Buoys",
        "scheme": "thesaurus"
      },
      {
        "term": "Water Level",
        "identifier": "North Pacific Ecosystem Metadatabase:Water Level",
        "scheme": "thesaurus"
      },
      {
        "term": "Salinity",
        "identifier": "North Pacific Ecosystem Metadatabase:Salinity",
        "scheme": "thesaurus"
      },
      {
        "term": "Sea Temperature",
        "identifier": "North Pacific Ecosystem Metadatabase:Sea Temperature",
        "scheme": "thesaurus"
      },
      {
        "term": "Hydrography",
        "identifier": "North Pacific Ecosystem Metadatabase:Hydrography",
        "scheme": "thesaurus"
      },
      {
        "term": "Tides",
        "identifier": "North Pacific Ecosystem Metadatabase:Tides",
        "scheme": "thesaurus"
      },
      {
        "term": "North Pacific Ocean",
        "identifier": "North Pacific Ecosystem Metadatabase:North Pacific Ocean",
        "scheme": "thesaurus"
      }
    ],
    "publisher": "North Pacific Marine Science Organization"
  },
  "original_fgdc_file": "FGDC-3873.xml",
  "character_analysis": {
    "fgdc_total_chars": 4955,
    "fgdc_data_chars": 464,
    "zenodo_total_chars": 4122,
    "zenodo_data_chars": 1085,
    "char_difference": 621,
    "char_ratio": 2.3383620689655173,
    "data_preservation_ratio": 2.3383620689655173
  },
  "enhanced_metrics": {
    "file_info": {
      "fgdc_size_bytes": 4955,
      "fgdc_size_kb": 4.84,
      "zenodo_size_bytes": 4122,
      "zenodo_size_kb": 4.03,
      "filename": "FGDC-3873.xml",
      "timestamp": "2025-10-11T23:39:51.576335"
    },
    "data_preservation": {
      "content_preservation_ratio": 1.289,
      "field_preservation_ratio": 0.714,
      "semantic_preservation_score": 1.0,
      "data_loss_indicators": [],
      "data_gain_indicators": [
        "Significant data enrichment: 610.7% additional structured content added"
      ],
      "content_enrichment_ratio": 6.107
    },
    "field_coverage": {
      "critical_fields_present": 4,
      "critical_fields_total": 4,
      "critical_fields_percentage": 100.0,
      "important_fields_present": 4,
      "important_fields_total": 4,
      "important_fields_percentage": 100.0,
      "optional_fields_present": 4,
      "optional_fields_total": 6,
      "optional_fields_percentage": 66.7,
      "total_fields_present": 12,
      "total_fields_possible": 14,
      "overall_coverage_percentage": 85.7,
      "weighted_coverage_score": 98.2,
      "missing_critical_fields": [],
      "missing_important_fields": [],
      "present_optional_fields": [
        "notes",
        "related_identifiers",
        "contributors",
        "references"
      ]
    },
    "data_quality": {
      "title_quality": {
        "score": 100,
        "issues": [],
        "grade": "A"
      },
      "creator_quality": {
        "score": 100,
        "issues": [],
        "grade": "A"
      },
      "description_quality": {
        "score": 85,
        "issues": [
          "Description should have multiple sentences"
        ],
        "grade": "B"
      },
      "keyword_quality": {
        "score": 100,
        "issues": [],
        "grade": "A"
      },
      "date_quality": {
        "score": 100,
        "issues": [],
        "grade": "A"
      },
      "license_quality": {
        "score": 100,
        "issues": [],
        "grade": "A"
      },
      "overall_quality_score": 97.5,
      "quality_grade": "EXCELLENT"
    },
    "transformation_effectiveness": {
      "mapping_completeness": 28.4,
      "data_enrichment_score": 50.0,
      "format_compliance": 100.0,
      "semantic_accuracy": 85.0,
      "overall_effectiveness_score": 65.8,
      "field_mapping_breakdown": {
        "total_fgdc_fields": 67,
        "directly_mapped_fields": 19,
        "fields_in_notes": 48,
        "unmapped_fields": 0,
        "direct_mapping_percentage": 28.4,
        "notes_mapping_percentage": 71.6,
        "total_preservation_percentage": 100.0,
        "mapping_details": {
          "directly_mapped": [
            {
              "fgdc_field": "origin",
              "zenodo_field": "creators",
              "value": "Prince William Sound Nowcast-Forecast System (PWS NFS)"
            },
            {
              "fgdc_field": "pubdate",
              "zenodo_field": "publication_date",
              "value": "Unknown"
            },
            {
              "fgdc_field": "title",
              "zenodo_field": "title",
              "value": "Prince William Sound Nowcast-Forecast System (PWS NFS)"
            },
            {
              "fgdc_field": "themekey",
              "zenodo_field": "keywords",
              "value": "North Pacific Ocean"
            },
            {
              "fgdc_field": "themekey",
              "zenodo_field": "keywords",
              "value": "North Pacific Ocean"
            },
            {
              "fgdc_field": "themekey",
              "zenodo_field": "keywords",
              "value": "North Pacific Ocean"
            },
            {
              "fgdc_field": "themekey",
              "zenodo_field": "keywords",
              "value": "North Pacific Ocean"
            },
            {
              "fgdc_field": "themekey",
              "zenodo_field": "keywords",
              "value": "North Pacific Ocean"
            },
            {
              "fgdc_field": "themekey",
              "zenodo_field": "keywords",
              "value": "North Pacific Ocean"
            },
            {
              "fgdc_field": "themekey",
              "zenodo_field": "keywords",
              "value": "North Pacific Ocean"
            },
            {
              "fgdc_field": "themekey",
              "zenodo_field": "keywords",
              "value": "North Pacific Ocean"
            },
            {
              "fgdc_field": "themekey",
              "zenodo_field": "keywords",
              "value": "North Pacific Ocean"
            },
            {
              "fgdc_field": "themekey",
              "zenodo_field": "keywords",
              "value": "North Pacific Ocean"
            },
            {
              "fgdc_field": "themekey",
              "zenodo_field": "keywords",
              "value": "North Pacific Ocean"
            },
            {
              "fgdc_field": "themekey",
              "zenodo_field": "keywords",
              "value": "North Pacific Ocean"
            },
            {
              "fgdc_field": "themekey",
              "zenodo_field": "keywords",
              "value": "North Pacific Ocean"
            },
            {
              "fgdc_field": "themekey",
              "zenodo_field": "keywords",
              "value": "North Pacific Ocean"
            },
            {
              "fgdc_field": "themekey",
              "zenodo_field": "keywords",
              "value": "North Pacific Ocean"
            },
            {
              "fgdc_field": "themekey",
              "zenodo_field": "keywords",
              "value": "North Pacific Ocean"
            }
          ],
          "notes_mapped": [
            {
              "fgdc_field": "p",
              "reason": "Found in notes or other fields",
              "value": "Observations include water temperature, salinity, water level, tides, currents, plankton and nekton ..."
            },
            {
              "fgdc_field": "p",
              "reason": "Found in notes or other fields",
              "value": "Observations include water temperature, salinity, water level, tides, currents, plankton and nekton ..."
            },
            {
              "fgdc_field": "begdate",
              "reason": "Standard notes field",
              "value": "19880804"
            },
            {
              "fgdc_field": "current",
              "reason": "Standard notes field",
              "value": "Ground Condition"
            },
            {
              "fgdc_field": "westbc",
              "reason": "Standard notes field",
              "value": "-149.93"
            },
            {
              "fgdc_field": "eastbc",
              "reason": "Standard notes field",
              "value": "-145.3"
            },
            {
              "fgdc_field": "northbc",
              "reason": "Standard notes field",
              "value": "60.86"
            },
            {
              "fgdc_field": "southbc",
              "reason": "Standard notes field",
              "value": "60.06"
            },
            {
              "fgdc_field": "themekt",
              "reason": "Standard notes field",
              "value": "Other"
            },
            {
              "fgdc_field": "themekt",
              "reason": "Standard notes field",
              "value": "Other"
            },
            {
              "fgdc_field": "accconst",
              "reason": "Standard notes field",
              "value": "None"
            },
            {
              "fgdc_field": "useconst",
              "reason": "Standard notes field",
              "value": "Contact Source."
            },
            {
              "fgdc_field": "cntper",
              "reason": "Standard notes field",
              "value": "Kimberly Bahl"
            },
            {
              "fgdc_field": "addrtype",
              "reason": "Standard notes field",
              "value": "Mailing and Physical Address"
            },
            {
              "fgdc_field": "address",
              "reason": "Standard notes field",
              "value": "NOAA / AFSC / PMEL, 7600 Sand Point Way N.E."
            },
            {
              "fgdc_field": "city",
              "reason": "Standard notes field",
              "value": "Seattle"
            },
            {
              "fgdc_field": "state",
              "reason": "Standard notes field",
              "value": "WA"
            },
            {
              "fgdc_field": "postal",
              "reason": "Standard notes field",
              "value": "98115"
            },
            {
              "fgdc_field": "country",
              "reason": "Standard notes field",
              "value": "USA"
            },
            {
              "fgdc_field": "cntvoice",
              "reason": "Standard notes field",
              "value": "206-526-4314"
            },
            {
              "fgdc_field": "cntfax",
              "reason": "Standard notes field",
              "value": "206-526-6485"
            },
            {
              "fgdc_field": "cntemail",
              "reason": "Standard notes field",
              "value": "kimberly.bahl@noaa.gov"
            },
            {
              "fgdc_field": "cntper",
              "reason": "Standard notes field",
              "value": "Kimberly Bahl"
            },
            {
              "fgdc_field": "addrtype",
              "reason": "Standard notes field",
              "value": "Mailing and Physical Address"
            },
            {
              "fgdc_field": "address",
              "reason": "Standard notes field",
              "value": "NOAA / AFSC / PMEL, 7600 Sand Point Way N.E."
            },
            {
              "fgdc_field": "city",
              "reason": "Standard notes field",
              "value": "Seattle"
            },
            {
              "fgdc_field": "state",
              "reason": "Standard notes field",
              "value": "WA"
            },
            {
              "fgdc_field": "postal",
              "reason": "Standard notes field",
              "value": "98115"
            },
            {
              "fgdc_field": "country",
              "reason": "Standard notes field",
              "value": "USA"
            },
            {
              "fgdc_field": "cntvoice",
              "reason": "Standard notes field",
              "value": "206-526-4314"
            },
            {
              "fgdc_field": "cntfax",
              "reason": "Standard notes field",
              "value": "206-526-6485"
            },
            {
              "fgdc_field": "cntemail",
              "reason": "Standard notes field",
              "value": "kimberly.bahl@noaa.gov"
            },
            {
              "fgdc_field": "distliab",
              "reason": "Standard notes field",
              "value": "While every effort has been made to ensure that these data are accurate and reliable within the limi..."
            },
            {
              "fgdc_field": "metd",
              "reason": "Standard notes field",
              "value": "20050330"
            },
            {
              "fgdc_field": "cntper",
              "reason": "Standard notes field",
              "value": "Kimberly Bahl"
            },
            {
              "fgdc_field": "addrtype",
              "reason": "Standard notes field",
              "value": "Mailing and Physical Address"
            },
            {
              "fgdc_field": "address",
              "reason": "Standard notes field",
              "value": "NOAA / AFSC / PMEL, 7600 Sand Point Way N.E."
            },
            {
              "fgdc_field": "city",
              "reason": "Standard notes field",
              "value": "Seattle"
            },
            {
              "fgdc_field": "state",
              "reason": "Standard notes field",
              "value": "WA"
            },
            {
              "fgdc_field": "postal",
              "reason": "Standard notes field",
              "value": "98115"
            },
            {
              "fgdc_field": "country",
              "reason": "Standard notes field",
              "value": "USA"
            },
            {
              "fgdc_field": "cntvoice",
              "reason": "Standard notes field",
              "value": "206-526-4314"
            },
            {
              "fgdc_field": "cntfax",
              "reason": "Standard notes field",
              "value": "206-526-6485"
            },
            {
              "fgdc_field": "cntemail",
              "reason": "Standard notes field",
              "value": "kimberly.bahl@noaa.gov"
            },
            {
              "fgdc_field": "metstdn",
              "reason": "Standard notes field",
              "value": "Content Standards for Digital Geospatial Metadata"
            },
            {
              "fgdc_field": "metstdv",
              "reason": "Standard notes field",
              "value": "FGDC-STD-001-1998"
            },
            {
              "fgdc_field": "metac",
              "reason": "Standard notes field",
              "value": "None"
            },
            {
              "fgdc_field": "metuc",
              "reason": "Standard notes field",
              "value": "Contact Source."
            }
          ],
          "unmapped": []
        }
      }
    },
    "compliance": {
      "zenodo_required_fields": 4,
      "zenodo_required_total": 4,
      "zenodo_required_percentage": 100.0,
      "zenodo_recommended_fields": 6,
      "zenodo_recommended_total": 6,
      "zenodo_recommended_percentage": 100.0,
      "pices_community_present": true,
      "open_access_compliant": true,
      "license_compliant": true,
      "overall_compliance_score": 100.0
    },
    "overall_score": 104.0,
    "overall_grade": "EXCELLENT"
  },
  "files": [
    {
      "path": "output/data/original_fgdc/FGDC-3873.xml",
      "description": "Original FGDC metadata XML",
      "type": "fgdc_xml"
    }
  ]
}