{
  "metadata": {
    "title": "Time-series Information in the Yellow Sea and Bohai Sea",
    "upload_type": "dataset",
    "publication_date": "2004-03-29",
    "creators": [
      {
        "name": "Academy, Chinese"
      }
    ],
    "description": "Time-series data collected by the Yellow Sea Fisheries Research Institute (YSFRI) mainly focused on the Yellow Sea and Bohai Sea.  The surveys were conducted only by bottom trawl at different years since the mid-1980s.  The stations of bottom trawl  surveys were all predetermined.  The data include temperature, salinity, nutrients, plankton, invertebrate, species composition of trawl, length, weight, stomach contents of fish, etc.    The hydroacoustic/trawl surveys have been used to assess the stock biomass in the Yellow Sea and sometimes in the East China Sea, for such species as Japanese anchovy (Engraulis japonicus), largehead hairtail (Trichiurus haumela) and sardine (Sardinops melanosticta).  During the stock assessment surveys, environmental parameters were also collected at the same time.  Those parameters are useful for studying ecosystem changes and may influence the ecosystem and biodiversity in the sea.  \n\n[ Reference: PICES Scientific Report No. 18 2001, Proceedings of the PICES/CoML/IPRC Workshop on \"Impact of Climate Variability on Observation and Prediction of Ecosystem and Biodiversity Changes in the North Pacific\", http://www.pices.int/publications/scientific_reports/Report18/default.aspx. ]",
    "access_right": "open",
    "license": "cc-zero",
    "keywords": [
      "Fish",
      "Yellow Sea/West Sea",
      "Bohai Sea",
      "Bottom Trawl Survey",
      "North Pacific Ocean"
    ],
    "notes": "Purpose: To assess relative abundance and shift of dominant species.\n\nStatus: In Progress\n\nMaintenance frequency: Irregular\n\nAccess constraints: Contact Source.\n\nUse constraints: Contact Source.\n\nDistribution liability: While every effort has been made to ensure that these data are accurate and reliable within the limits of the current state of the art, NOAA cannot assume liability for any damages caused by any errors or omissions in the data, nor as a result of the failure of the data to function on a particular system. NOAA makes no warranty, expressed or implied, nor does the fact of distribution constitute such a warranty.\n\nFGDC metadata date: 20040329\nFGDC metadata contact: Kimberly Bahl\nFGDC metadata standard: Content Standards for Digital Geospatial Metadata (version: FGDC-STD-001-1998)",
    "related_identifiers": [],
    "contributors": [
      {
        "name": "Tang, Qisheng",
        "type": "ContactPerson"
      },
      {
        "name": "Tang, Qisheng",
        "type": "Distributor"
      },
      {
        "name": "North Pacific Marine Science Organization (PICES)",
        "type": "Distributor"
      }
    ],
    "references": [],
    "communities": [
      {
        "identifier": "pices"
      }
    ],
    "subjects": [
      {
        "term": "Fish",
        "identifier": "North Pacific Ecosystem Metadatabase:Fish",
        "scheme": "thesaurus"
      },
      {
        "term": "Yellow Sea/West Sea",
        "identifier": "North Pacific Ecosystem Metadatabase:Yellow Sea/West Sea",
        "scheme": "thesaurus"
      },
      {
        "term": "Bohai Sea",
        "identifier": "North Pacific Ecosystem Metadatabase:Bohai Sea",
        "scheme": "thesaurus"
      },
      {
        "term": "Bottom Trawl Survey",
        "identifier": "North Pacific Ecosystem Metadatabase:Bottom Trawl Survey",
        "scheme": "thesaurus"
      },
      {
        "term": "North Pacific Ocean",
        "identifier": "North Pacific Ecosystem Metadatabase:North Pacific Ocean",
        "scheme": "thesaurus"
      }
    ],
    "publisher": "North Pacific Marine Science Organization"
  },
  "original_fgdc_file": "FGDC-1878.xml",
  "character_analysis": {
    "fgdc_total_chars": 5005,
    "fgdc_data_chars": 1654,
    "zenodo_total_chars": 3678,
    "zenodo_data_chars": 2247,
    "char_difference": 593,
    "char_ratio": 1.3585247883917775,
    "data_preservation_ratio": 1.3585247883917775
  },
  "enhanced_metrics": {
    "file_info": {
      "fgdc_size_bytes": 5005,
      "fgdc_size_kb": 4.89,
      "zenodo_size_bytes": 3678,
      "zenodo_size_kb": 3.59,
      "filename": "FGDC-1878.xml",
      "timestamp": "2025-10-11T23:39:36.275358"
    },
    "data_preservation": {
      "content_preservation_ratio": 0.931,
      "field_preservation_ratio": 1.25,
      "semantic_preservation_score": 0.9311023622047244,
      "data_loss_indicators": [],
      "data_gain_indicators": [
        "Significant data enrichment: 85.8% additional structured content added"
      ],
      "content_enrichment_ratio": 0.858
    },
    "field_coverage": {
      "critical_fields_present": 4,
      "critical_fields_total": 4,
      "critical_fields_percentage": 100.0,
      "important_fields_present": 4,
      "important_fields_total": 4,
      "important_fields_percentage": 100.0,
      "optional_fields_present": 4,
      "optional_fields_total": 6,
      "optional_fields_percentage": 66.7,
      "total_fields_present": 12,
      "total_fields_possible": 14,
      "overall_coverage_percentage": 85.7,
      "weighted_coverage_score": 98.2,
      "missing_critical_fields": [],
      "missing_important_fields": [],
      "present_optional_fields": [
        "notes",
        "related_identifiers",
        "contributors",
        "references"
      ]
    },
    "data_quality": {
      "title_quality": {
        "score": 100,
        "issues": [],
        "grade": "A"
      },
      "creator_quality": {
        "score": 100,
        "issues": [],
        "grade": "A"
      },
      "description_quality": {
        "score": 100,
        "issues": [],
        "grade": "A"
      },
      "keyword_quality": {
        "score": 100,
        "issues": [],
        "grade": "A"
      },
      "date_quality": {
        "score": 100,
        "issues": [],
        "grade": "A"
      },
      "license_quality": {
        "score": 100,
        "issues": [],
        "grade": "A"
      },
      "overall_quality_score": 100.0,
      "quality_grade": "EXCELLENT"
    },
    "transformation_effectiveness": {
      "mapping_completeness": 16.7,
      "data_enrichment_score": 50.0,
      "format_compliance": 100.0,
      "semantic_accuracy": 85.0,
      "overall_effectiveness_score": 62.9,
      "field_mapping_breakdown": {
        "total_fgdc_fields": 54,
        "directly_mapped_fields": 9,
        "fields_in_notes": 44,
        "unmapped_fields": 1,
        "direct_mapping_percentage": 16.7,
        "notes_mapping_percentage": 81.5,
        "total_preservation_percentage": 98.1,
        "mapping_details": {
          "directly_mapped": [
            {
              "fgdc_field": "origin",
              "zenodo_field": "creators",
              "value": "Chinese Academy of Fishery Sciences, Yellow Sea Fisheries Research Institute"
            },
            {
              "fgdc_field": "pubdate",
              "zenodo_field": "publication_date",
              "value": "Unknown"
            },
            {
              "fgdc_field": "title",
              "zenodo_field": "title",
              "value": "Time-series Information in the Yellow Sea and Bohai Sea"
            },
            {
              "fgdc_field": "abstract",
              "zenodo_field": "description",
              "value": "Time-series data collected by the Yellow Sea Fisheries Research Institute (YSFRI) mainly focused on ..."
            },
            {
              "fgdc_field": "themekey",
              "zenodo_field": "keywords",
              "value": "North Pacific Ocean"
            },
            {
              "fgdc_field": "themekey",
              "zenodo_field": "keywords",
              "value": "North Pacific Ocean"
            },
            {
              "fgdc_field": "themekey",
              "zenodo_field": "keywords",
              "value": "North Pacific Ocean"
            },
            {
              "fgdc_field": "themekey",
              "zenodo_field": "keywords",
              "value": "North Pacific Ocean"
            },
            {
              "fgdc_field": "themekey",
              "zenodo_field": "keywords",
              "value": "North Pacific Ocean"
            }
          ],
          "notes_mapped": [
            {
              "fgdc_field": "purpose",
              "reason": "Standard notes field",
              "value": "To assess relative abundance and shift of dominant species."
            },
            {
              "fgdc_field": "current",
              "reason": "Standard notes field",
              "value": "Ground Condition"
            },
            {
              "fgdc_field": "progress",
              "reason": "Standard notes field",
              "value": "In Progress"
            },
            {
              "fgdc_field": "update",
              "reason": "Standard notes field",
              "value": "Irregular"
            },
            {
              "fgdc_field": "westbc",
              "reason": "Standard notes field",
              "value": "117.5"
            },
            {
              "fgdc_field": "eastbc",
              "reason": "Standard notes field",
              "value": "126"
            },
            {
              "fgdc_field": "northbc",
              "reason": "Standard notes field",
              "value": "41.45"
            },
            {
              "fgdc_field": "southbc",
              "reason": "Standard notes field",
              "value": "33"
            },
            {
              "fgdc_field": "themekt",
              "reason": "Standard notes field",
              "value": "Other"
            },
            {
              "fgdc_field": "themekt",
              "reason": "Standard notes field",
              "value": "Other"
            },
            {
              "fgdc_field": "accconst",
              "reason": "Standard notes field",
              "value": "Contact Source."
            },
            {
              "fgdc_field": "useconst",
              "reason": "Standard notes field",
              "value": "Contact Source."
            },
            {
              "fgdc_field": "cntper",
              "reason": "Standard notes field",
              "value": "Kimberly Bahl"
            },
            {
              "fgdc_field": "addrtype",
              "reason": "Standard notes field",
              "value": "Mailing and Physical Address"
            },
            {
              "fgdc_field": "address",
              "reason": "Standard notes field",
              "value": "NOAA / AFSC / PMEL, 7600 Sand Point Way N.E."
            },
            {
              "fgdc_field": "city",
              "reason": "Standard notes field",
              "value": "Seattle"
            },
            {
              "fgdc_field": "state",
              "reason": "Standard notes field",
              "value": "WA"
            },
            {
              "fgdc_field": "postal",
              "reason": "Standard notes field",
              "value": "98115"
            },
            {
              "fgdc_field": "country",
              "reason": "Standard notes field",
              "value": "USA"
            },
            {
              "fgdc_field": "cntemail",
              "reason": "Standard notes field",
              "value": "kimberly.bahl@noaa.gov"
            },
            {
              "fgdc_field": "cntper",
              "reason": "Standard notes field",
              "value": "Kimberly Bahl"
            },
            {
              "fgdc_field": "addrtype",
              "reason": "Standard notes field",
              "value": "Mailing and Physical Address"
            },
            {
              "fgdc_field": "address",
              "reason": "Standard notes field",
              "value": "NOAA / AFSC / PMEL, 7600 Sand Point Way N.E."
            },
            {
              "fgdc_field": "city",
              "reason": "Standard notes field",
              "value": "Seattle"
            },
            {
              "fgdc_field": "state",
              "reason": "Standard notes field",
              "value": "WA"
            },
            {
              "fgdc_field": "postal",
              "reason": "Standard notes field",
              "value": "98115"
            },
            {
              "fgdc_field": "country",
              "reason": "Standard notes field",
              "value": "USA"
            },
            {
              "fgdc_field": "cntemail",
              "reason": "Standard notes field",
              "value": "kimberly.bahl@noaa.gov"
            },
            {
              "fgdc_field": "distliab",
              "reason": "Standard notes field",
              "value": "While every effort has been made to ensure that these data are accurate and reliable within the limi..."
            },
            {
              "fgdc_field": "metd",
              "reason": "Standard notes field",
              "value": "20040329"
            },
            {
              "fgdc_field": "cntper",
              "reason": "Standard notes field",
              "value": "Kimberly Bahl"
            },
            {
              "fgdc_field": "addrtype",
              "reason": "Standard notes field",
              "value": "Mailing and Physical Address"
            },
            {
              "fgdc_field": "address",
              "reason": "Standard notes field",
              "value": "NOAA / AFSC / PMEL, 7600 Sand Point Way N.E."
            },
            {
              "fgdc_field": "city",
              "reason": "Standard notes field",
              "value": "Seattle"
            },
            {
              "fgdc_field": "state",
              "reason": "Standard notes field",
              "value": "WA"
            },
            {
              "fgdc_field": "postal",
              "reason": "Standard notes field",
              "value": "98115"
            },
            {
              "fgdc_field": "country",
              "reason": "Standard notes field",
              "value": "USA"
            },
            {
              "fgdc_field": "cntvoice",
              "reason": "Standard notes field",
              "value": "206-526-4314"
            },
            {
              "fgdc_field": "cntfax",
              "reason": "Standard notes field",
              "value": "206-526-6485"
            },
            {
              "fgdc_field": "cntemail",
              "reason": "Standard notes field",
              "value": "kimberly.bahl@noaa.gov"
            },
            {
              "fgdc_field": "metstdn",
              "reason": "Standard notes field",
              "value": "Content Standards for Digital Geospatial Metadata"
            },
            {
              "fgdc_field": "metstdv",
              "reason": "Standard notes field",
              "value": "FGDC-STD-001-1998"
            },
            {
              "fgdc_field": "metac",
              "reason": "Standard notes field",
              "value": "Contact Source."
            },
            {
              "fgdc_field": "metuc",
              "reason": "Standard notes field",
              "value": "Contact Source."
            }
          ],
          "unmapped": [
            {
              "fgdc_field": "caldate",
              "reason": "No mapping found - field not in notes or other fields",
              "value": "1959-60, 1982-83, 1985-86, 1992-93, 1985-1996, 1998-2001"
            }
          ]
        }
      }
    },
    "compliance": {
      "zenodo_required_fields": 4,
      "zenodo_required_total": 4,
      "zenodo_required_percentage": 100.0,
      "zenodo_recommended_fields": 6,
      "zenodo_recommended_total": 6,
      "zenodo_recommended_percentage": 100.0,
      "pices_community_present": true,
      "open_access_compliant": true,
      "license_compliant": true,
      "overall_compliance_score": 100.0
    },
    "overall_score": 91.7,
    "overall_grade": "GOOD"
  },
  "files": [
    {
      "path": "output/data/original_fgdc/FGDC-1878.xml",
      "description": "Original FGDC metadata XML",
      "type": "fgdc_xml"
    }
  ]
}