{
  "metadata": {
    "title": "No. 061 - Age, Sex and Size composition of Pacific herring (Clupea Harengus Pallasi) (Vallenciennes) from selected coastal spawning sites along the eastern Bering Sea, 1979 - 1980.  By Doug McBride, Craig Whitmore and Daniel Bergstrom   April 1981...",
    "upload_type": "dataset",
    "publication_date": "1972-01-01",
    "creators": [
      {
        "name": "Alaska Department",
        "type": "Organization"
      }
    ],
    "description": "Included (but are not limited to): (1)  Salmon abundance, catch and escapement studies  (2) annual smolt studies  (3) tagging studies  (4) annual federal aid reports  (5) special short-term or interim reports on equipment or methodologies, stock identification, management, life history, etc and (6) some annual  U.S./ Canada reports.",
    "access_right": "open",
    "license": "cc-zero",
    "keywords": [
      "Biological Effects",
      "Biology",
      "Fish",
      "Intertidal",
      "North Pacific Ocean"
    ],
    "notes": "Purpose: Publications in this series are usually technically oriented and additionally have the following characteristics:  (1)  timely reporting of mostly final data, although minor future adjustments are acceptable (2) content usually annual iterative or interim in nature (3) data in a basic form (but not raw data) may be archived\n\nStatus: Complete\n\nMaintenance frequency: Annually\n\nAccess constraints: Request for one or two pages of data and/or short reports can usually be accommodated.\n\nUse constraints: Republications of materials in this report series may be authorized by the department\n\nDistribution liability: While every effort has been made to ensure that these data are accurate and reliable within the limits of the current state of the art, NOAA cannot assume liability for any damages caused by any errors or omissions in the data, nor as a result of the failure of the data to function on a particular system. NOAA makes no warranty, expressed or implied, nor does the fact of distribution constitute such a warranty.\n\nFGDC metadata date: 19980716\nFGDC metadata contact: Kimberly Bahl\nFGDC metadata standard: Content Standards for Digital Geospatial Metadata (version: FGDC-STD-001-1998)",
    "related_identifiers": [],
    "contributors": [
      {
        "name": "Savikko, Kurt",
        "type": "ContactPerson"
      },
      {
        "name": "Savikko, Kurt",
        "type": "Distributor"
      },
      {
        "name": "North Pacific Marine Science Organization (PICES)",
        "type": "Distributor"
      }
    ],
    "references": [],
    "communities": [
      {
        "identifier": "pices"
      }
    ],
    "subjects": [
      {
        "term": "Biological Effects",
        "identifier": "North Pacific Ecosystem Metadatabase:Biological Effects",
        "scheme": "thesaurus"
      },
      {
        "term": "Biology",
        "identifier": "North Pacific Ecosystem Metadatabase:Biology",
        "scheme": "thesaurus"
      },
      {
        "term": "Fish",
        "identifier": "North Pacific Ecosystem Metadatabase:Fish",
        "scheme": "thesaurus"
      },
      {
        "term": "Intertidal",
        "identifier": "North Pacific Ecosystem Metadatabase:Intertidal",
        "scheme": "thesaurus"
      },
      {
        "term": "North Pacific Ocean",
        "identifier": "North Pacific Ecosystem Metadatabase:North Pacific Ocean",
        "scheme": "thesaurus"
      }
    ],
    "publisher": "North Pacific Marine Science Organization"
  },
  "original_fgdc_file": "FGDC-1458.xml",
  "character_analysis": {
    "fgdc_total_chars": 4929,
    "fgdc_data_chars": 1435,
    "zenodo_total_chars": 3374,
    "zenodo_data_chars": 1941,
    "char_difference": 506,
    "char_ratio": 1.3526132404181184,
    "data_preservation_ratio": 1.3526132404181184
  },
  "enhanced_metrics": {
    "file_info": {
      "fgdc_size_bytes": 4929,
      "fgdc_size_kb": 4.81,
      "zenodo_size_bytes": 3374,
      "zenodo_size_kb": 3.29,
      "filename": "FGDC-1458.xml",
      "timestamp": "2025-10-11T23:39:34.325748"
    },
    "data_preservation": {
      "content_preservation_ratio": 0.567,
      "field_preservation_ratio": 1.25,
      "semantic_preservation_score": 0.5667189952904239,
      "data_loss_indicators": [
        "Significant data loss: 43.3% of original content not preserved"
      ],
      "data_gain_indicators": [
        "Significant data enrichment: 132.3% additional structured content added"
      ],
      "content_enrichment_ratio": 1.323
    },
    "field_coverage": {
      "critical_fields_present": 4,
      "critical_fields_total": 4,
      "critical_fields_percentage": 100.0,
      "important_fields_present": 4,
      "important_fields_total": 4,
      "important_fields_percentage": 100.0,
      "optional_fields_present": 4,
      "optional_fields_total": 6,
      "optional_fields_percentage": 66.7,
      "total_fields_present": 12,
      "total_fields_possible": 14,
      "overall_coverage_percentage": 85.7,
      "weighted_coverage_score": 98.2,
      "missing_critical_fields": [],
      "missing_important_fields": [],
      "present_optional_fields": [
        "notes",
        "related_identifiers",
        "contributors",
        "references"
      ]
    },
    "data_quality": {
      "title_quality": {
        "score": 95,
        "issues": [
          "Title should not end with period"
        ],
        "grade": "A"
      },
      "creator_quality": {
        "score": 100,
        "issues": [],
        "grade": "A"
      },
      "description_quality": {
        "score": 100,
        "issues": [],
        "grade": "A"
      },
      "keyword_quality": {
        "score": 100,
        "issues": [],
        "grade": "A"
      },
      "date_quality": {
        "score": 100,
        "issues": [],
        "grade": "A"
      },
      "license_quality": {
        "score": 100,
        "issues": [],
        "grade": "A"
      },
      "overall_quality_score": 99.2,
      "quality_grade": "EXCELLENT"
    },
    "transformation_effectiveness": {
      "mapping_completeness": 15.3,
      "data_enrichment_score": 50.0,
      "format_compliance": 100.0,
      "semantic_accuracy": 85.0,
      "overall_effectiveness_score": 62.6,
      "field_mapping_breakdown": {
        "total_fgdc_fields": 59,
        "directly_mapped_fields": 9,
        "fields_in_notes": 50,
        "unmapped_fields": 0,
        "direct_mapping_percentage": 15.3,
        "notes_mapping_percentage": 84.7,
        "total_preservation_percentage": 100.0,
        "mapping_details": {
          "directly_mapped": [
            {
              "fgdc_field": "origin",
              "zenodo_field": "creators",
              "value": "Alaska Department of Fish and Game (ADF&G), Division of Commercial Fisheries, Management and Develop..."
            },
            {
              "fgdc_field": "pubdate",
              "zenodo_field": "publication_date",
              "value": "72-88  thru  87-98"
            },
            {
              "fgdc_field": "title",
              "zenodo_field": "title",
              "value": "No. 061 - Age, Sex and Size composition of Pacific herring (Clupea Harengus Pallasi) (Vallenciennes)..."
            },
            {
              "fgdc_field": "abstract",
              "zenodo_field": "description",
              "value": "Included (but are not limited to): (1)  Salmon abundance, catch and escapement studies  (2) annual s..."
            },
            {
              "fgdc_field": "themekey",
              "zenodo_field": "keywords",
              "value": "North Pacific Ocean"
            },
            {
              "fgdc_field": "themekey",
              "zenodo_field": "keywords",
              "value": "North Pacific Ocean"
            },
            {
              "fgdc_field": "themekey",
              "zenodo_field": "keywords",
              "value": "North Pacific Ocean"
            },
            {
              "fgdc_field": "themekey",
              "zenodo_field": "keywords",
              "value": "North Pacific Ocean"
            },
            {
              "fgdc_field": "themekey",
              "zenodo_field": "keywords",
              "value": "North Pacific Ocean"
            }
          ],
          "notes_mapped": [
            {
              "fgdc_field": "purpose",
              "reason": "Standard notes field",
              "value": "Publications in this series are usually technically oriented and additionally have the following cha..."
            },
            {
              "fgdc_field": "begdate",
              "reason": "Standard notes field",
              "value": "19790101"
            },
            {
              "fgdc_field": "enddate",
              "reason": "Standard notes field",
              "value": "19801231"
            },
            {
              "fgdc_field": "current",
              "reason": "Standard notes field",
              "value": "Other"
            },
            {
              "fgdc_field": "progress",
              "reason": "Standard notes field",
              "value": "Complete"
            },
            {
              "fgdc_field": "update",
              "reason": "Standard notes field",
              "value": "Annually"
            },
            {
              "fgdc_field": "westbc",
              "reason": "Standard notes field",
              "value": "-162"
            },
            {
              "fgdc_field": "eastbc",
              "reason": "Standard notes field",
              "value": "-157"
            },
            {
              "fgdc_field": "northbc",
              "reason": "Standard notes field",
              "value": "59"
            },
            {
              "fgdc_field": "southbc",
              "reason": "Standard notes field",
              "value": "56"
            },
            {
              "fgdc_field": "themekt",
              "reason": "Standard notes field",
              "value": "Other"
            },
            {
              "fgdc_field": "themekt",
              "reason": "Standard notes field",
              "value": "Other"
            },
            {
              "fgdc_field": "accconst",
              "reason": "Standard notes field",
              "value": "Request for one or two pages of data and/or short reports can usually be accommodated."
            },
            {
              "fgdc_field": "useconst",
              "reason": "Standard notes field",
              "value": "Republications of materials in this report series may be authorized by the department"
            },
            {
              "fgdc_field": "cntper",
              "reason": "Standard notes field",
              "value": "Kimberly Bahl"
            },
            {
              "fgdc_field": "addrtype",
              "reason": "Standard notes field",
              "value": "Mailing and Physical Address"
            },
            {
              "fgdc_field": "address",
              "reason": "Standard notes field",
              "value": "NOAA / AFSC / PMEL, 7600 Sand Point Way N.E."
            },
            {
              "fgdc_field": "city",
              "reason": "Standard notes field",
              "value": "Seattle"
            },
            {
              "fgdc_field": "state",
              "reason": "Standard notes field",
              "value": "WA"
            },
            {
              "fgdc_field": "postal",
              "reason": "Standard notes field",
              "value": "98115"
            },
            {
              "fgdc_field": "country",
              "reason": "Standard notes field",
              "value": "USA"
            },
            {
              "fgdc_field": "cntvoice",
              "reason": "Standard notes field",
              "value": "206-526-4314"
            },
            {
              "fgdc_field": "cntfax",
              "reason": "Standard notes field",
              "value": "206-526-6485"
            },
            {
              "fgdc_field": "cntemail",
              "reason": "Standard notes field",
              "value": "kimberly.bahl@noaa.gov"
            },
            {
              "fgdc_field": "cntper",
              "reason": "Standard notes field",
              "value": "Kimberly Bahl"
            },
            {
              "fgdc_field": "addrtype",
              "reason": "Standard notes field",
              "value": "Mailing and Physical Address"
            },
            {
              "fgdc_field": "address",
              "reason": "Standard notes field",
              "value": "NOAA / AFSC / PMEL, 7600 Sand Point Way N.E."
            },
            {
              "fgdc_field": "city",
              "reason": "Standard notes field",
              "value": "Seattle"
            },
            {
              "fgdc_field": "state",
              "reason": "Standard notes field",
              "value": "WA"
            },
            {
              "fgdc_field": "postal",
              "reason": "Standard notes field",
              "value": "98115"
            },
            {
              "fgdc_field": "country",
              "reason": "Standard notes field",
              "value": "USA"
            },
            {
              "fgdc_field": "cntvoice",
              "reason": "Standard notes field",
              "value": "206-526-4314"
            },
            {
              "fgdc_field": "cntfax",
              "reason": "Standard notes field",
              "value": "206-526-6485"
            },
            {
              "fgdc_field": "cntemail",
              "reason": "Standard notes field",
              "value": "kimberly.bahl@noaa.gov"
            },
            {
              "fgdc_field": "distliab",
              "reason": "Standard notes field",
              "value": "While every effort has been made to ensure that these data are accurate and reliable within the limi..."
            },
            {
              "fgdc_field": "metd",
              "reason": "Standard notes field",
              "value": "19980716"
            },
            {
              "fgdc_field": "cntper",
              "reason": "Standard notes field",
              "value": "Kimberly Bahl"
            },
            {
              "fgdc_field": "addrtype",
              "reason": "Standard notes field",
              "value": "Mailing and Physical Address"
            },
            {
              "fgdc_field": "address",
              "reason": "Standard notes field",
              "value": "NOAA / AFSC / PMEL, 7600 Sand Point Way N.E."
            },
            {
              "fgdc_field": "city",
              "reason": "Standard notes field",
              "value": "Seattle"
            },
            {
              "fgdc_field": "state",
              "reason": "Standard notes field",
              "value": "WA"
            },
            {
              "fgdc_field": "postal",
              "reason": "Standard notes field",
              "value": "98115"
            },
            {
              "fgdc_field": "country",
              "reason": "Standard notes field",
              "value": "USA"
            },
            {
              "fgdc_field": "cntvoice",
              "reason": "Standard notes field",
              "value": "206-526-4314"
            },
            {
              "fgdc_field": "cntfax",
              "reason": "Standard notes field",
              "value": "206-526-6485"
            },
            {
              "fgdc_field": "cntemail",
              "reason": "Standard notes field",
              "value": "kimberly.bahl@noaa.gov"
            },
            {
              "fgdc_field": "metstdn",
              "reason": "Standard notes field",
              "value": "Content Standards for Digital Geospatial Metadata"
            },
            {
              "fgdc_field": "metstdv",
              "reason": "Standard notes field",
              "value": "FGDC-STD-001-1998"
            },
            {
              "fgdc_field": "metac",
              "reason": "Standard notes field",
              "value": "Request for one or two pages of data and/or short reports can usually be accommodated."
            },
            {
              "fgdc_field": "metuc",
              "reason": "Standard notes field",
              "value": "Republications of materials in this report series may be authorized by the department"
            }
          ],
          "unmapped": []
        }
      }
    },
    "compliance": {
      "zenodo_required_fields": 4,
      "zenodo_required_total": 4,
      "zenodo_required_percentage": 100.0,
      "zenodo_recommended_fields": 6,
      "zenodo_recommended_total": 6,
      "zenodo_recommended_percentage": 100.0,
      "pices_community_present": true,
      "open_access_compliant": true,
      "license_compliant": true,
      "overall_compliance_score": 100.0
    },
    "overall_score": 78.7,
    "overall_grade": "FAIR"
  },
  "files": [
    {
      "path": "output/data/original_fgdc/FGDC-1458.xml",
      "description": "Original FGDC metadata XML",
      "type": "fgdc_xml"
    }
  ]
}