{
  "metadata": {
    "title": "Importance of Predation by Groundfish, Marine Mammals and Birds on Walleye Pollock Theragra chalcogramma and Pacific herring Clupea pallasii in the Eastern Bering Sea",
    "upload_type": "dataset",
    "publication_date": "1993-12-31",
    "creators": [
      {
        "name": "National Oceanic",
        "type": "Organization"
      },
      {
        "name": "Atmospheric Administration (NOAA)",
        "type": "Organization"
      },
      {
        "name": "Office",
        "type": "Organization"
      }
    ],
    "description": "Consumption of walleye Pollock Theragra chalcogramma and Pacific herring\n     Clupea pallasii by Groundfish predators in the eastern Bering Sea was\n     quantified and described using data obtained in 1985-88. Groundfish\n     predators considered here include walleye Pollock Theragra chalcogramma;\n     Pacific cod Gadus macrocephalus; yellowfin sole Pleuronectes asper; flathead\n     sole Hippoglossoides elassodon; rock sole Pleuronectes bilineatus; Alaska\n     plaice Pleuronectes quadrituberculatus; arrowtooth flounder Atheresthes\n     stomias; and Greenland turbot Reinhardtius hippoglossoides. Marine mammal\n     and bird consumption of Pollock and herring was estimated for 1985 and\n     compared with Groundfish consumption. Groundfish predation on Pollock\n     during this time period was dominated by cannibalism on age-0 Pollock by\n     adult Pollock. The highest predation rate occurred in 1985 when the largest\n     Pollock year class, as assessed at age 1, during the time period was\n     produced. Predation mortality estimates by age on the 1985 year class were\n     higher than adjacent year classes. Apparently, predators responded to the\n     increased abundance of the 1985 Pollock year class by switching to predation\n     on that year class. The impact of this predation appeared to dampen the size\n     of the 1985 year class at age 3 relative to other adjacent year classes. Marine\n     mammal and bird predation on Pollock was small relative to Pollock\n     cannibalism. However, marine mammal predation on older Pollock was more\n     important, almost doubling the estimated predation mortality rate of age-2 fish.\n     Herring consumption by Groundfish predators tended to be sporadic in time\n     and space and may have depended on encounter rates of herring schools\n     rather than overall biomass. Pacific cod was the most consistent Groundfish\n     predator on herring.",
    "access_right": "open",
    "license": "cc-zero",
    "keywords": [
      "Fish",
      "Bering Sea",
      "Gridded Model Data",
      "Alaska",
      "Pacific Ocean",
      "North Pacific Ocean"
    ],
    "notes": "Purpose: To report on the importance of predation by Groundfish, marine mammals and birds on walleye Pollock Theragra chalcogramma and Pacific herring Clupea pallasi in the eastern Bering Sea\n\nStatus: Complete\n\nMaintenance frequency: None Planned\n\nAccess constraints: Check with Contributor\n\nUse constraints: Check with Contributor\n\nDistribution liability: While every effort has been made to ensure that these data are accurate and reliable within the limits of the current state of the art, NOAA cannot assume liability for any damages caused by any errors or omissions in the data, nor as a result of the failure of the data to function on a particular system. NOAA makes no warranty, expressed or implied, nor does the fact of distribution constitute such a warranty.\n\nFGDC metadata date: 19990204\nFGDC metadata contact: Kimberly Bahl\nFGDC metadata standard: Content Standards for Digital Geospatial Metadata (version: FGDC-STD-001-1998)",
    "related_identifiers": [],
    "contributors": [
      {
        "name": "Livingston, Patricia A.",
        "type": "ContactPerson"
      },
      {
        "name": "Livingston, Patricia A.",
        "type": "Distributor"
      },
      {
        "name": "North Pacific Marine Science Organization (PICES)",
        "type": "Distributor"
      }
    ],
    "references": [],
    "communities": [
      {
        "identifier": "pices"
      }
    ],
    "subjects": [
      {
        "term": "Fish",
        "identifier": "North Pacific Ecosystem Metadatabase:Fish",
        "scheme": "thesaurus"
      },
      {
        "term": "Bering Sea",
        "identifier": "North Pacific Ecosystem Metadatabase:Bering Sea",
        "scheme": "thesaurus"
      },
      {
        "term": "Gridded Model Data",
        "identifier": "North Pacific Ecosystem Metadatabase:Gridded Model Data",
        "scheme": "thesaurus"
      },
      {
        "term": "Alaska",
        "identifier": "North Pacific Ecosystem Metadatabase:Alaska",
        "scheme": "thesaurus"
      },
      {
        "term": "Pacific Ocean",
        "identifier": "North Pacific Ecosystem Metadatabase:Pacific Ocean",
        "scheme": "thesaurus"
      },
      {
        "term": "North Pacific Ocean",
        "identifier": "North Pacific Ecosystem Metadatabase:North Pacific Ocean",
        "scheme": "thesaurus"
      }
    ],
    "publisher": "North Pacific Marine Science Organization"
  },
  "original_fgdc_file": "FGDC-2825.xml",
  "character_analysis": {
    "fgdc_total_chars": 6121,
    "fgdc_data_chars": 2701,
    "zenodo_total_chars": 4959,
    "zenodo_data_chars": 3230,
    "char_difference": 529,
    "char_ratio": 1.1958533876342095,
    "data_preservation_ratio": 1.1958533876342095
  },
  "enhanced_metrics": {
    "file_info": {
      "fgdc_size_bytes": 6121,
      "fgdc_size_kb": 5.98,
      "zenodo_size_bytes": 4959,
      "zenodo_size_kb": 4.84,
      "filename": "FGDC-2825.xml",
      "timestamp": "2025-10-11T23:39:44.929611"
    },
    "data_preservation": {
      "content_preservation_ratio": 0.903,
      "field_preservation_ratio": 1.154,
      "semantic_preservation_score": 0.9033663366336634,
      "data_loss_indicators": [],
      "data_gain_indicators": [
        "Significant data enrichment: 59.8% additional structured content added"
      ],
      "content_enrichment_ratio": 0.598
    },
    "field_coverage": {
      "critical_fields_present": 4,
      "critical_fields_total": 4,
      "critical_fields_percentage": 100.0,
      "important_fields_present": 4,
      "important_fields_total": 4,
      "important_fields_percentage": 100.0,
      "optional_fields_present": 4,
      "optional_fields_total": 6,
      "optional_fields_percentage": 66.7,
      "total_fields_present": 12,
      "total_fields_possible": 14,
      "overall_coverage_percentage": 85.7,
      "weighted_coverage_score": 98.2,
      "missing_critical_fields": [],
      "missing_important_fields": [],
      "present_optional_fields": [
        "notes",
        "related_identifiers",
        "contributors",
        "references"
      ]
    },
    "data_quality": {
      "title_quality": {
        "score": 100,
        "issues": [],
        "grade": "A"
      },
      "creator_quality": {
        "score": 95,
        "issues": [
          "Creator 3 name format unclear"
        ],
        "grade": "A"
      },
      "description_quality": {
        "score": 100,
        "issues": [],
        "grade": "A"
      },
      "keyword_quality": {
        "score": 100,
        "issues": [],
        "grade": "A"
      },
      "date_quality": {
        "score": 100,
        "issues": [],
        "grade": "A"
      },
      "license_quality": {
        "score": 100,
        "issues": [],
        "grade": "A"
      },
      "overall_quality_score": 99.2,
      "quality_grade": "EXCELLENT"
    },
    "transformation_effectiveness": {
      "mapping_completeness": 16.7,
      "data_enrichment_score": 50.0,
      "format_compliance": 100.0,
      "semantic_accuracy": 85.0,
      "overall_effectiveness_score": 62.9,
      "field_mapping_breakdown": {
        "total_fgdc_fields": 60,
        "directly_mapped_fields": 10,
        "fields_in_notes": 50,
        "unmapped_fields": 0,
        "direct_mapping_percentage": 16.7,
        "notes_mapping_percentage": 83.3,
        "total_preservation_percentage": 100.0,
        "mapping_details": {
          "directly_mapped": [
            {
              "fgdc_field": "origin",
              "zenodo_field": "creators",
              "value": "National Oceanic and Atmospheric Administration (NOAA), Office of Oceanic and Atmospheric Research (..."
            },
            {
              "fgdc_field": "pubdate",
              "zenodo_field": "publication_date",
              "value": "19931231"
            },
            {
              "fgdc_field": "title",
              "zenodo_field": "title",
              "value": "Importance of Predation by Groundfish, Marine Mammals and Birds on Walleye Pollock Theragra chalcogr..."
            },
            {
              "fgdc_field": "abstract",
              "zenodo_field": "description",
              "value": "Consumption of walleye Pollock Theragra chalcogramma and Pacific herring\n     Clupea pallasii by Gro..."
            },
            {
              "fgdc_field": "themekey",
              "zenodo_field": "keywords",
              "value": "North Pacific Ocean"
            },
            {
              "fgdc_field": "themekey",
              "zenodo_field": "keywords",
              "value": "North Pacific Ocean"
            },
            {
              "fgdc_field": "themekey",
              "zenodo_field": "keywords",
              "value": "North Pacific Ocean"
            },
            {
              "fgdc_field": "themekey",
              "zenodo_field": "keywords",
              "value": "North Pacific Ocean"
            },
            {
              "fgdc_field": "themekey",
              "zenodo_field": "keywords",
              "value": "North Pacific Ocean"
            },
            {
              "fgdc_field": "themekey",
              "zenodo_field": "keywords",
              "value": "North Pacific Ocean"
            }
          ],
          "notes_mapped": [
            {
              "fgdc_field": "purpose",
              "reason": "Standard notes field",
              "value": "To report on the importance of predation by Groundfish, marine mammals and birds on walleye Pollock ..."
            },
            {
              "fgdc_field": "begdate",
              "reason": "Standard notes field",
              "value": "19941231"
            },
            {
              "fgdc_field": "enddate",
              "reason": "Standard notes field",
              "value": "19951231"
            },
            {
              "fgdc_field": "current",
              "reason": "Standard notes field",
              "value": "Publication Date"
            },
            {
              "fgdc_field": "progress",
              "reason": "Standard notes field",
              "value": "Complete"
            },
            {
              "fgdc_field": "update",
              "reason": "Standard notes field",
              "value": "None Planned"
            },
            {
              "fgdc_field": "westbc",
              "reason": "Standard notes field",
              "value": "178"
            },
            {
              "fgdc_field": "eastbc",
              "reason": "Standard notes field",
              "value": "-168"
            },
            {
              "fgdc_field": "northbc",
              "reason": "Standard notes field",
              "value": "67.5"
            },
            {
              "fgdc_field": "southbc",
              "reason": "Standard notes field",
              "value": "52"
            },
            {
              "fgdc_field": "themekt",
              "reason": "Standard notes field",
              "value": "Other"
            },
            {
              "fgdc_field": "themekt",
              "reason": "Standard notes field",
              "value": "Other"
            },
            {
              "fgdc_field": "accconst",
              "reason": "Standard notes field",
              "value": "Check with Contributor"
            },
            {
              "fgdc_field": "useconst",
              "reason": "Standard notes field",
              "value": "Check with Contributor"
            },
            {
              "fgdc_field": "cntper",
              "reason": "Standard notes field",
              "value": "Kimberly Bahl"
            },
            {
              "fgdc_field": "addrtype",
              "reason": "Standard notes field",
              "value": "Mailing and Physical Address"
            },
            {
              "fgdc_field": "address",
              "reason": "Standard notes field",
              "value": "NOAA / AFSC / PMEL, 7600 Sand Point Way N.E."
            },
            {
              "fgdc_field": "city",
              "reason": "Standard notes field",
              "value": "Seattle"
            },
            {
              "fgdc_field": "state",
              "reason": "Standard notes field",
              "value": "WA"
            },
            {
              "fgdc_field": "postal",
              "reason": "Standard notes field",
              "value": "98115"
            },
            {
              "fgdc_field": "country",
              "reason": "Standard notes field",
              "value": "USA"
            },
            {
              "fgdc_field": "cntvoice",
              "reason": "Standard notes field",
              "value": "206-526-4314"
            },
            {
              "fgdc_field": "cntfax",
              "reason": "Standard notes field",
              "value": "206-526-6485"
            },
            {
              "fgdc_field": "cntemail",
              "reason": "Standard notes field",
              "value": "kimberly.bahl@noaa.gov"
            },
            {
              "fgdc_field": "cntper",
              "reason": "Standard notes field",
              "value": "Kimberly Bahl"
            },
            {
              "fgdc_field": "addrtype",
              "reason": "Standard notes field",
              "value": "Mailing and Physical Address"
            },
            {
              "fgdc_field": "address",
              "reason": "Standard notes field",
              "value": "NOAA / AFSC / PMEL, 7600 Sand Point Way N.E."
            },
            {
              "fgdc_field": "city",
              "reason": "Standard notes field",
              "value": "Seattle"
            },
            {
              "fgdc_field": "state",
              "reason": "Standard notes field",
              "value": "WA"
            },
            {
              "fgdc_field": "postal",
              "reason": "Standard notes field",
              "value": "98115"
            },
            {
              "fgdc_field": "country",
              "reason": "Standard notes field",
              "value": "USA"
            },
            {
              "fgdc_field": "cntvoice",
              "reason": "Standard notes field",
              "value": "206-526-4314"
            },
            {
              "fgdc_field": "cntfax",
              "reason": "Standard notes field",
              "value": "206-526-6485"
            },
            {
              "fgdc_field": "cntemail",
              "reason": "Standard notes field",
              "value": "kimberly.bahl@noaa.gov"
            },
            {
              "fgdc_field": "distliab",
              "reason": "Standard notes field",
              "value": "While every effort has been made to ensure that these data are accurate and reliable within the limi..."
            },
            {
              "fgdc_field": "metd",
              "reason": "Standard notes field",
              "value": "19990204"
            },
            {
              "fgdc_field": "cntper",
              "reason": "Standard notes field",
              "value": "Kimberly Bahl"
            },
            {
              "fgdc_field": "addrtype",
              "reason": "Standard notes field",
              "value": "Mailing and Physical Address"
            },
            {
              "fgdc_field": "address",
              "reason": "Standard notes field",
              "value": "NOAA / AFSC / PMEL, 7600 Sand Point Way N.E."
            },
            {
              "fgdc_field": "city",
              "reason": "Standard notes field",
              "value": "Seattle"
            },
            {
              "fgdc_field": "state",
              "reason": "Standard notes field",
              "value": "WA"
            },
            {
              "fgdc_field": "postal",
              "reason": "Standard notes field",
              "value": "98115"
            },
            {
              "fgdc_field": "country",
              "reason": "Standard notes field",
              "value": "USA"
            },
            {
              "fgdc_field": "cntvoice",
              "reason": "Standard notes field",
              "value": "206-526-4314"
            },
            {
              "fgdc_field": "cntfax",
              "reason": "Standard notes field",
              "value": "206-526-6485"
            },
            {
              "fgdc_field": "cntemail",
              "reason": "Standard notes field",
              "value": "kimberly.bahl@noaa.gov"
            },
            {
              "fgdc_field": "metstdn",
              "reason": "Standard notes field",
              "value": "Content Standards for Digital Geospatial Metadata"
            },
            {
              "fgdc_field": "metstdv",
              "reason": "Standard notes field",
              "value": "FGDC-STD-001-1998"
            },
            {
              "fgdc_field": "metac",
              "reason": "Standard notes field",
              "value": "Check with Contributor"
            },
            {
              "fgdc_field": "metuc",
              "reason": "Standard notes field",
              "value": "Check with Contributor"
            }
          ],
          "unmapped": []
        }
      }
    },
    "compliance": {
      "zenodo_required_fields": 4,
      "zenodo_required_total": 4,
      "zenodo_required_percentage": 100.0,
      "zenodo_recommended_fields": 6,
      "zenodo_recommended_total": 6,
      "zenodo_recommended_percentage": 100.0,
      "pices_community_present": true,
      "open_access_compliant": true,
      "license_compliant": true,
      "overall_compliance_score": 100.0
    },
    "overall_score": 90.5,
    "overall_grade": "GOOD"
  },
  "files": [
    {
      "path": "output/data/original_fgdc/FGDC-2825.xml",
      "description": "Original FGDC metadata XML",
      "type": "fgdc_xml"
    }
  ]
}