{
  "metadata": {
    "title": "Arctic Data: current meter data",
    "upload_type": "dataset",
    "publication_date": "2004-06-09",
    "creators": [
      {
        "name": "Staff, DFO"
      }
    ],
    "description": "Continuous, year-round Aanderaa current meter observations for stations in the Beaufort Sea, Archipelago, Baffin Bay, and elsewhere in the arctic to 2000. In some areas current meters have been replaced (in the 1990`s) by acoustic Doppler current profiler data .",
    "access_right": "open",
    "license": "cc-zero",
    "keywords": [
      "Oceanography",
      "Physical Oceanography",
      "Currents",
      "oceans",
      "Earth Science",
      "Oceans",
      "Ocean Circulation",
      "Ocean Currents",
      "Northern Hemisphere",
      "Western Hemisphere",
      "North America",
      "Canada",
      "Arctic Canada",
      "Northwest Territories",
      "Nunavut",
      "Beaufort Sea, Arctic Archipelago, Baffin Bay",
      "Arctic Ocean",
      "Beaufort Sea"
    ],
    "notes": "Purpose: Supports scientific and environmental research.\n\nSupplemental Information: Custom software is available for use with this dataset.\n\nStatus: In Work\n\nMaintenance frequency: Continually\n\nAccess constraints: Departmental\n\nUse constraints: None\n\nDistribution liability: These data are provided \"as-is\".\n\nFGDC metadata date: 20040609\nFGDC metadata standard: FGDC Content Standard for Digital Geospatial Metadata (version: FGDC-STD-001-1998)",
    "related_identifiers": [],
    "contributors": [
      {
        "name": "Melling, Humfrey",
        "type": "ContactPerson"
      },
      {
        "name": "Linguanti, Joseph",
        "type": "Distributor"
      },
      {
        "name": "North Pacific Marine Science Organization (PICES)",
        "type": "Distributor"
      }
    ],
    "references": [],
    "communities": [
      {
        "identifier": "pices"
      }
    ],
    "subjects": [],
    "publisher": "North Pacific Marine Science Organization"
  },
  "original_fgdc_file": "FGDC-4174.xml",
  "character_analysis": {
    "fgdc_total_chars": 5049,
    "fgdc_data_chars": 1232,
    "zenodo_total_chars": 1883,
    "zenodo_data_chars": 1091,
    "char_difference": -141,
    "char_ratio": 0.885551948051948,
    "data_preservation_ratio": 0.885551948051948
  },
  "enhanced_metrics": {
    "file_info": {
      "fgdc_size_bytes": 5049,
      "fgdc_size_kb": 4.93,
      "zenodo_size_bytes": 1883,
      "zenodo_size_kb": 1.84,
      "filename": "FGDC-4174.xml",
      "timestamp": "2025-10-11T23:39:53.535704"
    },
    "data_preservation": {
      "content_preservation_ratio": 0.886,
      "field_preservation_ratio": 0.556,
      "semantic_preservation_score": 0.8863309352517985,
      "data_loss_indicators": [],
      "data_gain_indicators": [
        "Significant data enrichment: 84.0% additional structured content added"
      ],
      "content_enrichment_ratio": 0.84
    },
    "field_coverage": {
      "critical_fields_present": 4,
      "critical_fields_total": 4,
      "critical_fields_percentage": 100.0,
      "important_fields_present": 4,
      "important_fields_total": 4,
      "important_fields_percentage": 100.0,
      "optional_fields_present": 4,
      "optional_fields_total": 6,
      "optional_fields_percentage": 66.7,
      "total_fields_present": 12,
      "total_fields_possible": 14,
      "overall_coverage_percentage": 85.7,
      "weighted_coverage_score": 98.2,
      "missing_critical_fields": [],
      "missing_important_fields": [],
      "present_optional_fields": [
        "notes",
        "related_identifiers",
        "contributors",
        "references"
      ]
    },
    "data_quality": {
      "title_quality": {
        "score": 100,
        "issues": [],
        "grade": "A"
      },
      "creator_quality": {
        "score": 100,
        "issues": [],
        "grade": "A"
      },
      "description_quality": {
        "score": 100,
        "issues": [],
        "grade": "A"
      },
      "keyword_quality": {
        "score": 100,
        "issues": [],
        "grade": "A"
      },
      "date_quality": {
        "score": 100,
        "issues": [],
        "grade": "A"
      },
      "license_quality": {
        "score": 100,
        "issues": [],
        "grade": "A"
      },
      "overall_quality_score": 100.0,
      "quality_grade": "EXCELLENT"
    },
    "transformation_effectiveness": {
      "mapping_completeness": 27.7,
      "data_enrichment_score": 50.0,
      "format_compliance": 100.0,
      "semantic_accuracy": 85.0,
      "overall_effectiveness_score": 65.7,
      "field_mapping_breakdown": {
        "total_fgdc_fields": 83,
        "directly_mapped_fields": 23,
        "fields_in_notes": 57,
        "unmapped_fields": 3,
        "direct_mapping_percentage": 27.7,
        "notes_mapping_percentage": 68.7,
        "total_preservation_percentage": 96.4,
        "mapping_details": {
          "directly_mapped": [
            {
              "fgdc_field": "origin",
              "zenodo_field": "creators",
              "value": "DFO Staff"
            },
            {
              "fgdc_field": "pubdate",
              "zenodo_field": "publication_date",
              "value": "Unknown"
            },
            {
              "fgdc_field": "title",
              "zenodo_field": "title",
              "value": "Arctic Data: current meter data"
            },
            {
              "fgdc_field": "abstract",
              "zenodo_field": "description",
              "value": "Continuous, year-round Aanderaa current meter observations for stations in the Beaufort Sea, Archipe..."
            },
            {
              "fgdc_field": "themekey",
              "zenodo_field": "keywords",
              "value": "oceans"
            },
            {
              "fgdc_field": "themekey",
              "zenodo_field": "keywords",
              "value": "oceans"
            },
            {
              "fgdc_field": "themekey",
              "zenodo_field": "keywords",
              "value": "oceans"
            },
            {
              "fgdc_field": "themekey",
              "zenodo_field": "keywords",
              "value": "oceans"
            },
            {
              "fgdc_field": "themekey",
              "zenodo_field": "keywords",
              "value": "oceans"
            },
            {
              "fgdc_field": "themekey",
              "zenodo_field": "keywords",
              "value": "oceans"
            },
            {
              "fgdc_field": "themekey",
              "zenodo_field": "keywords",
              "value": "oceans"
            },
            {
              "fgdc_field": "themekey",
              "zenodo_field": "keywords",
              "value": "oceans"
            },
            {
              "fgdc_field": "themekey",
              "zenodo_field": "keywords",
              "value": "oceans"
            },
            {
              "fgdc_field": "placekey",
              "zenodo_field": "keywords",
              "value": "Beaufort Sea"
            },
            {
              "fgdc_field": "placekey",
              "zenodo_field": "keywords",
              "value": "Beaufort Sea"
            },
            {
              "fgdc_field": "placekey",
              "zenodo_field": "keywords",
              "value": "Beaufort Sea"
            },
            {
              "fgdc_field": "placekey",
              "zenodo_field": "keywords",
              "value": "Beaufort Sea"
            },
            {
              "fgdc_field": "placekey",
              "zenodo_field": "keywords",
              "value": "Beaufort Sea"
            },
            {
              "fgdc_field": "placekey",
              "zenodo_field": "keywords",
              "value": "Beaufort Sea"
            },
            {
              "fgdc_field": "placekey",
              "zenodo_field": "keywords",
              "value": "Beaufort Sea"
            },
            {
              "fgdc_field": "placekey",
              "zenodo_field": "keywords",
              "value": "Beaufort Sea"
            },
            {
              "fgdc_field": "placekey",
              "zenodo_field": "keywords",
              "value": "Beaufort Sea"
            },
            {
              "fgdc_field": "placekey",
              "zenodo_field": "keywords",
              "value": "Beaufort Sea"
            }
          ],
          "notes_mapped": [
            {
              "fgdc_field": "purpose",
              "reason": "Standard notes field",
              "value": "Supports scientific and environmental research."
            },
            {
              "fgdc_field": "supplinf",
              "reason": "Standard notes field",
              "value": "Custom software is available for use with this dataset."
            },
            {
              "fgdc_field": "begdate",
              "reason": "Standard notes field",
              "value": "1974"
            },
            {
              "fgdc_field": "enddate",
              "reason": "Standard notes field",
              "value": "Present"
            },
            {
              "fgdc_field": "current",
              "reason": "Standard notes field",
              "value": "publication date"
            },
            {
              "fgdc_field": "progress",
              "reason": "Standard notes field",
              "value": "In Work"
            },
            {
              "fgdc_field": "update",
              "reason": "Standard notes field",
              "value": "Continually"
            },
            {
              "fgdc_field": "westbc",
              "reason": "Standard notes field",
              "value": "-141"
            },
            {
              "fgdc_field": "eastbc",
              "reason": "Standard notes field",
              "value": "-55"
            },
            {
              "fgdc_field": "northbc",
              "reason": "Standard notes field",
              "value": "78"
            },
            {
              "fgdc_field": "southbc",
              "reason": "Standard notes field",
              "value": "68.5"
            },
            {
              "fgdc_field": "themekt",
              "reason": "Standard notes field",
              "value": "ISO 19115 Topic Category"
            },
            {
              "fgdc_field": "themekt",
              "reason": "Standard notes field",
              "value": "ISO 19115 Topic Category"
            },
            {
              "fgdc_field": "themekt",
              "reason": "Standard notes field",
              "value": "ISO 19115 Topic Category"
            },
            {
              "fgdc_field": "accconst",
              "reason": "Standard notes field",
              "value": "Departmental"
            },
            {
              "fgdc_field": "useconst",
              "reason": "Standard notes field",
              "value": "None"
            },
            {
              "fgdc_field": "cntper",
              "reason": "Standard notes field",
              "value": "Joseph Linguanti"
            },
            {
              "fgdc_field": "cntorg",
              "reason": "Standard notes field",
              "value": "Fisheries and Oceans Canada, Pacific Region, Institute of Ocean Sciences, Science Branch"
            },
            {
              "fgdc_field": "cntpos",
              "reason": "Standard notes field",
              "value": "Senior Analyst"
            },
            {
              "fgdc_field": "addrtype",
              "reason": "Standard notes field",
              "value": "Physical and mailing"
            },
            {
              "fgdc_field": "address",
              "reason": "Standard notes field",
              "value": "PO Box 6000"
            },
            {
              "fgdc_field": "address",
              "reason": "Standard notes field",
              "value": "PO Box 6000"
            },
            {
              "fgdc_field": "city",
              "reason": "Standard notes field",
              "value": "Sidney"
            },
            {
              "fgdc_field": "state",
              "reason": "Standard notes field",
              "value": "BC"
            },
            {
              "fgdc_field": "postal",
              "reason": "Standard notes field",
              "value": "V8L 4B2"
            },
            {
              "fgdc_field": "country",
              "reason": "Standard notes field",
              "value": "Canada"
            },
            {
              "fgdc_field": "cntvoice",
              "reason": "Standard notes field",
              "value": "(250) 363-6586"
            },
            {
              "fgdc_field": "cntemail",
              "reason": "Standard notes field",
              "value": "linguantij@pac.dfo-mpo.gc.ca"
            },
            {
              "fgdc_field": "cntorg",
              "reason": "Standard notes field",
              "value": "Fisheries and Oceans Canada, Pacific Region, Institute of Ocean Sciences, Science Branch"
            },
            {
              "fgdc_field": "cntper",
              "reason": "Standard notes field",
              "value": "Joseph Linguanti"
            },
            {
              "fgdc_field": "cntpos",
              "reason": "Standard notes field",
              "value": "Senior Analyst"
            },
            {
              "fgdc_field": "addrtype",
              "reason": "Standard notes field",
              "value": "Physical and mailing"
            },
            {
              "fgdc_field": "address",
              "reason": "Standard notes field",
              "value": "PO Box 6000"
            },
            {
              "fgdc_field": "address",
              "reason": "Standard notes field",
              "value": "PO Box 6000"
            },
            {
              "fgdc_field": "city",
              "reason": "Standard notes field",
              "value": "Sidney"
            },
            {
              "fgdc_field": "state",
              "reason": "Standard notes field",
              "value": "BC"
            },
            {
              "fgdc_field": "postal",
              "reason": "Standard notes field",
              "value": "V8L 4B2"
            },
            {
              "fgdc_field": "country",
              "reason": "Standard notes field",
              "value": "Canada"
            },
            {
              "fgdc_field": "cntvoice",
              "reason": "Standard notes field",
              "value": "(250) 363-6586"
            },
            {
              "fgdc_field": "cntemail",
              "reason": "Standard notes field",
              "value": "linguantij@pac.dfo-mpo.gc.ca"
            },
            {
              "fgdc_field": "resdesc",
              "reason": "Standard notes field",
              "value": "PAC-OSAP-304"
            },
            {
              "fgdc_field": "distliab",
              "reason": "Standard notes field",
              "value": "These data are provided \"as-is\"."
            },
            {
              "fgdc_field": "metd",
              "reason": "Standard notes field",
              "value": "20040609"
            },
            {
              "fgdc_field": "cntorg",
              "reason": "Standard notes field",
              "value": "Fisheries and Oceans Canada, Pacific Region, Institute of Ocean Sciences, Science Branch"
            },
            {
              "fgdc_field": "cntper",
              "reason": "Standard notes field",
              "value": "Joseph Linguanti"
            },
            {
              "fgdc_field": "cntpos",
              "reason": "Standard notes field",
              "value": "Senior Analyst"
            },
            {
              "fgdc_field": "addrtype",
              "reason": "Standard notes field",
              "value": "Physical and mailing"
            },
            {
              "fgdc_field": "address",
              "reason": "Standard notes field",
              "value": "PO Box 6000"
            },
            {
              "fgdc_field": "address",
              "reason": "Standard notes field",
              "value": "PO Box 6000"
            },
            {
              "fgdc_field": "city",
              "reason": "Standard notes field",
              "value": "Sidney"
            },
            {
              "fgdc_field": "state",
              "reason": "Standard notes field",
              "value": "BC"
            },
            {
              "fgdc_field": "postal",
              "reason": "Standard notes field",
              "value": "V8L 4B2"
            },
            {
              "fgdc_field": "country",
              "reason": "Standard notes field",
              "value": "Canada"
            },
            {
              "fgdc_field": "cntvoice",
              "reason": "Standard notes field",
              "value": "(250) 363-6586"
            },
            {
              "fgdc_field": "cntemail",
              "reason": "Standard notes field",
              "value": "linguantij@pac.dfo-mpo.gc.ca"
            },
            {
              "fgdc_field": "metstdn",
              "reason": "Standard notes field",
              "value": "FGDC Content Standard for Digital Geospatial Metadata"
            },
            {
              "fgdc_field": "metstdv",
              "reason": "Standard notes field",
              "value": "FGDC-STD-001-1998"
            }
          ],
          "unmapped": [
            {
              "fgdc_field": "geoform",
              "reason": "No mapping found - field not in notes or other fields",
              "value": "Hardcopy; Tabular digital data; Digital document"
            },
            {
              "fgdc_field": "placekt",
              "reason": "No mapping found - field not in notes or other fields",
              "value": "DFO Areas"
            },
            {
              "fgdc_field": "placekt",
              "reason": "No mapping found - field not in notes or other fields",
              "value": "DFO Areas"
            }
          ]
        }
      }
    },
    "compliance": {
      "zenodo_required_fields": 4,
      "zenodo_required_total": 4,
      "zenodo_required_percentage": 100.0,
      "zenodo_recommended_fields": 6,
      "zenodo_recommended_total": 6,
      "zenodo_recommended_percentage": 100.0,
      "pices_community_present": true,
      "open_access_compliant": true,
      "license_compliant": true,
      "overall_compliance_score": 100.0
    },
    "overall_score": 90.5,
    "overall_grade": "GOOD"
  },
  "files": [
    {
      "path": "output/data/original_fgdc/FGDC-4174.xml",
      "description": "Original FGDC metadata XML",
      "type": "fgdc_xml"
    }
  ]
}