{
  "metadata": {
    "title": "Trumpeter Swan Survey - Copper River",
    "upload_type": "dataset",
    "publication_date": "1994-01-01",
    "creators": [
      {
        "name": "Service, USDA Forest"
      },
      {
        "name": "Forest, Chugach National"
      },
      {
        "name": "District, Cordova Ranger"
      }
    ],
    "description": "Data Type: Birds;  This data set contains aerial transect data from which trumpeter swan numbers on the Copper River Delta were assessed for 1994. Standard aerial survey method was used flying at 500-600 ft. The purpose of this data is to monitor populations as an indicator of population health, and overall habitat condition.",
    "access_right": "open",
    "license": "cc-zero",
    "keywords": [
      "Birds",
      "Biology",
      "Trumpeter Swan",
      "Copper River, Alaska",
      "Alaska",
      "North Pacific Ocean"
    ],
    "notes": "Purpose: Unknown\n\nStatus: Complete\n\nMaintenance frequency: Unknown\n\nAccess constraints: None\n\nUse constraints: None\n\nDistribution liability: While every effort has been made to ensure that these data are accurate and reliable within the limits of the current state of the art, NOAA cannot assume liability for any damages caused by any errors or omissions in the data, nor as a result of the failure of the data to function on a particular system. NOAA makes no warranty, expressed or implied, nor does the fact of distribution constitute such a warranty.\n\nFGDC metadata date: 20020423\nFGDC metadata contact: Kimberly Bahl\nFGDC metadata standard: Content Standards for Digital Geospatial Metadata (version: FGDC-STD-001-1998)",
    "related_identifiers": [],
    "contributors": [
      {
        "name": "Oakley, Karen",
        "type": "ContactPerson"
      },
      {
        "name": "Oakley, Karen",
        "type": "Distributor"
      },
      {
        "name": "North Pacific Marine Science Organization (PICES)",
        "type": "Distributor"
      }
    ],
    "references": [],
    "communities": [
      {
        "identifier": "pices"
      }
    ],
    "subjects": [
      {
        "term": "Birds",
        "identifier": "North Pacific Ecosystem Metadatabase:Birds",
        "scheme": "thesaurus"
      },
      {
        "term": "Biology",
        "identifier": "North Pacific Ecosystem Metadatabase:Biology",
        "scheme": "thesaurus"
      },
      {
        "term": "Trumpeter Swan",
        "identifier": "North Pacific Ecosystem Metadatabase:Trumpeter Swan",
        "scheme": "thesaurus"
      },
      {
        "term": "Copper River, Alaska",
        "identifier": "North Pacific Ecosystem Metadatabase:Copper River, Alaska",
        "scheme": "thesaurus"
      },
      {
        "term": "Alaska",
        "identifier": "North Pacific Ecosystem Metadatabase:Alaska",
        "scheme": "thesaurus"
      },
      {
        "term": "North Pacific Ocean",
        "identifier": "North Pacific Ecosystem Metadatabase:North Pacific Ocean",
        "scheme": "thesaurus"
      }
    ],
    "publisher": "North Pacific Marine Science Organization"
  },
  "original_fgdc_file": "FGDC-623.xml",
  "character_analysis": {
    "fgdc_total_chars": 3979,
    "fgdc_data_chars": 682,
    "zenodo_total_chars": 2919,
    "zenodo_data_chars": 1302,
    "char_difference": 620,
    "char_ratio": 1.9090909090909092,
    "data_preservation_ratio": 1.9090909090909092
  },
  "enhanced_metrics": {
    "file_info": {
      "fgdc_size_bytes": 3979,
      "fgdc_size_kb": 3.89,
      "zenodo_size_bytes": 2919,
      "zenodo_size_kb": 2.85,
      "filename": "FGDC-623.xml",
      "timestamp": "2025-10-11T23:39:55.048111"
    },
    "data_preservation": {
      "content_preservation_ratio": 1.059,
      "field_preservation_ratio": 1.154,
      "semantic_preservation_score": 1.0,
      "data_loss_indicators": [],
      "data_gain_indicators": [
        "Significant data enrichment: 244.4% additional structured content added"
      ],
      "content_enrichment_ratio": 2.444
    },
    "field_coverage": {
      "critical_fields_present": 4,
      "critical_fields_total": 4,
      "critical_fields_percentage": 100.0,
      "important_fields_present": 4,
      "important_fields_total": 4,
      "important_fields_percentage": 100.0,
      "optional_fields_present": 4,
      "optional_fields_total": 6,
      "optional_fields_percentage": 66.7,
      "total_fields_present": 12,
      "total_fields_possible": 14,
      "overall_coverage_percentage": 85.7,
      "weighted_coverage_score": 98.2,
      "missing_critical_fields": [],
      "missing_important_fields": [],
      "present_optional_fields": [
        "notes",
        "related_identifiers",
        "contributors",
        "references"
      ]
    },
    "data_quality": {
      "title_quality": {
        "score": 100,
        "issues": [],
        "grade": "A"
      },
      "creator_quality": {
        "score": 100,
        "issues": [],
        "grade": "A"
      },
      "description_quality": {
        "score": 100,
        "issues": [],
        "grade": "A"
      },
      "keyword_quality": {
        "score": 100,
        "issues": [],
        "grade": "A"
      },
      "date_quality": {
        "score": 100,
        "issues": [],
        "grade": "A"
      },
      "license_quality": {
        "score": 100,
        "issues": [],
        "grade": "A"
      },
      "overall_quality_score": 100.0,
      "quality_grade": "EXCELLENT"
    },
    "transformation_effectiveness": {
      "mapping_completeness": 17.5,
      "data_enrichment_score": 50.0,
      "format_compliance": 100.0,
      "semantic_accuracy": 85.0,
      "overall_effectiveness_score": 63.1,
      "field_mapping_breakdown": {
        "total_fgdc_fields": 57,
        "directly_mapped_fields": 10,
        "fields_in_notes": 46,
        "unmapped_fields": 1,
        "direct_mapping_percentage": 17.5,
        "notes_mapping_percentage": 80.7,
        "total_preservation_percentage": 98.2,
        "mapping_details": {
          "directly_mapped": [
            {
              "fgdc_field": "origin",
              "zenodo_field": "creators",
              "value": "USDA Forest Service, Chugach National Forest, Cordova Ranger District"
            },
            {
              "fgdc_field": "pubdate",
              "zenodo_field": "publication_date",
              "value": "1994"
            },
            {
              "fgdc_field": "title",
              "zenodo_field": "title",
              "value": "Trumpeter Swan Survey - Copper River"
            },
            {
              "fgdc_field": "abstract",
              "zenodo_field": "description",
              "value": "Data Type: Birds;  This data set contains aerial transect data from which trumpeter swan numbers on ..."
            },
            {
              "fgdc_field": "themekey",
              "zenodo_field": "keywords",
              "value": "North Pacific Ocean"
            },
            {
              "fgdc_field": "themekey",
              "zenodo_field": "keywords",
              "value": "North Pacific Ocean"
            },
            {
              "fgdc_field": "themekey",
              "zenodo_field": "keywords",
              "value": "North Pacific Ocean"
            },
            {
              "fgdc_field": "themekey",
              "zenodo_field": "keywords",
              "value": "North Pacific Ocean"
            },
            {
              "fgdc_field": "themekey",
              "zenodo_field": "keywords",
              "value": "North Pacific Ocean"
            },
            {
              "fgdc_field": "themekey",
              "zenodo_field": "keywords",
              "value": "North Pacific Ocean"
            }
          ],
          "notes_mapped": [
            {
              "fgdc_field": "purpose",
              "reason": "Standard notes field",
              "value": "Unknown"
            },
            {
              "fgdc_field": "current",
              "reason": "Standard notes field",
              "value": "Ground Condition"
            },
            {
              "fgdc_field": "progress",
              "reason": "Standard notes field",
              "value": "Complete"
            },
            {
              "fgdc_field": "update",
              "reason": "Standard notes field",
              "value": "Unknown"
            },
            {
              "fgdc_field": "westbc",
              "reason": "Standard notes field",
              "value": "-145.5"
            },
            {
              "fgdc_field": "eastbc",
              "reason": "Standard notes field",
              "value": "-143.67"
            },
            {
              "fgdc_field": "northbc",
              "reason": "Standard notes field",
              "value": "62.75"
            },
            {
              "fgdc_field": "southbc",
              "reason": "Standard notes field",
              "value": "60.42"
            },
            {
              "fgdc_field": "themekt",
              "reason": "Standard notes field",
              "value": "Other"
            },
            {
              "fgdc_field": "themekt",
              "reason": "Standard notes field",
              "value": "Other"
            },
            {
              "fgdc_field": "accconst",
              "reason": "Standard notes field",
              "value": "None"
            },
            {
              "fgdc_field": "useconst",
              "reason": "Standard notes field",
              "value": "None"
            },
            {
              "fgdc_field": "cntper",
              "reason": "Standard notes field",
              "value": "Kimberly Bahl"
            },
            {
              "fgdc_field": "addrtype",
              "reason": "Standard notes field",
              "value": "Mailing and Physical Address"
            },
            {
              "fgdc_field": "address",
              "reason": "Standard notes field",
              "value": "NOAA / AFSC / PMEL, 7600 Sand Point Way N.E."
            },
            {
              "fgdc_field": "city",
              "reason": "Standard notes field",
              "value": "Seattle"
            },
            {
              "fgdc_field": "state",
              "reason": "Standard notes field",
              "value": "WA"
            },
            {
              "fgdc_field": "postal",
              "reason": "Standard notes field",
              "value": "98115"
            },
            {
              "fgdc_field": "country",
              "reason": "Standard notes field",
              "value": "USA"
            },
            {
              "fgdc_field": "cntvoice",
              "reason": "Standard notes field",
              "value": "206-526-4314"
            },
            {
              "fgdc_field": "cntemail",
              "reason": "Standard notes field",
              "value": "kimberly.bahl@noaa.gov"
            },
            {
              "fgdc_field": "cntper",
              "reason": "Standard notes field",
              "value": "Kimberly Bahl"
            },
            {
              "fgdc_field": "addrtype",
              "reason": "Standard notes field",
              "value": "Mailing and Physical Address"
            },
            {
              "fgdc_field": "address",
              "reason": "Standard notes field",
              "value": "NOAA / AFSC / PMEL, 7600 Sand Point Way N.E."
            },
            {
              "fgdc_field": "city",
              "reason": "Standard notes field",
              "value": "Seattle"
            },
            {
              "fgdc_field": "state",
              "reason": "Standard notes field",
              "value": "WA"
            },
            {
              "fgdc_field": "postal",
              "reason": "Standard notes field",
              "value": "98115"
            },
            {
              "fgdc_field": "country",
              "reason": "Standard notes field",
              "value": "USA"
            },
            {
              "fgdc_field": "cntvoice",
              "reason": "Standard notes field",
              "value": "206-526-4314"
            },
            {
              "fgdc_field": "cntemail",
              "reason": "Standard notes field",
              "value": "kimberly.bahl@noaa.gov"
            },
            {
              "fgdc_field": "distliab",
              "reason": "Standard notes field",
              "value": "While every effort has been made to ensure that these data are accurate and reliable within the limi..."
            },
            {
              "fgdc_field": "metd",
              "reason": "Standard notes field",
              "value": "20020423"
            },
            {
              "fgdc_field": "cntper",
              "reason": "Standard notes field",
              "value": "Kimberly Bahl"
            },
            {
              "fgdc_field": "addrtype",
              "reason": "Standard notes field",
              "value": "Mailing and Physical Address"
            },
            {
              "fgdc_field": "address",
              "reason": "Standard notes field",
              "value": "NOAA / AFSC / PMEL, 7600 Sand Point Way N.E."
            },
            {
              "fgdc_field": "city",
              "reason": "Standard notes field",
              "value": "Seattle"
            },
            {
              "fgdc_field": "state",
              "reason": "Standard notes field",
              "value": "WA"
            },
            {
              "fgdc_field": "postal",
              "reason": "Standard notes field",
              "value": "98115"
            },
            {
              "fgdc_field": "country",
              "reason": "Standard notes field",
              "value": "USA"
            },
            {
              "fgdc_field": "cntvoice",
              "reason": "Standard notes field",
              "value": "206-526-4314"
            },
            {
              "fgdc_field": "cntfax",
              "reason": "Standard notes field",
              "value": "206-526-6485"
            },
            {
              "fgdc_field": "cntemail",
              "reason": "Standard notes field",
              "value": "kimberly.bahl@noaa.gov"
            },
            {
              "fgdc_field": "metstdn",
              "reason": "Standard notes field",
              "value": "Content Standards for Digital Geospatial Metadata"
            },
            {
              "fgdc_field": "metstdv",
              "reason": "Standard notes field",
              "value": "FGDC-STD-001-1998"
            },
            {
              "fgdc_field": "metac",
              "reason": "Standard notes field",
              "value": "None"
            },
            {
              "fgdc_field": "metuc",
              "reason": "Standard notes field",
              "value": "None"
            }
          ],
          "unmapped": [
            {
              "fgdc_field": "caldate",
              "reason": "No mapping found - field not in notes or other fields",
              "value": "19941231"
            }
          ]
        }
      }
    },
    "compliance": {
      "zenodo_required_fields": 4,
      "zenodo_required_total": 4,
      "zenodo_required_percentage": 100.0,
      "zenodo_recommended_fields": 6,
      "zenodo_recommended_total": 6,
      "zenodo_recommended_percentage": 100.0,
      "pices_community_present": true,
      "open_access_compliant": true,
      "license_compliant": true,
      "overall_compliance_score": 100.0
    },
    "overall_score": 96.2,
    "overall_grade": "EXCELLENT"
  },
  "files": [
    {
      "path": "output/data/original_fgdc/FGDC-623.xml",
      "description": "Original FGDC metadata XML",
      "type": "fgdc_xml"
    }
  ]
}