{
  "metadata": {
    "title": "CalCOFI Temperature, Salinity and Nutrient Profiles (US-California)",
    "upload_type": "dataset",
    "publication_date": "1999-08-03",
    "creators": [
      {
        "name": "National Oceanic",
        "type": "Organization"
      },
      {
        "name": "Atmospheric Administration (NOAA)",
        "type": "Organization"
      },
      {
        "name": "Satellite, National Environmental"
      },
      {
        "name": "Data"
      },
      {
        "name": "(NESDIS), Information Service"
      },
      {
        "name": "National Oceanographic Data Center (NODC)",
        "type": "Organization"
      }
    ],
    "description": "Water column profiles from water bottles, C/STD measurements\n\nCALCOFI (California Current Region), coastal California, ex: 28-29N Lat, 114-115W long\n\nPublication\nData reports - Physical and Chemical Data, CALCOFI Cruise 6901, 7-30 January 1969 and CALCOFI cruise 6902, January 11- March 1969 (SIO Reference 76-14, Sept 1976 (313006) NOAA/WDCA 139.8 D-72:1976 Sep.\n\nData Distribution\nAvailable as individual data sets or as part of the NODC Oceanographic Station Profile Time Series CD ROM (CALCOFI 1 & 2).  Also included in WOA 1994\n\nURL -- ( http://www.nodc.noaa.gov/General/CDR-detdesc/time-series.html )  \n[ A TCODE project ]",
    "access_right": "open",
    "license": "cc-zero",
    "keywords": [
      "Physical Chemical Oceanography",
      "Temperature",
      "Salinity",
      "Density",
      "Nutrient data",
      "North Pacific Ocean"
    ],
    "notes": "Status: Complete\n\nMaintenance frequency: As Needed\n\nAccess constraints: None\n\nUse constraints: None\n\nDistribution liability: While every effort has been made to ensure that these data are accurate and reliable within the limits of the current state of the art, NOAA cannot assume liability for any damages caused by any errors or omissions in the data, nor as a result of the failure of the data to function on a particular system. NOAA makes no warranty, expressed or implied, nor does the fact of distribution constitute such a warranty.\n\nFGDC metadata date: 19990803\nFGDC metadata contact: Kimberly Bahl\nFGDC metadata standard: Content Standards for Digital Geospatial Metadata (version: FGDC-STD-001-1998)",
    "related_identifiers": [],
    "contributors": [
      {
        "name": "National Oceanographic Data Center",
        "type": "ContactPerson"
      },
      {
        "name": "National Oceanographic Data Center",
        "type": "Distributor"
      },
      {
        "name": "North Pacific Marine Science Organization (PICES)",
        "type": "Distributor"
      }
    ],
    "references": [],
    "communities": [
      {
        "identifier": "pices"
      }
    ],
    "subjects": [],
    "publisher": "North Pacific Marine Science Organization"
  },
  "original_fgdc_file": "FGDC-212.xml",
  "character_analysis": {
    "fgdc_total_chars": 4467,
    "fgdc_data_chars": 1164,
    "zenodo_total_chars": 2707,
    "zenodo_data_chars": 1765,
    "char_difference": 601,
    "char_ratio": 1.5163230240549828,
    "data_preservation_ratio": 1.5163230240549828
  },
  "enhanced_metrics": {
    "file_info": {
      "fgdc_size_bytes": 4467,
      "fgdc_size_kb": 4.36,
      "zenodo_size_bytes": 2707,
      "zenodo_size_kb": 2.64,
      "filename": "FGDC-212.xml",
      "timestamp": "2025-10-11T23:39:39.124940"
    },
    "data_preservation": {
      "content_preservation_ratio": 1.06,
      "field_preservation_ratio": 1.25,
      "semantic_preservation_score": 1.0,
      "data_loss_indicators": [],
      "data_gain_indicators": [
        "Significant data enrichment: 91.3% additional structured content added"
      ],
      "content_enrichment_ratio": 0.913
    },
    "field_coverage": {
      "critical_fields_present": 4,
      "critical_fields_total": 4,
      "critical_fields_percentage": 100.0,
      "important_fields_present": 4,
      "important_fields_total": 4,
      "important_fields_percentage": 100.0,
      "optional_fields_present": 4,
      "optional_fields_total": 6,
      "optional_fields_percentage": 66.7,
      "total_fields_present": 12,
      "total_fields_possible": 14,
      "overall_coverage_percentage": 85.7,
      "weighted_coverage_score": 98.2,
      "missing_critical_fields": [],
      "missing_important_fields": [],
      "present_optional_fields": [
        "notes",
        "related_identifiers",
        "contributors",
        "references"
      ]
    },
    "data_quality": {
      "title_quality": {
        "score": 100,
        "issues": [],
        "grade": "A"
      },
      "creator_quality": {
        "score": 95,
        "issues": [
          "Creator 4 name format unclear"
        ],
        "grade": "A"
      },
      "description_quality": {
        "score": 100,
        "issues": [],
        "grade": "A"
      },
      "keyword_quality": {
        "score": 100,
        "issues": [],
        "grade": "A"
      },
      "date_quality": {
        "score": 100,
        "issues": [],
        "grade": "A"
      },
      "license_quality": {
        "score": 100,
        "issues": [],
        "grade": "A"
      },
      "overall_quality_score": 99.2,
      "quality_grade": "EXCELLENT"
    },
    "transformation_effectiveness": {
      "mapping_completeness": 17.2,
      "data_enrichment_score": 50.0,
      "format_compliance": 100.0,
      "semantic_accuracy": 85.0,
      "overall_effectiveness_score": 63.0,
      "field_mapping_breakdown": {
        "total_fgdc_fields": 58,
        "directly_mapped_fields": 10,
        "fields_in_notes": 48,
        "unmapped_fields": 0,
        "direct_mapping_percentage": 17.2,
        "notes_mapping_percentage": 82.8,
        "total_preservation_percentage": 100.0,
        "mapping_details": {
          "directly_mapped": [
            {
              "fgdc_field": "origin",
              "zenodo_field": "creators",
              "value": "National Oceanic and Atmospheric Administration (NOAA), National Environmental Satellite, Data and I..."
            },
            {
              "fgdc_field": "pubdate",
              "zenodo_field": "publication_date",
              "value": "Unknown"
            },
            {
              "fgdc_field": "title",
              "zenodo_field": "title",
              "value": "CalCOFI Temperature, Salinity and Nutrient Profiles (US-California)"
            },
            {
              "fgdc_field": "abstract",
              "zenodo_field": "description",
              "value": "Water column profiles from water bottles, C/STD measurements\n\nCALCOFI (California Current Region), c..."
            },
            {
              "fgdc_field": "themekey",
              "zenodo_field": "keywords",
              "value": "North Pacific Ocean"
            },
            {
              "fgdc_field": "themekey",
              "zenodo_field": "keywords",
              "value": "North Pacific Ocean"
            },
            {
              "fgdc_field": "themekey",
              "zenodo_field": "keywords",
              "value": "North Pacific Ocean"
            },
            {
              "fgdc_field": "themekey",
              "zenodo_field": "keywords",
              "value": "North Pacific Ocean"
            },
            {
              "fgdc_field": "themekey",
              "zenodo_field": "keywords",
              "value": "North Pacific Ocean"
            },
            {
              "fgdc_field": "themekey",
              "zenodo_field": "keywords",
              "value": "North Pacific Ocean"
            }
          ],
          "notes_mapped": [
            {
              "fgdc_field": "begdate",
              "reason": "Standard notes field",
              "value": "19330101"
            },
            {
              "fgdc_field": "enddate",
              "reason": "Standard notes field",
              "value": "19851231"
            },
            {
              "fgdc_field": "current",
              "reason": "Standard notes field",
              "value": "Sample Date"
            },
            {
              "fgdc_field": "progress",
              "reason": "Standard notes field",
              "value": "Complete"
            },
            {
              "fgdc_field": "update",
              "reason": "Standard notes field",
              "value": "As Needed"
            },
            {
              "fgdc_field": "westbc",
              "reason": "Standard notes field",
              "value": "163"
            },
            {
              "fgdc_field": "eastbc",
              "reason": "Standard notes field",
              "value": "-157"
            },
            {
              "fgdc_field": "northbc",
              "reason": "Standard notes field",
              "value": "65.5"
            },
            {
              "fgdc_field": "southbc",
              "reason": "Standard notes field",
              "value": "52"
            },
            {
              "fgdc_field": "themekt",
              "reason": "Standard notes field",
              "value": "Other"
            },
            {
              "fgdc_field": "accconst",
              "reason": "Standard notes field",
              "value": "None"
            },
            {
              "fgdc_field": "useconst",
              "reason": "Standard notes field",
              "value": "None"
            },
            {
              "fgdc_field": "cntper",
              "reason": "Standard notes field",
              "value": "Kimberly Bahl"
            },
            {
              "fgdc_field": "addrtype",
              "reason": "Standard notes field",
              "value": "Mailing and Physical Address"
            },
            {
              "fgdc_field": "address",
              "reason": "Standard notes field",
              "value": "NOAA / AFSC / PMEL, 7600 Sand Point Way N.E."
            },
            {
              "fgdc_field": "city",
              "reason": "Standard notes field",
              "value": "Seattle"
            },
            {
              "fgdc_field": "state",
              "reason": "Standard notes field",
              "value": "WA"
            },
            {
              "fgdc_field": "postal",
              "reason": "Standard notes field",
              "value": "98115"
            },
            {
              "fgdc_field": "country",
              "reason": "Standard notes field",
              "value": "USA"
            },
            {
              "fgdc_field": "cntvoice",
              "reason": "Standard notes field",
              "value": "206-526-4314"
            },
            {
              "fgdc_field": "cntfax",
              "reason": "Standard notes field",
              "value": "206-526-6485"
            },
            {
              "fgdc_field": "cntemail",
              "reason": "Standard notes field",
              "value": "kimberly.bahl@noaa.gov"
            },
            {
              "fgdc_field": "cntper",
              "reason": "Standard notes field",
              "value": "Kimberly Bahl"
            },
            {
              "fgdc_field": "addrtype",
              "reason": "Standard notes field",
              "value": "Mailing and Physical Address"
            },
            {
              "fgdc_field": "address",
              "reason": "Standard notes field",
              "value": "NOAA / AFSC / PMEL, 7600 Sand Point Way N.E."
            },
            {
              "fgdc_field": "city",
              "reason": "Standard notes field",
              "value": "Seattle"
            },
            {
              "fgdc_field": "state",
              "reason": "Standard notes field",
              "value": "WA"
            },
            {
              "fgdc_field": "postal",
              "reason": "Standard notes field",
              "value": "98115"
            },
            {
              "fgdc_field": "country",
              "reason": "Standard notes field",
              "value": "USA"
            },
            {
              "fgdc_field": "cntvoice",
              "reason": "Standard notes field",
              "value": "206-526-4314"
            },
            {
              "fgdc_field": "cntfax",
              "reason": "Standard notes field",
              "value": "206-526-6485"
            },
            {
              "fgdc_field": "cntemail",
              "reason": "Standard notes field",
              "value": "kimberly.bahl@noaa.gov"
            },
            {
              "fgdc_field": "distliab",
              "reason": "Standard notes field",
              "value": "While every effort has been made to ensure that these data are accurate and reliable within the limi..."
            },
            {
              "fgdc_field": "metd",
              "reason": "Standard notes field",
              "value": "19990803"
            },
            {
              "fgdc_field": "cntper",
              "reason": "Standard notes field",
              "value": "Kimberly Bahl"
            },
            {
              "fgdc_field": "addrtype",
              "reason": "Standard notes field",
              "value": "Mailing and Physical Address"
            },
            {
              "fgdc_field": "address",
              "reason": "Standard notes field",
              "value": "NOAA / AFSC / PMEL, 7600 Sand Point Way N.E."
            },
            {
              "fgdc_field": "city",
              "reason": "Standard notes field",
              "value": "Seattle"
            },
            {
              "fgdc_field": "state",
              "reason": "Standard notes field",
              "value": "WA"
            },
            {
              "fgdc_field": "postal",
              "reason": "Standard notes field",
              "value": "98115"
            },
            {
              "fgdc_field": "country",
              "reason": "Standard notes field",
              "value": "USA"
            },
            {
              "fgdc_field": "cntvoice",
              "reason": "Standard notes field",
              "value": "206-526-4314"
            },
            {
              "fgdc_field": "cntfax",
              "reason": "Standard notes field",
              "value": "206-526-6485"
            },
            {
              "fgdc_field": "cntemail",
              "reason": "Standard notes field",
              "value": "kimberly.bahl@noaa.gov"
            },
            {
              "fgdc_field": "metstdn",
              "reason": "Standard notes field",
              "value": "Content Standards for Digital Geospatial Metadata"
            },
            {
              "fgdc_field": "metstdv",
              "reason": "Standard notes field",
              "value": "FGDC-STD-001-1998"
            },
            {
              "fgdc_field": "metac",
              "reason": "Standard notes field",
              "value": "None"
            },
            {
              "fgdc_field": "metuc",
              "reason": "Standard notes field",
              "value": "None"
            }
          ],
          "unmapped": []
        }
      }
    },
    "compliance": {
      "zenodo_required_fields": 4,
      "zenodo_required_total": 4,
      "zenodo_required_percentage": 100.0,
      "zenodo_recommended_fields": 6,
      "zenodo_recommended_total": 6,
      "zenodo_recommended_percentage": 100.0,
      "pices_community_present": true,
      "open_access_compliant": true,
      "license_compliant": true,
      "overall_compliance_score": 100.0
    },
    "overall_score": 96.0,
    "overall_grade": "EXCELLENT"
  },
  "files": [
    {
      "path": "output/data/original_fgdc/FGDC-212.xml",
      "description": "Original FGDC metadata XML",
      "type": "fgdc_xml"
    }
  ]
}