{
  "metadata": {
    "title": "Eddy Maintenance and Attrition in a Vertically Sheared Current under Arctic Ice",
    "upload_type": "dataset",
    "publication_date": "1998-02-24",
    "creators": [
      {
        "name": "University"
      }
    ],
    "description": "Steady drift of an ice cover produces a vertically sheared current in the\n     upper ocean of the Arctic. Under the ice cover, mesoscale shallow brine and\n     freshening sources generate submerged anticyclones and cyclones,\n     respectively. A submerged eddy extending deep into the water column\n     experiences differential advections by the vertically sheared current.\n     Interaction between subsurface eddies and the sheared current is examined\n     using a three-dimensional numerical model in a coordinate system moving\n     with the ice. The initial salinity field is in geostrophic balance with the sheared\n     current, and a pulse of brine or freshening forcing produces an anticyclone or\n     a cyclone. In a coordinate system moving with the ice, eddies are in a\n     vertically sheared backward ambient current. To an observer looking into\n     the direction of the backward ambient current, eddies move with the current\n     and deflect to the right (left) for counterclockwise (clockwise) rotating\n     eddies in both hemispheres. The lower half of the eddy always moves faster.\n     The lateral movement can be explained by the KuttaﾖZhukhovski lift\n     theorem. Differential advection produces eddy tilting and entails the\n     development of a narrow jet following the moving eddy. The jet reduces\n     eddy straining and tilting, and eddies disperse in cases of sizeable tilts.\n     Driven by a vertically sheared current, cyclones are short-lived compared\n     with anticyclones because the lateral movement of a cyclone exposes the\n     lower part of the eddy into waters of weaker stratification. The results help\n     explain the predominance of anticyclonic eddies under the Arctic ice.",
    "access_right": "open",
    "license": "cc-zero",
    "keywords": [
      "Arctic",
      "Eddy",
      "Chukchi Sea",
      "Alaska",
      "Bering Sea",
      "North Pacific Ocean"
    ],
    "notes": "Purpose: To report on the Eddy Maintenance and Attrition in a Vertically Sheared Current under Arctic Ice\n\nStatus: Complete\n\nMaintenance frequency: None Planned\n\nAccess constraints: Check with Contributor\n\nUse constraints: Check with Contributor\n\nDistribution liability: While every effort has been made to ensure that these data are accurate and reliable within the limits of the current state of the art, NOAA cannot assume liability for any damages caused by any errors or omissions in the data, nor as a result of the failure of the data to function on a particular system. NOAA makes no warranty, expressed or implied, nor does the fact of distribution constitute such a warranty.\n\nFGDC metadata date: 19990205\nFGDC metadata contact: Kimberly Bahl\nFGDC metadata standard: Content Standards for Digital Geospatial Metadata (version: FGDC-STD-001-1998)",
    "related_identifiers": [],
    "contributors": [
      {
        "name": "Chao, Shenn-Yu",
        "type": "ContactPerson"
      },
      {
        "name": "Chao, Shenn-Yu",
        "type": "Distributor"
      },
      {
        "name": "North Pacific Marine Science Organization (PICES)",
        "type": "Distributor"
      }
    ],
    "references": [],
    "communities": [
      {
        "identifier": "pices"
      }
    ],
    "subjects": [],
    "publisher": "North Pacific Marine Science Organization"
  },
  "original_fgdc_file": "FGDC-69.xml",
  "character_analysis": {
    "fgdc_total_chars": 5404,
    "fgdc_data_chars": 2165,
    "zenodo_total_chars": 3511,
    "zenodo_data_chars": 2792,
    "char_difference": 627,
    "char_ratio": 1.289607390300231,
    "data_preservation_ratio": 1.289607390300231
  },
  "enhanced_metrics": {
    "file_info": {
      "fgdc_size_bytes": 5404,
      "fgdc_size_kb": 5.28,
      "zenodo_size_bytes": 3511,
      "zenodo_size_kb": 3.43,
      "filename": "FGDC-69.xml",
      "timestamp": "2025-10-11T23:39:55.478761"
    },
    "data_preservation": {
      "content_preservation_ratio": 0.92,
      "field_preservation_ratio": 1.154,
      "semantic_preservation_score": 0.9200770341839191,
      "data_loss_indicators": [],
      "data_gain_indicators": [
        "Significant data enrichment: 47.7% additional structured content added"
      ],
      "content_enrichment_ratio": 0.477
    },
    "field_coverage": {
      "critical_fields_present": 4,
      "critical_fields_total": 4,
      "critical_fields_percentage": 100.0,
      "important_fields_present": 4,
      "important_fields_total": 4,
      "important_fields_percentage": 100.0,
      "optional_fields_present": 4,
      "optional_fields_total": 6,
      "optional_fields_percentage": 66.7,
      "total_fields_present": 12,
      "total_fields_possible": 14,
      "overall_coverage_percentage": 85.7,
      "weighted_coverage_score": 98.2,
      "missing_critical_fields": [],
      "missing_important_fields": [],
      "present_optional_fields": [
        "notes",
        "related_identifiers",
        "contributors",
        "references"
      ]
    },
    "data_quality": {
      "title_quality": {
        "score": 100,
        "issues": [],
        "grade": "A"
      },
      "creator_quality": {
        "score": 95,
        "issues": [
          "Creator 1 name format unclear"
        ],
        "grade": "A"
      },
      "description_quality": {
        "score": 100,
        "issues": [],
        "grade": "A"
      },
      "keyword_quality": {
        "score": 100,
        "issues": [],
        "grade": "A"
      },
      "date_quality": {
        "score": 100,
        "issues": [],
        "grade": "A"
      },
      "license_quality": {
        "score": 100,
        "issues": [],
        "grade": "A"
      },
      "overall_quality_score": 99.2,
      "quality_grade": "EXCELLENT"
    },
    "transformation_effectiveness": {
      "mapping_completeness": 20.0,
      "data_enrichment_score": 50.0,
      "format_compliance": 100.0,
      "semantic_accuracy": 85.0,
      "overall_effectiveness_score": 63.8,
      "field_mapping_breakdown": {
        "total_fgdc_fields": 50,
        "directly_mapped_fields": 10,
        "fields_in_notes": 40,
        "unmapped_fields": 0,
        "direct_mapping_percentage": 20.0,
        "notes_mapping_percentage": 80.0,
        "total_preservation_percentage": 100.0,
        "mapping_details": {
          "directly_mapped": [
            {
              "fgdc_field": "origin",
              "zenodo_field": "creators",
              "value": "University of Maryland, Center for Environmental Science, Horn Point Laboratory"
            },
            {
              "fgdc_field": "pubdate",
              "zenodo_field": "publication_date",
              "value": "19980224"
            },
            {
              "fgdc_field": "title",
              "zenodo_field": "title",
              "value": "Eddy Maintenance and Attrition in a Vertically Sheared Current under Arctic Ice"
            },
            {
              "fgdc_field": "abstract",
              "zenodo_field": "description",
              "value": "Steady drift of an ice cover produces a vertically sheared current in the\n     upper ocean of the Ar..."
            },
            {
              "fgdc_field": "themekey",
              "zenodo_field": "keywords",
              "value": "North Pacific Ocean"
            },
            {
              "fgdc_field": "themekey",
              "zenodo_field": "keywords",
              "value": "North Pacific Ocean"
            },
            {
              "fgdc_field": "themekey",
              "zenodo_field": "keywords",
              "value": "North Pacific Ocean"
            },
            {
              "fgdc_field": "themekey",
              "zenodo_field": "keywords",
              "value": "North Pacific Ocean"
            },
            {
              "fgdc_field": "themekey",
              "zenodo_field": "keywords",
              "value": "North Pacific Ocean"
            },
            {
              "fgdc_field": "themekey",
              "zenodo_field": "keywords",
              "value": "North Pacific Ocean"
            }
          ],
          "notes_mapped": [
            {
              "fgdc_field": "purpose",
              "reason": "Standard notes field",
              "value": "To report on the Eddy Maintenance and Attrition in a Vertically Sheared Current under Arctic Ice"
            },
            {
              "fgdc_field": "begdate",
              "reason": "Standard notes field",
              "value": "19980224"
            },
            {
              "fgdc_field": "current",
              "reason": "Standard notes field",
              "value": "Publication Date"
            },
            {
              "fgdc_field": "progress",
              "reason": "Standard notes field",
              "value": "Complete"
            },
            {
              "fgdc_field": "update",
              "reason": "Standard notes field",
              "value": "None Planned"
            },
            {
              "fgdc_field": "westbc",
              "reason": "Standard notes field",
              "value": "178"
            },
            {
              "fgdc_field": "eastbc",
              "reason": "Standard notes field",
              "value": "-168"
            },
            {
              "fgdc_field": "northbc",
              "reason": "Standard notes field",
              "value": "67.5"
            },
            {
              "fgdc_field": "southbc",
              "reason": "Standard notes field",
              "value": "52"
            },
            {
              "fgdc_field": "themekt",
              "reason": "Standard notes field",
              "value": "Other"
            },
            {
              "fgdc_field": "accconst",
              "reason": "Standard notes field",
              "value": "Check with Contributor"
            },
            {
              "fgdc_field": "useconst",
              "reason": "Standard notes field",
              "value": "Check with Contributor"
            },
            {
              "fgdc_field": "cntper",
              "reason": "Standard notes field",
              "value": "Kimberly Bahl"
            },
            {
              "fgdc_field": "addrtype",
              "reason": "Standard notes field",
              "value": "Mailing and Physical Address"
            },
            {
              "fgdc_field": "address",
              "reason": "Standard notes field",
              "value": "NOAA / AFSC / PMEL, 7600 Sand Point Way N.E."
            },
            {
              "fgdc_field": "city",
              "reason": "Standard notes field",
              "value": "Seattle"
            },
            {
              "fgdc_field": "state",
              "reason": "Standard notes field",
              "value": "WA"
            },
            {
              "fgdc_field": "country",
              "reason": "Standard notes field",
              "value": "USA"
            },
            {
              "fgdc_field": "cntper",
              "reason": "Standard notes field",
              "value": "Kimberly Bahl"
            },
            {
              "fgdc_field": "addrtype",
              "reason": "Standard notes field",
              "value": "Mailing and Physical Address"
            },
            {
              "fgdc_field": "address",
              "reason": "Standard notes field",
              "value": "NOAA / AFSC / PMEL, 7600 Sand Point Way N.E."
            },
            {
              "fgdc_field": "city",
              "reason": "Standard notes field",
              "value": "Seattle"
            },
            {
              "fgdc_field": "state",
              "reason": "Standard notes field",
              "value": "WA"
            },
            {
              "fgdc_field": "country",
              "reason": "Standard notes field",
              "value": "USA"
            },
            {
              "fgdc_field": "distliab",
              "reason": "Standard notes field",
              "value": "While every effort has been made to ensure that these data are accurate and reliable within the limi..."
            },
            {
              "fgdc_field": "metd",
              "reason": "Standard notes field",
              "value": "19990205"
            },
            {
              "fgdc_field": "cntper",
              "reason": "Standard notes field",
              "value": "Kimberly Bahl"
            },
            {
              "fgdc_field": "addrtype",
              "reason": "Standard notes field",
              "value": "Mailing and Physical Address"
            },
            {
              "fgdc_field": "address",
              "reason": "Standard notes field",
              "value": "NOAA / AFSC / PMEL, 7600 Sand Point Way N.E."
            },
            {
              "fgdc_field": "city",
              "reason": "Standard notes field",
              "value": "Seattle"
            },
            {
              "fgdc_field": "state",
              "reason": "Standard notes field",
              "value": "WA"
            },
            {
              "fgdc_field": "postal",
              "reason": "Standard notes field",
              "value": "98115"
            },
            {
              "fgdc_field": "country",
              "reason": "Standard notes field",
              "value": "USA"
            },
            {
              "fgdc_field": "cntvoice",
              "reason": "Standard notes field",
              "value": "206-526-4314"
            },
            {
              "fgdc_field": "cntfax",
              "reason": "Standard notes field",
              "value": "206-526-6485"
            },
            {
              "fgdc_field": "cntemail",
              "reason": "Standard notes field",
              "value": "kimberly.bahl@noaa.gov"
            },
            {
              "fgdc_field": "metstdn",
              "reason": "Standard notes field",
              "value": "Content Standards for Digital Geospatial Metadata"
            },
            {
              "fgdc_field": "metstdv",
              "reason": "Standard notes field",
              "value": "FGDC-STD-001-1998"
            },
            {
              "fgdc_field": "metac",
              "reason": "Standard notes field",
              "value": "Check with Contributor"
            },
            {
              "fgdc_field": "metuc",
              "reason": "Standard notes field",
              "value": "Check with Contributor"
            }
          ],
          "unmapped": []
        }
      }
    },
    "compliance": {
      "zenodo_required_fields": 4,
      "zenodo_required_total": 4,
      "zenodo_required_percentage": 100.0,
      "zenodo_recommended_fields": 6,
      "zenodo_recommended_total": 6,
      "zenodo_recommended_percentage": 100.0,
      "pices_community_present": true,
      "open_access_compliant": true,
      "license_compliant": true,
      "overall_compliance_score": 100.0
    },
    "overall_score": 91.2,
    "overall_grade": "GOOD"
  },
  "files": [
    {
      "path": "output/data/original_fgdc/FGDC-69.xml",
      "description": "Original FGDC metadata XML",
      "type": "fgdc_xml"
    }
  ]
}