{
  "metadata": {
    "title": "Role of Low Clouds in Summertime Atmosphere Ocean Interactions over the North Pacific",
    "upload_type": "dataset",
    "publication_date": "1977-12-01",
    "creators": [
      {
        "name": "University"
      }
    ],
    "description": "The summer-to-summer variability of the areal extent of marine stratiform\n     cloudiness (MSC; stratus, stratocumulus, and fog) over the North Pacific is\n     examined for the period of record 1952ﾖ92 using a dataset based on surface\n     observations. Variability is largest in two regions: the central and western Pacific\n     along 35°N coincident with a strong meridional gradient in climatological MSC\n     amount, and the eastern Pacific near 15°N downstream of the persistent\n     stratocumulus deck off Baja California. The MSC amount in both regions tends to\n     be negatively correlated with local sea surface temperature (SST), suggestive of a\n     positive cloud feedback on SST. The MSC amounts in the two regions also tend\n     to be negatively correlated by virtue of their relationship to the basin-wide sea\n     level pressure (SLP) field: a strengthening of the seasonal mean subtropical\n     anticyclone is accompanied by increased cloudiness in the trade wind regime and\n     decreased cloudiness in the southerly flow farther toward the west. These\n     relationships are reflected in the leading modes derived from empirical orthogonal\n     function analysis and singular value decomposition analysis of the MSC, SST, and\n     SLP fields.\n\n       From the 1950s to the 1980s, summertime MSC amounts increased in the\n     central and western Pacific and decreased in the trade wind region, while SST\n     exhibited the opposite tendencies. Although these trends contributed to the\n     relationships described above, similar patterns are obtained when the analysis is\n     performed on 1-yr difference fields (e.g., 1953 minus 1952, 1954 minus 1953,\n     etc.). Hence, it appears that MSC plays an important role in atmosphereﾖocean\n     coupling over the North Pacific during the summer season when latent and\n     sensible heat fluxes are not as dominant and the coupling between atmospheric\n     circulation and SST is not as strong as in winter.",
    "access_right": "open",
    "license": "cc-zero",
    "keywords": [
      "Atmosphere",
      "Alaska",
      "Bering Sea",
      "Clouds",
      "North Pacific Ocean"
    ],
    "notes": "Purpose: To report on the role of Low Clouds in Summertime AtmosphereﾖOcean  Interactions over the North Pacific\n\nStatus: Complete\n\nMaintenance frequency: None Planned\n\nAccess constraints: Check with Contributor\n\nUse constraints: Check with Contributor\n\nDistribution liability: While every effort has been made to ensure that these data are accurate and reliable within the limits of the current state of the art, NOAA cannot assume liability for any damages caused by any errors or omissions in the data, nor as a result of the failure of the data to function on a particular system. NOAA makes no warranty, expressed or implied, nor does the fact of distribution constitute such a warranty.\n\nFGDC metadata date: 19990204\nFGDC metadata contact: Kimberly Bahl\nFGDC metadata standard: Content Standards for Digital Geospatial Metadata (version: FGDC-STD-001-1998)",
    "related_identifiers": [],
    "contributors": [
      {
        "name": "Norris, Joel R.",
        "type": "ContactPerson"
      },
      {
        "name": "Norris, Joel R.",
        "type": "Distributor"
      },
      {
        "name": "North Pacific Marine Science Organization (PICES)",
        "type": "Distributor"
      }
    ],
    "references": [],
    "communities": [
      {
        "identifier": "pices"
      }
    ],
    "subjects": [
      {
        "term": "Atmosphere",
        "identifier": "North Pacific Ecosystem Metadatabase:Atmosphere",
        "scheme": "thesaurus"
      },
      {
        "term": "Alaska",
        "identifier": "North Pacific Ecosystem Metadatabase:Alaska",
        "scheme": "thesaurus"
      },
      {
        "term": "Bering Sea",
        "identifier": "North Pacific Ecosystem Metadatabase:Bering Sea",
        "scheme": "thesaurus"
      },
      {
        "term": "Clouds",
        "identifier": "North Pacific Ecosystem Metadatabase:Clouds",
        "scheme": "thesaurus"
      },
      {
        "term": "North Pacific Ocean",
        "identifier": "North Pacific Ecosystem Metadatabase:North Pacific Ocean",
        "scheme": "thesaurus"
      }
    ],
    "publisher": "North Pacific Marine Science Organization"
  },
  "original_fgdc_file": "FGDC-24.xml",
  "character_analysis": {
    "fgdc_total_chars": 5762,
    "fgdc_data_chars": 2418,
    "zenodo_total_chars": 4498,
    "zenodo_data_chars": 3059,
    "char_difference": 641,
    "char_ratio": 1.2650951199338296,
    "data_preservation_ratio": 1.2650951199338296
  },
  "enhanced_metrics": {
    "file_info": {
      "fgdc_size_bytes": 5762,
      "fgdc_size_kb": 5.63,
      "zenodo_size_bytes": 4498,
      "zenodo_size_kb": 4.39,
      "filename": "FGDC-24.xml",
      "timestamp": "2025-10-11T23:39:41.220917"
    },
    "data_preservation": {
      "content_preservation_ratio": 0.932,
      "field_preservation_ratio": 1.25,
      "semantic_preservation_score": 0.9317010309278351,
      "data_loss_indicators": [],
      "data_gain_indicators": [
        "Significant data enrichment: 57.2% additional structured content added"
      ],
      "content_enrichment_ratio": 0.572
    },
    "field_coverage": {
      "critical_fields_present": 4,
      "critical_fields_total": 4,
      "critical_fields_percentage": 100.0,
      "important_fields_present": 4,
      "important_fields_total": 4,
      "important_fields_percentage": 100.0,
      "optional_fields_present": 4,
      "optional_fields_total": 6,
      "optional_fields_percentage": 66.7,
      "total_fields_present": 12,
      "total_fields_possible": 14,
      "overall_coverage_percentage": 85.7,
      "weighted_coverage_score": 98.2,
      "missing_critical_fields": [],
      "missing_important_fields": [],
      "present_optional_fields": [
        "notes",
        "related_identifiers",
        "contributors",
        "references"
      ]
    },
    "data_quality": {
      "title_quality": {
        "score": 100,
        "issues": [],
        "grade": "A"
      },
      "creator_quality": {
        "score": 95,
        "issues": [
          "Creator 1 name format unclear"
        ],
        "grade": "A"
      },
      "description_quality": {
        "score": 100,
        "issues": [],
        "grade": "A"
      },
      "keyword_quality": {
        "score": 100,
        "issues": [],
        "grade": "A"
      },
      "date_quality": {
        "score": 100,
        "issues": [],
        "grade": "A"
      },
      "license_quality": {
        "score": 100,
        "issues": [],
        "grade": "A"
      },
      "overall_quality_score": 99.2,
      "quality_grade": "EXCELLENT"
    },
    "transformation_effectiveness": {
      "mapping_completeness": 17.3,
      "data_enrichment_score": 50.0,
      "format_compliance": 100.0,
      "semantic_accuracy": 85.0,
      "overall_effectiveness_score": 63.1,
      "field_mapping_breakdown": {
        "total_fgdc_fields": 52,
        "directly_mapped_fields": 9,
        "fields_in_notes": 43,
        "unmapped_fields": 0,
        "direct_mapping_percentage": 17.3,
        "notes_mapping_percentage": 82.7,
        "total_preservation_percentage": 100.0,
        "mapping_details": {
          "directly_mapped": [
            {
              "fgdc_field": "origin",
              "zenodo_field": "creators",
              "value": "University of Washington (UW), Department of Atmospheric Sciences"
            },
            {
              "fgdc_field": "pubdate",
              "zenodo_field": "publication_date",
              "value": "19771201"
            },
            {
              "fgdc_field": "title",
              "zenodo_field": "title",
              "value": "Role of Low Clouds in Summertime Atmosphere Ocean Interactions over the North Pacific"
            },
            {
              "fgdc_field": "abstract",
              "zenodo_field": "description",
              "value": "The summer-to-summer variability of the areal extent of marine stratiform\n     cloudiness (MSC; stra..."
            },
            {
              "fgdc_field": "themekey",
              "zenodo_field": "keywords",
              "value": "North Pacific Ocean"
            },
            {
              "fgdc_field": "themekey",
              "zenodo_field": "keywords",
              "value": "North Pacific Ocean"
            },
            {
              "fgdc_field": "themekey",
              "zenodo_field": "keywords",
              "value": "North Pacific Ocean"
            },
            {
              "fgdc_field": "themekey",
              "zenodo_field": "keywords",
              "value": "North Pacific Ocean"
            },
            {
              "fgdc_field": "themekey",
              "zenodo_field": "keywords",
              "value": "North Pacific Ocean"
            }
          ],
          "notes_mapped": [
            {
              "fgdc_field": "purpose",
              "reason": "Standard notes field",
              "value": "To report on the role of Low Clouds in Summertime AtmosphereﾖOcean  Interactions over the North Paci..."
            },
            {
              "fgdc_field": "begdate",
              "reason": "Standard notes field",
              "value": "19971201"
            },
            {
              "fgdc_field": "current",
              "reason": "Standard notes field",
              "value": "Publication Date"
            },
            {
              "fgdc_field": "progress",
              "reason": "Standard notes field",
              "value": "Complete"
            },
            {
              "fgdc_field": "update",
              "reason": "Standard notes field",
              "value": "None Planned"
            },
            {
              "fgdc_field": "westbc",
              "reason": "Standard notes field",
              "value": "178"
            },
            {
              "fgdc_field": "eastbc",
              "reason": "Standard notes field",
              "value": "-168"
            },
            {
              "fgdc_field": "northbc",
              "reason": "Standard notes field",
              "value": "67.5"
            },
            {
              "fgdc_field": "southbc",
              "reason": "Standard notes field",
              "value": "52"
            },
            {
              "fgdc_field": "themekt",
              "reason": "Standard notes field",
              "value": "Other"
            },
            {
              "fgdc_field": "themekt",
              "reason": "Standard notes field",
              "value": "Other"
            },
            {
              "fgdc_field": "accconst",
              "reason": "Standard notes field",
              "value": "Check with Contributor"
            },
            {
              "fgdc_field": "useconst",
              "reason": "Standard notes field",
              "value": "Check with Contributor"
            },
            {
              "fgdc_field": "cntper",
              "reason": "Standard notes field",
              "value": "Kimberly Bahl"
            },
            {
              "fgdc_field": "addrtype",
              "reason": "Standard notes field",
              "value": "Mailing and Physical Address"
            },
            {
              "fgdc_field": "address",
              "reason": "Standard notes field",
              "value": "NOAA / AFSC / PMEL, 7600 Sand Point Way N.E."
            },
            {
              "fgdc_field": "city",
              "reason": "Standard notes field",
              "value": "Seattle"
            },
            {
              "fgdc_field": "state",
              "reason": "Standard notes field",
              "value": "WA"
            },
            {
              "fgdc_field": "postal",
              "reason": "Standard notes field",
              "value": "98115"
            },
            {
              "fgdc_field": "country",
              "reason": "Standard notes field",
              "value": "USA"
            },
            {
              "fgdc_field": "cntper",
              "reason": "Standard notes field",
              "value": "Kimberly Bahl"
            },
            {
              "fgdc_field": "addrtype",
              "reason": "Standard notes field",
              "value": "Mailing and Physical Address"
            },
            {
              "fgdc_field": "address",
              "reason": "Standard notes field",
              "value": "NOAA / AFSC / PMEL, 7600 Sand Point Way N.E."
            },
            {
              "fgdc_field": "city",
              "reason": "Standard notes field",
              "value": "Seattle"
            },
            {
              "fgdc_field": "state",
              "reason": "Standard notes field",
              "value": "WA"
            },
            {
              "fgdc_field": "postal",
              "reason": "Standard notes field",
              "value": "98115"
            },
            {
              "fgdc_field": "country",
              "reason": "Standard notes field",
              "value": "USA"
            },
            {
              "fgdc_field": "distliab",
              "reason": "Standard notes field",
              "value": "While every effort has been made to ensure that these data are accurate and reliable within the limi..."
            },
            {
              "fgdc_field": "metd",
              "reason": "Standard notes field",
              "value": "19990204"
            },
            {
              "fgdc_field": "cntper",
              "reason": "Standard notes field",
              "value": "Kimberly Bahl"
            },
            {
              "fgdc_field": "addrtype",
              "reason": "Standard notes field",
              "value": "Mailing and Physical Address"
            },
            {
              "fgdc_field": "address",
              "reason": "Standard notes field",
              "value": "NOAA / AFSC / PMEL, 7600 Sand Point Way N.E."
            },
            {
              "fgdc_field": "city",
              "reason": "Standard notes field",
              "value": "Seattle"
            },
            {
              "fgdc_field": "state",
              "reason": "Standard notes field",
              "value": "WA"
            },
            {
              "fgdc_field": "postal",
              "reason": "Standard notes field",
              "value": "98115"
            },
            {
              "fgdc_field": "country",
              "reason": "Standard notes field",
              "value": "USA"
            },
            {
              "fgdc_field": "cntvoice",
              "reason": "Standard notes field",
              "value": "206-526-4314"
            },
            {
              "fgdc_field": "cntfax",
              "reason": "Standard notes field",
              "value": "206-526-6485"
            },
            {
              "fgdc_field": "cntemail",
              "reason": "Standard notes field",
              "value": "kimberly.bahl@noaa.gov"
            },
            {
              "fgdc_field": "metstdn",
              "reason": "Standard notes field",
              "value": "Content Standards for Digital Geospatial Metadata"
            },
            {
              "fgdc_field": "metstdv",
              "reason": "Standard notes field",
              "value": "FGDC-STD-001-1998"
            },
            {
              "fgdc_field": "metac",
              "reason": "Standard notes field",
              "value": "Check with Contributor"
            },
            {
              "fgdc_field": "metuc",
              "reason": "Standard notes field",
              "value": "Check with Contributor"
            }
          ],
          "unmapped": []
        }
      }
    },
    "compliance": {
      "zenodo_required_fields": 4,
      "zenodo_required_total": 4,
      "zenodo_required_percentage": 100.0,
      "zenodo_recommended_fields": 6,
      "zenodo_recommended_total": 6,
      "zenodo_recommended_percentage": 100.0,
      "pices_community_present": true,
      "open_access_compliant": true,
      "license_compliant": true,
      "overall_compliance_score": 100.0
    },
    "overall_score": 91.5,
    "overall_grade": "GOOD"
  },
  "files": [
    {
      "path": "output/data/original_fgdc/FGDC-24.xml",
      "description": "Original FGDC metadata XML",
      "type": "fgdc_xml"
    }
  ]
}