{
  "metadata": {
    "title": "Joint Global Ocean Flux Study (JGOFS)",
    "upload_type": "dataset",
    "publication_date": "2004-06-09",
    "creators": [
      {
        "name": "Staff, DFO"
      }
    ],
    "description": "Chemical, physical, biological, and sedimentation properties in the deep ocean and continental margin.",
    "access_right": "open",
    "license": "cc-zero",
    "keywords": [
      "Oceanography",
      "Chemical Oceanography",
      "Physical Oceanography",
      "Sediments",
      "oceans",
      "Earth Science",
      "Oceans",
      "Marine Sediments",
      "Sediment Composition",
      "Ocean Chemistry",
      "Marine Geochemistry",
      "Northern Hemisphere",
      "Western Hemisphere",
      "North America",
      "Northeast Pacific",
      "Canada",
      "British Columbia",
      "North Pacific Ocean",
      "South Inner Coast (Johnstone, Georgia, JDF, inlets and passages)",
      "South Outer Coast (West Coast VI)",
      "North Outer Coast (West Coast QCI)",
      "North Inner Coast (QCS, Hecate, Dixon Inlet and passages)"
    ],
    "notes": "Purpose: Supports scientific and environmental research.\n\nSupplemental Information: Custom software is available for use with this dataset.\n\nStatus: Complete\n\nMaintenance frequency: None planned\n\nAccess constraints: Public\n\nUse constraints: None\n\nDistribution liability: These data are provided \"as-is\".\n\nFGDC metadata date: 20040609\nFGDC metadata standard: FGDC Content Standard for Digital Geospatial Metadata (version: FGDC-STD-001-1998)",
    "related_identifiers": [],
    "contributors": [
      {
        "name": "Denman, Ken",
        "type": "ContactPerson"
      },
      {
        "name": "Linguanti, Joseph",
        "type": "Distributor"
      },
      {
        "name": "North Pacific Marine Science Organization (PICES)",
        "type": "Distributor"
      }
    ],
    "references": [],
    "communities": [
      {
        "identifier": "pices"
      }
    ],
    "subjects": [],
    "publisher": "North Pacific Marine Science Organization"
  },
  "original_fgdc_file": "FGDC-4123.xml",
  "character_analysis": {
    "fgdc_total_chars": 5267,
    "fgdc_data_chars": 1230,
    "zenodo_total_chars": 1944,
    "zenodo_data_chars": 1120,
    "char_difference": -110,
    "char_ratio": 0.9105691056910569,
    "data_preservation_ratio": 0.9105691056910569
  },
  "enhanced_metrics": {
    "file_info": {
      "fgdc_size_bytes": 5267,
      "fgdc_size_kb": 5.14,
      "zenodo_size_bytes": 1944,
      "zenodo_size_kb": 1.9,
      "filename": "FGDC-4123.xml",
      "timestamp": "2025-10-11T23:39:53.183186"
    },
    "data_preservation": {
      "content_preservation_ratio": 0.877,
      "field_preservation_ratio": 0.455,
      "semantic_preservation_score": 0.8766756032171582,
      "data_loss_indicators": [],
      "data_gain_indicators": [
        "Significant data enrichment: 77.1% additional structured content added"
      ],
      "content_enrichment_ratio": 0.771
    },
    "field_coverage": {
      "critical_fields_present": 4,
      "critical_fields_total": 4,
      "critical_fields_percentage": 100.0,
      "important_fields_present": 4,
      "important_fields_total": 4,
      "important_fields_percentage": 100.0,
      "optional_fields_present": 4,
      "optional_fields_total": 6,
      "optional_fields_percentage": 66.7,
      "total_fields_present": 12,
      "total_fields_possible": 14,
      "overall_coverage_percentage": 85.7,
      "weighted_coverage_score": 98.2,
      "missing_critical_fields": [],
      "missing_important_fields": [],
      "present_optional_fields": [
        "notes",
        "related_identifiers",
        "contributors",
        "references"
      ]
    },
    "data_quality": {
      "title_quality": {
        "score": 100,
        "issues": [],
        "grade": "A"
      },
      "creator_quality": {
        "score": 100,
        "issues": [],
        "grade": "A"
      },
      "description_quality": {
        "score": 85,
        "issues": [
          "Description should have multiple sentences"
        ],
        "grade": "B"
      },
      "keyword_quality": {
        "score": 70,
        "issues": [
          "Too many keywords",
          "Keyword too long: \"South Inner Coast (Johnstone, Georgia, JDF, inlets and passages)\"",
          "Keyword too long: \"North Inner Coast (QCS, Hecate, Dixon Inlet and passages)\""
        ],
        "grade": "C"
      },
      "date_quality": {
        "score": 100,
        "issues": [],
        "grade": "A"
      },
      "license_quality": {
        "score": 100,
        "issues": [],
        "grade": "A"
      },
      "overall_quality_score": 92.5,
      "quality_grade": "GOOD"
    },
    "transformation_effectiveness": {
      "mapping_completeness": 32.2,
      "data_enrichment_score": 50.0,
      "format_compliance": 100.0,
      "semantic_accuracy": 85.0,
      "overall_effectiveness_score": 66.8,
      "field_mapping_breakdown": {
        "total_fgdc_fields": 90,
        "directly_mapped_fields": 29,
        "fields_in_notes": 58,
        "unmapped_fields": 3,
        "direct_mapping_percentage": 32.2,
        "notes_mapping_percentage": 64.4,
        "total_preservation_percentage": 96.7,
        "mapping_details": {
          "directly_mapped": [
            {
              "fgdc_field": "origin",
              "zenodo_field": "creators",
              "value": "DFO Staff"
            },
            {
              "fgdc_field": "pubdate",
              "zenodo_field": "publication_date",
              "value": "Unknown"
            },
            {
              "fgdc_field": "title",
              "zenodo_field": "title",
              "value": "Joint Global Ocean Flux Study (JGOFS)"
            },
            {
              "fgdc_field": "abstract",
              "zenodo_field": "description",
              "value": "Chemical, physical, biological, and sedimentation properties in the deep ocean and continental margi..."
            },
            {
              "fgdc_field": "themekey",
              "zenodo_field": "keywords",
              "value": "oceans"
            },
            {
              "fgdc_field": "themekey",
              "zenodo_field": "keywords",
              "value": "oceans"
            },
            {
              "fgdc_field": "themekey",
              "zenodo_field": "keywords",
              "value": "oceans"
            },
            {
              "fgdc_field": "themekey",
              "zenodo_field": "keywords",
              "value": "oceans"
            },
            {
              "fgdc_field": "themekey",
              "zenodo_field": "keywords",
              "value": "oceans"
            },
            {
              "fgdc_field": "themekey",
              "zenodo_field": "keywords",
              "value": "oceans"
            },
            {
              "fgdc_field": "themekey",
              "zenodo_field": "keywords",
              "value": "oceans"
            },
            {
              "fgdc_field": "themekey",
              "zenodo_field": "keywords",
              "value": "oceans"
            },
            {
              "fgdc_field": "themekey",
              "zenodo_field": "keywords",
              "value": "oceans"
            },
            {
              "fgdc_field": "themekey",
              "zenodo_field": "keywords",
              "value": "oceans"
            },
            {
              "fgdc_field": "themekey",
              "zenodo_field": "keywords",
              "value": "oceans"
            },
            {
              "fgdc_field": "themekey",
              "zenodo_field": "keywords",
              "value": "oceans"
            },
            {
              "fgdc_field": "themekey",
              "zenodo_field": "keywords",
              "value": "oceans"
            },
            {
              "fgdc_field": "themekey",
              "zenodo_field": "keywords",
              "value": "oceans"
            },
            {
              "fgdc_field": "placekey",
              "zenodo_field": "keywords",
              "value": "North Inner Coast (QCS, Hecate, Dixon Inlet and passages)"
            },
            {
              "fgdc_field": "placekey",
              "zenodo_field": "keywords",
              "value": "North Inner Coast (QCS, Hecate, Dixon Inlet and passages)"
            },
            {
              "fgdc_field": "placekey",
              "zenodo_field": "keywords",
              "value": "North Inner Coast (QCS, Hecate, Dixon Inlet and passages)"
            },
            {
              "fgdc_field": "placekey",
              "zenodo_field": "keywords",
              "value": "North Inner Coast (QCS, Hecate, Dixon Inlet and passages)"
            },
            {
              "fgdc_field": "placekey",
              "zenodo_field": "keywords",
              "value": "North Inner Coast (QCS, Hecate, Dixon Inlet and passages)"
            },
            {
              "fgdc_field": "placekey",
              "zenodo_field": "keywords",
              "value": "North Inner Coast (QCS, Hecate, Dixon Inlet and passages)"
            },
            {
              "fgdc_field": "placekey",
              "zenodo_field": "keywords",
              "value": "North Inner Coast (QCS, Hecate, Dixon Inlet and passages)"
            },
            {
              "fgdc_field": "placekey",
              "zenodo_field": "keywords",
              "value": "North Inner Coast (QCS, Hecate, Dixon Inlet and passages)"
            },
            {
              "fgdc_field": "placekey",
              "zenodo_field": "keywords",
              "value": "North Inner Coast (QCS, Hecate, Dixon Inlet and passages)"
            },
            {
              "fgdc_field": "placekey",
              "zenodo_field": "keywords",
              "value": "North Inner Coast (QCS, Hecate, Dixon Inlet and passages)"
            },
            {
              "fgdc_field": "placekey",
              "zenodo_field": "keywords",
              "value": "North Inner Coast (QCS, Hecate, Dixon Inlet and passages)"
            }
          ],
          "notes_mapped": [
            {
              "fgdc_field": "purpose",
              "reason": "Standard notes field",
              "value": "Supports scientific and environmental research."
            },
            {
              "fgdc_field": "supplinf",
              "reason": "Standard notes field",
              "value": "Custom software is available for use with this dataset."
            },
            {
              "fgdc_field": "begdate",
              "reason": "Standard notes field",
              "value": "1990"
            },
            {
              "fgdc_field": "enddate",
              "reason": "Standard notes field",
              "value": "1995"
            },
            {
              "fgdc_field": "current",
              "reason": "Standard notes field",
              "value": "publication date"
            },
            {
              "fgdc_field": "progress",
              "reason": "Standard notes field",
              "value": "Complete"
            },
            {
              "fgdc_field": "update",
              "reason": "Standard notes field",
              "value": "None planned"
            },
            {
              "fgdc_field": "westbc",
              "reason": "Standard notes field",
              "value": "-135"
            },
            {
              "fgdc_field": "eastbc",
              "reason": "Standard notes field",
              "value": "-123"
            },
            {
              "fgdc_field": "northbc",
              "reason": "Standard notes field",
              "value": "55"
            },
            {
              "fgdc_field": "southbc",
              "reason": "Standard notes field",
              "value": "48.25"
            },
            {
              "fgdc_field": "themekt",
              "reason": "Standard notes field",
              "value": "ISO 19115 Topic Category"
            },
            {
              "fgdc_field": "themekt",
              "reason": "Standard notes field",
              "value": "ISO 19115 Topic Category"
            },
            {
              "fgdc_field": "themekt",
              "reason": "Standard notes field",
              "value": "ISO 19115 Topic Category"
            },
            {
              "fgdc_field": "accconst",
              "reason": "Standard notes field",
              "value": "Public"
            },
            {
              "fgdc_field": "useconst",
              "reason": "Standard notes field",
              "value": "None"
            },
            {
              "fgdc_field": "cntper",
              "reason": "Standard notes field",
              "value": "Joseph Linguanti"
            },
            {
              "fgdc_field": "cntorg",
              "reason": "Standard notes field",
              "value": "Fisheries and Oceans Canada, Pacific Region, Institute of Ocean Sciences, Science Branch"
            },
            {
              "fgdc_field": "cntpos",
              "reason": "Standard notes field",
              "value": "Senior Analyst"
            },
            {
              "fgdc_field": "addrtype",
              "reason": "Standard notes field",
              "value": "Physical and mailing"
            },
            {
              "fgdc_field": "address",
              "reason": "Standard notes field",
              "value": "PO Box 6000"
            },
            {
              "fgdc_field": "address",
              "reason": "Standard notes field",
              "value": "PO Box 6000"
            },
            {
              "fgdc_field": "city",
              "reason": "Standard notes field",
              "value": "Sidney"
            },
            {
              "fgdc_field": "state",
              "reason": "Standard notes field",
              "value": "BC"
            },
            {
              "fgdc_field": "postal",
              "reason": "Standard notes field",
              "value": "V8L 4B2"
            },
            {
              "fgdc_field": "country",
              "reason": "Standard notes field",
              "value": "Canada"
            },
            {
              "fgdc_field": "cntvoice",
              "reason": "Standard notes field",
              "value": "(250) 363-6586"
            },
            {
              "fgdc_field": "cntemail",
              "reason": "Standard notes field",
              "value": "linguantij@pac.dfo-mpo.gc.ca"
            },
            {
              "fgdc_field": "cntinst",
              "reason": "Standard notes field",
              "value": "Angelica Pena"
            },
            {
              "fgdc_field": "cntorg",
              "reason": "Standard notes field",
              "value": "Fisheries and Oceans Canada, Pacific Region, Institute of Ocean Sciences, Science Branch"
            },
            {
              "fgdc_field": "cntper",
              "reason": "Standard notes field",
              "value": "Joseph Linguanti"
            },
            {
              "fgdc_field": "cntpos",
              "reason": "Standard notes field",
              "value": "Senior Analyst"
            },
            {
              "fgdc_field": "addrtype",
              "reason": "Standard notes field",
              "value": "Physical and mailing"
            },
            {
              "fgdc_field": "address",
              "reason": "Standard notes field",
              "value": "PO Box 6000"
            },
            {
              "fgdc_field": "address",
              "reason": "Standard notes field",
              "value": "PO Box 6000"
            },
            {
              "fgdc_field": "city",
              "reason": "Standard notes field",
              "value": "Sidney"
            },
            {
              "fgdc_field": "state",
              "reason": "Standard notes field",
              "value": "BC"
            },
            {
              "fgdc_field": "postal",
              "reason": "Standard notes field",
              "value": "V8L 4B2"
            },
            {
              "fgdc_field": "country",
              "reason": "Standard notes field",
              "value": "Canada"
            },
            {
              "fgdc_field": "cntvoice",
              "reason": "Standard notes field",
              "value": "(250) 363-6586"
            },
            {
              "fgdc_field": "cntemail",
              "reason": "Standard notes field",
              "value": "linguantij@pac.dfo-mpo.gc.ca"
            },
            {
              "fgdc_field": "resdesc",
              "reason": "Standard notes field",
              "value": "PAC-OSAP-111"
            },
            {
              "fgdc_field": "distliab",
              "reason": "Standard notes field",
              "value": "These data are provided \"as-is\"."
            },
            {
              "fgdc_field": "metd",
              "reason": "Standard notes field",
              "value": "20040609"
            },
            {
              "fgdc_field": "cntorg",
              "reason": "Standard notes field",
              "value": "Fisheries and Oceans Canada, Pacific Region, Institute of Ocean Sciences, Science Branch"
            },
            {
              "fgdc_field": "cntper",
              "reason": "Standard notes field",
              "value": "Joseph Linguanti"
            },
            {
              "fgdc_field": "cntpos",
              "reason": "Standard notes field",
              "value": "Senior Analyst"
            },
            {
              "fgdc_field": "addrtype",
              "reason": "Standard notes field",
              "value": "Physical and mailing"
            },
            {
              "fgdc_field": "address",
              "reason": "Standard notes field",
              "value": "PO Box 6000"
            },
            {
              "fgdc_field": "address",
              "reason": "Standard notes field",
              "value": "PO Box 6000"
            },
            {
              "fgdc_field": "city",
              "reason": "Standard notes field",
              "value": "Sidney"
            },
            {
              "fgdc_field": "state",
              "reason": "Standard notes field",
              "value": "BC"
            },
            {
              "fgdc_field": "postal",
              "reason": "Standard notes field",
              "value": "V8L 4B2"
            },
            {
              "fgdc_field": "country",
              "reason": "Standard notes field",
              "value": "Canada"
            },
            {
              "fgdc_field": "cntvoice",
              "reason": "Standard notes field",
              "value": "(250) 363-6586"
            },
            {
              "fgdc_field": "cntemail",
              "reason": "Standard notes field",
              "value": "linguantij@pac.dfo-mpo.gc.ca"
            },
            {
              "fgdc_field": "metstdn",
              "reason": "Standard notes field",
              "value": "FGDC Content Standard for Digital Geospatial Metadata"
            },
            {
              "fgdc_field": "metstdv",
              "reason": "Standard notes field",
              "value": "FGDC-STD-001-1998"
            }
          ],
          "unmapped": [
            {
              "fgdc_field": "geoform",
              "reason": "No mapping found - field not in notes or other fields",
              "value": "Hardcopy; Tabular digital data; Digital document"
            },
            {
              "fgdc_field": "placekt",
              "reason": "No mapping found - field not in notes or other fields",
              "value": "DFO Areas"
            },
            {
              "fgdc_field": "placekt",
              "reason": "No mapping found - field not in notes or other fields",
              "value": "DFO Areas"
            }
          ]
        }
      }
    },
    "compliance": {
      "zenodo_required_fields": 4,
      "zenodo_required_total": 4,
      "zenodo_required_percentage": 100.0,
      "zenodo_recommended_fields": 6,
      "zenodo_recommended_total": 6,
      "zenodo_recommended_percentage": 100.0,
      "pices_community_present": true,
      "open_access_compliant": true,
      "license_compliant": true,
      "overall_compliance_score": 100.0
    },
    "overall_score": 88.5,
    "overall_grade": "GOOD"
  },
  "files": [
    {
      "path": "output/data/original_fgdc/FGDC-4123.xml",
      "description": "Original FGDC metadata XML",
      "type": "fgdc_xml"
    }
  ]
}