{
  "metadata": {
    "title": "ADF&G 1990 Bristol Bay Management Area Annual Management Report 1989.  Alaska Department of Fish and Game, Division of Commercial Fisheries, Regional Information Report 2K90-03, Anchorage",
    "upload_type": "dataset",
    "publication_date": "1960-01-01",
    "creators": [
      {
        "name": "Alaska Department",
        "type": "Organization"
      }
    ],
    "description": "Annual management report includes a description of the management area and an overview of the fishery.  The commercial salmon fishery section includes information on run strength indicators, economics and market production, run and harvest performance by species and a season summary by fishing district.  The subsistence salmon fishery section, provides a discuss of regulations, in season management permit system and harvest.  The herring fishery section outlines stock assessment methods, predicts an overview of Bering sac roe, spawn on kelp, capelin and rainbow smelt fisheries, gives a season summary by fisheries and evaluates exploitation rates of ex-vessel values.",
    "access_right": "open",
    "license": "cc-zero",
    "keywords": [
      "Fish",
      "Intertidal",
      "Management",
      "North Pacific Ocean"
    ],
    "notes": "Purpose: Annual summary of what happened in the commercial and subsistence salmon fisheries and the herring fishery in the Bristol Bay area\n\nStatus: Complete\n\nMaintenance frequency: Annually\n\nAccess constraints: Request for one or two pages of data and/or short reports can usually be accommodated.\n\nUse constraints: Republications of materials in this report series may be authorized by the department\n\nDistribution liability: While every effort has been made to ensure that these data are accurate and reliable within the limits of the current state of the art, NOAA cannot assume liability for any damages caused by any errors or omissions in the data, nor as a result of the failure of the data to function on a particular system. NOAA makes no warranty, expressed or implied, nor does the fact of distribution constitute such a warranty.\n\nFGDC metadata date: 19980716\nFGDC metadata contact: Kimberly Bahl\nFGDC metadata standard: Content Standards for Digital Geospatial Metadata (version: FGDC-STD-001-1998)",
    "related_identifiers": [],
    "contributors": [
      {
        "name": "Regnart, Jeff",
        "type": "ContactPerson"
      },
      {
        "name": "Regnart, Jeff",
        "type": "Distributor"
      },
      {
        "name": "North Pacific Marine Science Organization (PICES)",
        "type": "Distributor"
      }
    ],
    "references": [],
    "communities": [
      {
        "identifier": "pices"
      }
    ],
    "subjects": [
      {
        "term": "Fish",
        "identifier": "North Pacific Ecosystem Metadatabase:Fish",
        "scheme": "thesaurus"
      },
      {
        "term": "Intertidal",
        "identifier": "North Pacific Ecosystem Metadatabase:Intertidal",
        "scheme": "thesaurus"
      },
      {
        "term": "Management",
        "identifier": "North Pacific Ecosystem Metadatabase:Management",
        "scheme": "thesaurus"
      },
      {
        "term": "North Pacific Ocean",
        "identifier": "North Pacific Ecosystem Metadatabase:North Pacific Ocean",
        "scheme": "thesaurus"
      }
    ],
    "publisher": "North Pacific Marine Science Organization"
  },
  "original_fgdc_file": "FGDC-863.xml",
  "character_analysis": {
    "fgdc_total_chars": 4975,
    "fgdc_data_chars": 1493,
    "zenodo_total_chars": 3283,
    "zenodo_data_chars": 2008,
    "char_difference": 515,
    "char_ratio": 1.3449430676490288,
    "data_preservation_ratio": 1.3449430676490288
  },
  "enhanced_metrics": {
    "file_info": {
      "fgdc_size_bytes": 4975,
      "fgdc_size_kb": 4.86,
      "zenodo_size_bytes": 3283,
      "zenodo_size_kb": 3.21,
      "filename": "FGDC-863.xml",
      "timestamp": "2025-10-11T23:39:56.544804"
    },
    "data_preservation": {
      "content_preservation_ratio": 0.739,
      "field_preservation_ratio": 1.364,
      "semantic_preservation_score": 0.7387387387387387,
      "data_loss_indicators": [],
      "data_gain_indicators": [
        "Significant data enrichment: 106.2% additional structured content added"
      ],
      "content_enrichment_ratio": 1.062
    },
    "field_coverage": {
      "critical_fields_present": 4,
      "critical_fields_total": 4,
      "critical_fields_percentage": 100.0,
      "important_fields_present": 4,
      "important_fields_total": 4,
      "important_fields_percentage": 100.0,
      "optional_fields_present": 4,
      "optional_fields_total": 6,
      "optional_fields_percentage": 66.7,
      "total_fields_present": 12,
      "total_fields_possible": 14,
      "overall_coverage_percentage": 85.7,
      "weighted_coverage_score": 98.2,
      "missing_critical_fields": [],
      "missing_important_fields": [],
      "present_optional_fields": [
        "notes",
        "related_identifiers",
        "contributors",
        "references"
      ]
    },
    "data_quality": {
      "title_quality": {
        "score": 100,
        "issues": [],
        "grade": "A"
      },
      "creator_quality": {
        "score": 100,
        "issues": [],
        "grade": "A"
      },
      "description_quality": {
        "score": 100,
        "issues": [],
        "grade": "A"
      },
      "keyword_quality": {
        "score": 100,
        "issues": [],
        "grade": "A"
      },
      "date_quality": {
        "score": 100,
        "issues": [],
        "grade": "A"
      },
      "license_quality": {
        "score": 100,
        "issues": [],
        "grade": "A"
      },
      "overall_quality_score": 100.0,
      "quality_grade": "EXCELLENT"
    },
    "transformation_effectiveness": {
      "mapping_completeness": 13.8,
      "data_enrichment_score": 50.0,
      "format_compliance": 100.0,
      "semantic_accuracy": 85.0,
      "overall_effectiveness_score": 62.2,
      "field_mapping_breakdown": {
        "total_fgdc_fields": 58,
        "directly_mapped_fields": 8,
        "fields_in_notes": 50,
        "unmapped_fields": 0,
        "direct_mapping_percentage": 13.8,
        "notes_mapping_percentage": 86.2,
        "total_preservation_percentage": 100.0,
        "mapping_details": {
          "directly_mapped": [
            {
              "fgdc_field": "origin",
              "zenodo_field": "creators",
              "value": "Alaska Department of Fish and Game (ADF&G), Division of Commercial Fisheries, Management and Develop..."
            },
            {
              "fgdc_field": "pubdate",
              "zenodo_field": "publication_date",
              "value": "1960 - Present"
            },
            {
              "fgdc_field": "title",
              "zenodo_field": "title",
              "value": "ADF&G 1990 Bristol Bay Management Area Annual Management Report 1989.  Alaska Department of Fish and..."
            },
            {
              "fgdc_field": "abstract",
              "zenodo_field": "description",
              "value": "Annual management report includes a description of the management area and an overview of the fisher..."
            },
            {
              "fgdc_field": "themekey",
              "zenodo_field": "keywords",
              "value": "North Pacific Ocean"
            },
            {
              "fgdc_field": "themekey",
              "zenodo_field": "keywords",
              "value": "North Pacific Ocean"
            },
            {
              "fgdc_field": "themekey",
              "zenodo_field": "keywords",
              "value": "North Pacific Ocean"
            },
            {
              "fgdc_field": "themekey",
              "zenodo_field": "keywords",
              "value": "North Pacific Ocean"
            }
          ],
          "notes_mapped": [
            {
              "fgdc_field": "purpose",
              "reason": "Standard notes field",
              "value": "Annual summary of what happened in the commercial and subsistence salmon fisheries and the herring f..."
            },
            {
              "fgdc_field": "begdate",
              "reason": "Standard notes field",
              "value": "19890101"
            },
            {
              "fgdc_field": "enddate",
              "reason": "Standard notes field",
              "value": "19891231"
            },
            {
              "fgdc_field": "current",
              "reason": "Standard notes field",
              "value": "Other"
            },
            {
              "fgdc_field": "progress",
              "reason": "Standard notes field",
              "value": "Complete"
            },
            {
              "fgdc_field": "update",
              "reason": "Standard notes field",
              "value": "Annually"
            },
            {
              "fgdc_field": "westbc",
              "reason": "Standard notes field",
              "value": "-162"
            },
            {
              "fgdc_field": "eastbc",
              "reason": "Standard notes field",
              "value": "-157"
            },
            {
              "fgdc_field": "northbc",
              "reason": "Standard notes field",
              "value": "59"
            },
            {
              "fgdc_field": "southbc",
              "reason": "Standard notes field",
              "value": "56"
            },
            {
              "fgdc_field": "themekt",
              "reason": "Standard notes field",
              "value": "Other"
            },
            {
              "fgdc_field": "themekt",
              "reason": "Standard notes field",
              "value": "Other"
            },
            {
              "fgdc_field": "accconst",
              "reason": "Standard notes field",
              "value": "Request for one or two pages of data and/or short reports can usually be accommodated."
            },
            {
              "fgdc_field": "useconst",
              "reason": "Standard notes field",
              "value": "Republications of materials in this report series may be authorized by the department"
            },
            {
              "fgdc_field": "cntper",
              "reason": "Standard notes field",
              "value": "Kimberly Bahl"
            },
            {
              "fgdc_field": "addrtype",
              "reason": "Standard notes field",
              "value": "Mailing and Physical Address"
            },
            {
              "fgdc_field": "address",
              "reason": "Standard notes field",
              "value": "NOAA / AFSC / PMEL, 7600 Sand Point Way N.E."
            },
            {
              "fgdc_field": "city",
              "reason": "Standard notes field",
              "value": "Seattle"
            },
            {
              "fgdc_field": "state",
              "reason": "Standard notes field",
              "value": "WA"
            },
            {
              "fgdc_field": "postal",
              "reason": "Standard notes field",
              "value": "98115"
            },
            {
              "fgdc_field": "country",
              "reason": "Standard notes field",
              "value": "USA"
            },
            {
              "fgdc_field": "cntvoice",
              "reason": "Standard notes field",
              "value": "206-526-4314"
            },
            {
              "fgdc_field": "cntfax",
              "reason": "Standard notes field",
              "value": "206-526-6485"
            },
            {
              "fgdc_field": "cntemail",
              "reason": "Standard notes field",
              "value": "kimberly.bahl@noaa.gov"
            },
            {
              "fgdc_field": "cntper",
              "reason": "Standard notes field",
              "value": "Kimberly Bahl"
            },
            {
              "fgdc_field": "addrtype",
              "reason": "Standard notes field",
              "value": "Mailing and Physical Address"
            },
            {
              "fgdc_field": "address",
              "reason": "Standard notes field",
              "value": "NOAA / AFSC / PMEL, 7600 Sand Point Way N.E."
            },
            {
              "fgdc_field": "city",
              "reason": "Standard notes field",
              "value": "Seattle"
            },
            {
              "fgdc_field": "state",
              "reason": "Standard notes field",
              "value": "WA"
            },
            {
              "fgdc_field": "postal",
              "reason": "Standard notes field",
              "value": "98115"
            },
            {
              "fgdc_field": "country",
              "reason": "Standard notes field",
              "value": "USA"
            },
            {
              "fgdc_field": "cntvoice",
              "reason": "Standard notes field",
              "value": "206-526-4314"
            },
            {
              "fgdc_field": "cntfax",
              "reason": "Standard notes field",
              "value": "206-526-6485"
            },
            {
              "fgdc_field": "cntemail",
              "reason": "Standard notes field",
              "value": "kimberly.bahl@noaa.gov"
            },
            {
              "fgdc_field": "distliab",
              "reason": "Standard notes field",
              "value": "While every effort has been made to ensure that these data are accurate and reliable within the limi..."
            },
            {
              "fgdc_field": "metd",
              "reason": "Standard notes field",
              "value": "19980716"
            },
            {
              "fgdc_field": "cntper",
              "reason": "Standard notes field",
              "value": "Kimberly Bahl"
            },
            {
              "fgdc_field": "addrtype",
              "reason": "Standard notes field",
              "value": "Mailing and Physical Address"
            },
            {
              "fgdc_field": "address",
              "reason": "Standard notes field",
              "value": "NOAA / AFSC / PMEL, 7600 Sand Point Way N.E."
            },
            {
              "fgdc_field": "city",
              "reason": "Standard notes field",
              "value": "Seattle"
            },
            {
              "fgdc_field": "state",
              "reason": "Standard notes field",
              "value": "WA"
            },
            {
              "fgdc_field": "postal",
              "reason": "Standard notes field",
              "value": "98115"
            },
            {
              "fgdc_field": "country",
              "reason": "Standard notes field",
              "value": "USA"
            },
            {
              "fgdc_field": "cntvoice",
              "reason": "Standard notes field",
              "value": "206-526-4314"
            },
            {
              "fgdc_field": "cntfax",
              "reason": "Standard notes field",
              "value": "206-526-6485"
            },
            {
              "fgdc_field": "cntemail",
              "reason": "Standard notes field",
              "value": "kimberly.bahl@noaa.gov"
            },
            {
              "fgdc_field": "metstdn",
              "reason": "Standard notes field",
              "value": "Content Standards for Digital Geospatial Metadata"
            },
            {
              "fgdc_field": "metstdv",
              "reason": "Standard notes field",
              "value": "FGDC-STD-001-1998"
            },
            {
              "fgdc_field": "metac",
              "reason": "Standard notes field",
              "value": "Request for one or two pages of data and/or short reports can usually be accommodated."
            },
            {
              "fgdc_field": "metuc",
              "reason": "Standard notes field",
              "value": "Republications of materials in this report series may be authorized by the department"
            }
          ],
          "unmapped": []
        }
      }
    },
    "compliance": {
      "zenodo_required_fields": 4,
      "zenodo_required_total": 4,
      "zenodo_required_percentage": 100.0,
      "zenodo_recommended_fields": 6,
      "zenodo_recommended_total": 6,
      "zenodo_recommended_percentage": 100.0,
      "pices_community_present": true,
      "open_access_compliant": true,
      "license_compliant": true,
      "overall_compliance_score": 100.0
    },
    "overall_score": 84.8,
    "overall_grade": "FAIR"
  },
  "files": [
    {
      "path": "output/data/original_fgdc/FGDC-863.xml",
      "description": "Original FGDC metadata XML",
      "type": "fgdc_xml"
    }
  ]
}