{
  "metadata": {
    "title": "Jellyfish Biomass (Annual) - Unaami Arctic Data",
    "upload_type": "dataset",
    "publication_date": "2002-01-01",
    "creators": [
      {
        "name": "Collection, Unaami Arctic Data"
      }
    ],
    "description": "Variable Name (Sampling): Jellyfish Biomass (Annual)\nID: 17\nRegion:  Bering Sea   165W, 58N\nData Type: Biology\nUnits: large medusae index\nLon.:165W                                                                 \nLat.: 58N\nStart Year:  1965\nEnd  Year:  1997",
    "access_right": "open",
    "license": "cc-zero",
    "keywords": [
      "Biology",
      "Jellyfish Biomass",
      "Bering Sea",
      "Unaami Database",
      "North Pacific Ocean"
    ],
    "notes": "Purpose: The Unaami Data Collection is an interdisciplinary, diverse collection of Arctic variables which represent different geographic regions and data types. It includes basic physical meteorological and oceanographic data and \"impact data\" such as fisheries, marine mammals, ozone and plant changes.\n\nStatus: Complete\n\nMaintenance frequency: Continually\n\nAccess constraints: Please acknowledge the Unaami Data Collection and the original source of the data.\n\nUse constraints: Please acknowledge the Unaami Data Collection and the original source of the data.\n\nDistribution liability: While every effort has been made to ensure that these data are accurate and reliable within the limits of the current state of the art, NOAA cannot assume liability for any damages caused by any errors or omissions in the data, nor as a result of the failure of the data to function on a particular system. NOAA makes no warranty, expressed or implied, nor does the fact of distribution constitute such a warranty.\n\nFGDC metadata date: 20020422\nFGDC metadata contact: Kimberly Bahl\nFGDC metadata standard: Content Standards for Digital Geospatial Metadata (version: FGDC-STD-001-1998)",
    "related_identifiers": [],
    "contributors": [
      {
        "name": "Overland, James E.",
        "type": "ContactPerson"
      },
      {
        "name": "Overland, James E.",
        "type": "Distributor"
      },
      {
        "name": "North Pacific Marine Science Organization (PICES)",
        "type": "Distributor"
      }
    ],
    "references": [],
    "communities": [
      {
        "identifier": "pices"
      }
    ],
    "subjects": [
      {
        "term": "Biology",
        "identifier": "North Pacific Ecosystem Metadatabase:Biology",
        "scheme": "thesaurus"
      },
      {
        "term": "Jellyfish Biomass",
        "identifier": "North Pacific Ecosystem Metadatabase:Jellyfish Biomass",
        "scheme": "thesaurus"
      },
      {
        "term": "Bering Sea",
        "identifier": "North Pacific Ecosystem Metadatabase:Bering Sea",
        "scheme": "thesaurus"
      },
      {
        "term": "Unaami Database",
        "identifier": "North Pacific Ecosystem Metadatabase:Unaami Database",
        "scheme": "thesaurus"
      },
      {
        "term": "North Pacific Ocean",
        "identifier": "North Pacific Ecosystem Metadatabase:North Pacific Ocean",
        "scheme": "thesaurus"
      }
    ],
    "publisher": "North Pacific Marine Science Organization"
  },
  "original_fgdc_file": "FGDC-547.xml",
  "character_analysis": {
    "fgdc_total_chars": 4537,
    "fgdc_data_chars": 1020,
    "zenodo_total_chars": 3092,
    "zenodo_data_chars": 1659,
    "char_difference": 639,
    "char_ratio": 1.6264705882352941,
    "data_preservation_ratio": 1.6264705882352941
  },
  "enhanced_metrics": {
    "file_info": {
      "fgdc_size_bytes": 4537,
      "fgdc_size_kb": 4.43,
      "zenodo_size_bytes": 3092,
      "zenodo_size_kb": 3.02,
      "filename": "FGDC-547.xml",
      "timestamp": "2025-10-11T23:39:54.594422"
    },
    "data_preservation": {
      "content_preservation_ratio": 0.525,
      "field_preservation_ratio": 1.25,
      "semantic_preservation_score": 0.5249130938586327,
      "data_loss_indicators": [
        "Significant data loss: 47.5% of original content not preserved"
      ],
      "data_gain_indicators": [
        "Significant data enrichment: 194.8% additional structured content added"
      ],
      "content_enrichment_ratio": 1.948
    },
    "field_coverage": {
      "critical_fields_present": 4,
      "critical_fields_total": 4,
      "critical_fields_percentage": 100.0,
      "important_fields_present": 4,
      "important_fields_total": 4,
      "important_fields_percentage": 100.0,
      "optional_fields_present": 4,
      "optional_fields_total": 6,
      "optional_fields_percentage": 66.7,
      "total_fields_present": 12,
      "total_fields_possible": 14,
      "overall_coverage_percentage": 85.7,
      "weighted_coverage_score": 98.2,
      "missing_critical_fields": [],
      "missing_important_fields": [],
      "present_optional_fields": [
        "notes",
        "related_identifiers",
        "contributors",
        "references"
      ]
    },
    "data_quality": {
      "title_quality": {
        "score": 100,
        "issues": [],
        "grade": "A"
      },
      "creator_quality": {
        "score": 100,
        "issues": [],
        "grade": "A"
      },
      "description_quality": {
        "score": 100,
        "issues": [],
        "grade": "A"
      },
      "keyword_quality": {
        "score": 100,
        "issues": [],
        "grade": "A"
      },
      "date_quality": {
        "score": 100,
        "issues": [],
        "grade": "A"
      },
      "license_quality": {
        "score": 100,
        "issues": [],
        "grade": "A"
      },
      "overall_quality_score": 100.0,
      "quality_grade": "EXCELLENT"
    },
    "transformation_effectiveness": {
      "mapping_completeness": 15.5,
      "data_enrichment_score": 50.0,
      "format_compliance": 100.0,
      "semantic_accuracy": 85.0,
      "overall_effectiveness_score": 62.6,
      "field_mapping_breakdown": {
        "total_fgdc_fields": 58,
        "directly_mapped_fields": 9,
        "fields_in_notes": 48,
        "unmapped_fields": 1,
        "direct_mapping_percentage": 15.5,
        "notes_mapping_percentage": 82.8,
        "total_preservation_percentage": 98.3,
        "mapping_details": {
          "directly_mapped": [
            {
              "fgdc_field": "origin",
              "zenodo_field": "creators",
              "value": "Unaami Arctic Data Collection"
            },
            {
              "fgdc_field": "pubdate",
              "zenodo_field": "publication_date",
              "value": "2002"
            },
            {
              "fgdc_field": "title",
              "zenodo_field": "title",
              "value": "Jellyfish Biomass (Annual) - Unaami Arctic Data"
            },
            {
              "fgdc_field": "abstract",
              "zenodo_field": "description",
              "value": "Variable Name (Sampling): Jellyfish Biomass (Annual)\nID: 17\nRegion:  Bering Sea   165W, 58N\nData Typ..."
            },
            {
              "fgdc_field": "themekey",
              "zenodo_field": "keywords",
              "value": "North Pacific Ocean"
            },
            {
              "fgdc_field": "themekey",
              "zenodo_field": "keywords",
              "value": "North Pacific Ocean"
            },
            {
              "fgdc_field": "themekey",
              "zenodo_field": "keywords",
              "value": "North Pacific Ocean"
            },
            {
              "fgdc_field": "themekey",
              "zenodo_field": "keywords",
              "value": "North Pacific Ocean"
            },
            {
              "fgdc_field": "themekey",
              "zenodo_field": "keywords",
              "value": "North Pacific Ocean"
            }
          ],
          "notes_mapped": [
            {
              "fgdc_field": "purpose",
              "reason": "Standard notes field",
              "value": "The Unaami Data Collection is an interdisciplinary, diverse collection of Arctic variables which rep..."
            },
            {
              "fgdc_field": "current",
              "reason": "Standard notes field",
              "value": "Sample Date"
            },
            {
              "fgdc_field": "progress",
              "reason": "Standard notes field",
              "value": "Complete"
            },
            {
              "fgdc_field": "update",
              "reason": "Standard notes field",
              "value": "Continually"
            },
            {
              "fgdc_field": "westbc",
              "reason": "Standard notes field",
              "value": "165"
            },
            {
              "fgdc_field": "eastbc",
              "reason": "Standard notes field",
              "value": "165"
            },
            {
              "fgdc_field": "northbc",
              "reason": "Standard notes field",
              "value": "58"
            },
            {
              "fgdc_field": "southbc",
              "reason": "Standard notes field",
              "value": "58"
            },
            {
              "fgdc_field": "themekt",
              "reason": "Standard notes field",
              "value": "Other"
            },
            {
              "fgdc_field": "themekt",
              "reason": "Standard notes field",
              "value": "Other"
            },
            {
              "fgdc_field": "accconst",
              "reason": "Standard notes field",
              "value": "Please acknowledge the Unaami Data Collection and the original source of the data."
            },
            {
              "fgdc_field": "useconst",
              "reason": "Standard notes field",
              "value": "Please acknowledge the Unaami Data Collection and the original source of the data."
            },
            {
              "fgdc_field": "cntper",
              "reason": "Standard notes field",
              "value": "Kimberly Bahl"
            },
            {
              "fgdc_field": "addrtype",
              "reason": "Standard notes field",
              "value": "Mailing and Physical Address"
            },
            {
              "fgdc_field": "address",
              "reason": "Standard notes field",
              "value": "NOAA / AFSC / PMEL, 7600 Sand Point Way N.E."
            },
            {
              "fgdc_field": "city",
              "reason": "Standard notes field",
              "value": "Seattle"
            },
            {
              "fgdc_field": "state",
              "reason": "Standard notes field",
              "value": "WA"
            },
            {
              "fgdc_field": "postal",
              "reason": "Standard notes field",
              "value": "98115"
            },
            {
              "fgdc_field": "country",
              "reason": "Standard notes field",
              "value": "USA"
            },
            {
              "fgdc_field": "cntvoice",
              "reason": "Standard notes field",
              "value": "206-526-4314"
            },
            {
              "fgdc_field": "cntfax",
              "reason": "Standard notes field",
              "value": "206-526-6485"
            },
            {
              "fgdc_field": "cntemail",
              "reason": "Standard notes field",
              "value": "kimberly.bahl@noaa.gov"
            },
            {
              "fgdc_field": "cntper",
              "reason": "Standard notes field",
              "value": "Kimberly Bahl"
            },
            {
              "fgdc_field": "addrtype",
              "reason": "Standard notes field",
              "value": "Mailing and Physical Address"
            },
            {
              "fgdc_field": "address",
              "reason": "Standard notes field",
              "value": "NOAA / AFSC / PMEL, 7600 Sand Point Way N.E."
            },
            {
              "fgdc_field": "city",
              "reason": "Standard notes field",
              "value": "Seattle"
            },
            {
              "fgdc_field": "state",
              "reason": "Standard notes field",
              "value": "WA"
            },
            {
              "fgdc_field": "postal",
              "reason": "Standard notes field",
              "value": "98115"
            },
            {
              "fgdc_field": "country",
              "reason": "Standard notes field",
              "value": "USA"
            },
            {
              "fgdc_field": "cntvoice",
              "reason": "Standard notes field",
              "value": "206-526-4314"
            },
            {
              "fgdc_field": "cntfax",
              "reason": "Standard notes field",
              "value": "206-526-6485"
            },
            {
              "fgdc_field": "cntemail",
              "reason": "Standard notes field",
              "value": "kimberly.bahl@noaa.gov"
            },
            {
              "fgdc_field": "distliab",
              "reason": "Standard notes field",
              "value": "While every effort has been made to ensure that these data are accurate and reliable within the limi..."
            },
            {
              "fgdc_field": "metd",
              "reason": "Standard notes field",
              "value": "20020422"
            },
            {
              "fgdc_field": "cntper",
              "reason": "Standard notes field",
              "value": "Kimberly Bahl"
            },
            {
              "fgdc_field": "addrtype",
              "reason": "Standard notes field",
              "value": "Mailing and Physical Address"
            },
            {
              "fgdc_field": "address",
              "reason": "Standard notes field",
              "value": "NOAA / AFSC / PMEL, 7600 Sand Point Way N.E."
            },
            {
              "fgdc_field": "city",
              "reason": "Standard notes field",
              "value": "Seattle"
            },
            {
              "fgdc_field": "state",
              "reason": "Standard notes field",
              "value": "WA"
            },
            {
              "fgdc_field": "postal",
              "reason": "Standard notes field",
              "value": "98115"
            },
            {
              "fgdc_field": "country",
              "reason": "Standard notes field",
              "value": "USA"
            },
            {
              "fgdc_field": "cntvoice",
              "reason": "Standard notes field",
              "value": "206-526-4314"
            },
            {
              "fgdc_field": "cntfax",
              "reason": "Standard notes field",
              "value": "206-526-6485"
            },
            {
              "fgdc_field": "cntemail",
              "reason": "Standard notes field",
              "value": "kimberly.bahl@noaa.gov"
            },
            {
              "fgdc_field": "metstdn",
              "reason": "Standard notes field",
              "value": "Content Standards for Digital Geospatial Metadata"
            },
            {
              "fgdc_field": "metstdv",
              "reason": "Standard notes field",
              "value": "FGDC-STD-001-1998"
            },
            {
              "fgdc_field": "metac",
              "reason": "Standard notes field",
              "value": "Please acknowledge the Unaami Data Collection and the original source of the data."
            },
            {
              "fgdc_field": "metuc",
              "reason": "Standard notes field",
              "value": "Please acknowledge the Unaami Data Collection and the original source of the data."
            }
          ],
          "unmapped": [
            {
              "fgdc_field": "caldate",
              "reason": "No mapping found - field not in notes or other fields",
              "value": "19650101, 19971231"
            }
          ]
        }
      }
    },
    "compliance": {
      "zenodo_required_fields": 4,
      "zenodo_required_total": 4,
      "zenodo_required_percentage": 100.0,
      "zenodo_recommended_fields": 6,
      "zenodo_recommended_total": 6,
      "zenodo_recommended_percentage": 100.0,
      "pices_community_present": true,
      "open_access_compliant": true,
      "license_compliant": true,
      "overall_compliance_score": 100.0
    },
    "overall_score": 77.4,
    "overall_grade": "FAIR"
  },
  "files": [
    {
      "path": "output/data/original_fgdc/FGDC-547.xml",
      "description": "Original FGDC metadata XML",
      "type": "fgdc_xml"
    }
  ]
}