{
  "metadata": {
    "title": "World Ocean Circulation Experiment: P15N hydrographic section of the Pacific Ocean from Dutch Harbor, Alaska to American Samoa",
    "upload_type": "dataset",
    "publication_date": "1994-01-01",
    "creators": [
      {
        "name": "Staff, DFO"
      }
    ],
    "description": "In 1994, the J.P. Tully sailed from Dutch Harbor, Alaska to American Samoa (15 degrees south) along 165W (line P15N).  More than 3300 sea water samples were collected and analyzed for a variety of parameters which were intended to help describe ocean circulation. The World Ocean Circulation Experiment (WOCE) is an international experiment conceived to provide the first comprehensive global survey of physical properties of the oceans.",
    "access_right": "open",
    "license": "cc-zero",
    "keywords": [
      "Oceanography",
      "Ocean Chemistry",
      "Physical Oceanography",
      "Cruise",
      "Sea Water Samples",
      "Ocean Circulation",
      "Climate Change",
      "oceans",
      "Earth Science",
      "Oceans",
      "Ocean Temperature",
      "Water Temperature",
      "Pacific Ocean",
      "Northeast Pacific",
      "Canada",
      "United States",
      "Samoa",
      "Alaska",
      "Aleutians",
      "Dutch Harbor",
      "North Pacific Ocean",
      "Northeast Pacific and the Gulf of Alaska"
    ],
    "notes": "Purpose: The resulting World Ocean Circulation Experiment (WOCE) data sets will be used to test computer models of the ocean circulation needed for predicting decadal climate change.\n\nSupplemental Information: Physical samples exist for this dataset. Custom software is available for use with this dataset.\n\nStatus: Complete\n\nMaintenance frequency: None planned\n\nAccess constraints: Public\n\nUse constraints: None\n\nDistribution liability: These data are provided \"as-is\".\n\nFGDC metadata date: 20040609\nFGDC metadata standard: FGDC Content Standard for Digital Geospatial Metadata (version: FGDC-STD-001-1998)",
    "related_identifiers": [],
    "contributors": [
      {
        "name": "Whitney, Frank",
        "type": "ContactPerson"
      },
      {
        "name": "Linguanti, Joseph",
        "type": "Distributor"
      },
      {
        "name": "North Pacific Marine Science Organization (PICES)",
        "type": "Distributor"
      }
    ],
    "references": [],
    "communities": [
      {
        "identifier": "pices"
      }
    ],
    "subjects": [],
    "publisher": "North Pacific Marine Science Organization"
  },
  "original_fgdc_file": "FGDC-4085.xml",
  "character_analysis": {
    "fgdc_total_chars": 5810,
    "fgdc_data_chars": 1720,
    "zenodo_total_chars": 2385,
    "zenodo_data_chars": 1561,
    "char_difference": -159,
    "char_ratio": 0.9075581395348837,
    "data_preservation_ratio": 0.9075581395348837
  },
  "enhanced_metrics": {
    "file_info": {
      "fgdc_size_bytes": 5810,
      "fgdc_size_kb": 5.67,
      "zenodo_size_bytes": 2385,
      "zenodo_size_kb": 2.33,
      "filename": "FGDC-4085.xml",
      "timestamp": "2025-10-11T23:39:52.927963"
    },
    "data_preservation": {
      "content_preservation_ratio": 0.772,
      "field_preservation_ratio": 0.441,
      "semantic_preservation_score": 0.7721202003338898,
      "data_loss_indicators": [],
      "data_gain_indicators": [
        "Significant data enrichment: 62.2% additional structured content added"
      ],
      "content_enrichment_ratio": 0.622
    },
    "field_coverage": {
      "critical_fields_present": 4,
      "critical_fields_total": 4,
      "critical_fields_percentage": 100.0,
      "important_fields_present": 4,
      "important_fields_total": 4,
      "important_fields_percentage": 100.0,
      "optional_fields_present": 4,
      "optional_fields_total": 6,
      "optional_fields_percentage": 66.7,
      "total_fields_present": 12,
      "total_fields_possible": 14,
      "overall_coverage_percentage": 85.7,
      "weighted_coverage_score": 98.2,
      "missing_critical_fields": [],
      "missing_important_fields": [],
      "present_optional_fields": [
        "notes",
        "related_identifiers",
        "contributors",
        "references"
      ]
    },
    "data_quality": {
      "title_quality": {
        "score": 100,
        "issues": [],
        "grade": "A"
      },
      "creator_quality": {
        "score": 100,
        "issues": [],
        "grade": "A"
      },
      "description_quality": {
        "score": 100,
        "issues": [],
        "grade": "A"
      },
      "keyword_quality": {
        "score": 80,
        "issues": [
          "Too many keywords"
        ],
        "grade": "B"
      },
      "date_quality": {
        "score": 100,
        "issues": [],
        "grade": "A"
      },
      "license_quality": {
        "score": 100,
        "issues": [],
        "grade": "A"
      },
      "overall_quality_score": 96.7,
      "quality_grade": "EXCELLENT"
    },
    "transformation_effectiveness": {
      "mapping_completeness": 33.0,
      "data_enrichment_score": 50.0,
      "format_compliance": 100.0,
      "semantic_accuracy": 85.0,
      "overall_effectiveness_score": 67.0,
      "field_mapping_breakdown": {
        "total_fgdc_fields": 91,
        "directly_mapped_fields": 30,
        "fields_in_notes": 58,
        "unmapped_fields": 3,
        "direct_mapping_percentage": 33.0,
        "notes_mapping_percentage": 63.7,
        "total_preservation_percentage": 96.7,
        "mapping_details": {
          "directly_mapped": [
            {
              "fgdc_field": "origin",
              "zenodo_field": "creators",
              "value": "DFO Staff"
            },
            {
              "fgdc_field": "pubdate",
              "zenodo_field": "publication_date",
              "value": "1994"
            },
            {
              "fgdc_field": "title",
              "zenodo_field": "title",
              "value": "World Ocean Circulation Experiment: P15N hydrographic section of the Pacific Ocean from Dutch Harbor..."
            },
            {
              "fgdc_field": "abstract",
              "zenodo_field": "description",
              "value": "In 1994, the J.P. Tully sailed from Dutch Harbor, Alaska to American Samoa (15 degrees south) along ..."
            },
            {
              "fgdc_field": "themekey",
              "zenodo_field": "keywords",
              "value": "oceans"
            },
            {
              "fgdc_field": "themekey",
              "zenodo_field": "keywords",
              "value": "oceans"
            },
            {
              "fgdc_field": "themekey",
              "zenodo_field": "keywords",
              "value": "oceans"
            },
            {
              "fgdc_field": "themekey",
              "zenodo_field": "keywords",
              "value": "oceans"
            },
            {
              "fgdc_field": "themekey",
              "zenodo_field": "keywords",
              "value": "oceans"
            },
            {
              "fgdc_field": "themekey",
              "zenodo_field": "keywords",
              "value": "oceans"
            },
            {
              "fgdc_field": "themekey",
              "zenodo_field": "keywords",
              "value": "oceans"
            },
            {
              "fgdc_field": "themekey",
              "zenodo_field": "keywords",
              "value": "oceans"
            },
            {
              "fgdc_field": "themekey",
              "zenodo_field": "keywords",
              "value": "oceans"
            },
            {
              "fgdc_field": "themekey",
              "zenodo_field": "keywords",
              "value": "oceans"
            },
            {
              "fgdc_field": "themekey",
              "zenodo_field": "keywords",
              "value": "oceans"
            },
            {
              "fgdc_field": "themekey",
              "zenodo_field": "keywords",
              "value": "oceans"
            },
            {
              "fgdc_field": "themekey",
              "zenodo_field": "keywords",
              "value": "oceans"
            },
            {
              "fgdc_field": "themekey",
              "zenodo_field": "keywords",
              "value": "oceans"
            },
            {
              "fgdc_field": "themekey",
              "zenodo_field": "keywords",
              "value": "oceans"
            },
            {
              "fgdc_field": "themekey",
              "zenodo_field": "keywords",
              "value": "oceans"
            },
            {
              "fgdc_field": "placekey",
              "zenodo_field": "keywords",
              "value": "Northeast Pacific and the Gulf of Alaska"
            },
            {
              "fgdc_field": "placekey",
              "zenodo_field": "keywords",
              "value": "Northeast Pacific and the Gulf of Alaska"
            },
            {
              "fgdc_field": "placekey",
              "zenodo_field": "keywords",
              "value": "Northeast Pacific and the Gulf of Alaska"
            },
            {
              "fgdc_field": "placekey",
              "zenodo_field": "keywords",
              "value": "Northeast Pacific and the Gulf of Alaska"
            },
            {
              "fgdc_field": "placekey",
              "zenodo_field": "keywords",
              "value": "Northeast Pacific and the Gulf of Alaska"
            },
            {
              "fgdc_field": "placekey",
              "zenodo_field": "keywords",
              "value": "Northeast Pacific and the Gulf of Alaska"
            },
            {
              "fgdc_field": "placekey",
              "zenodo_field": "keywords",
              "value": "Northeast Pacific and the Gulf of Alaska"
            },
            {
              "fgdc_field": "placekey",
              "zenodo_field": "keywords",
              "value": "Northeast Pacific and the Gulf of Alaska"
            },
            {
              "fgdc_field": "placekey",
              "zenodo_field": "keywords",
              "value": "Northeast Pacific and the Gulf of Alaska"
            },
            {
              "fgdc_field": "placekey",
              "zenodo_field": "keywords",
              "value": "Northeast Pacific and the Gulf of Alaska"
            }
          ],
          "notes_mapped": [
            {
              "fgdc_field": "purpose",
              "reason": "Standard notes field",
              "value": "The resulting World Ocean Circulation Experiment (WOCE) data sets will be used to test computer mode..."
            },
            {
              "fgdc_field": "supplinf",
              "reason": "Standard notes field",
              "value": "Physical samples exist for this dataset. Custom software is available for use with this dataset."
            },
            {
              "fgdc_field": "begdate",
              "reason": "Standard notes field",
              "value": "1994"
            },
            {
              "fgdc_field": "enddate",
              "reason": "Standard notes field",
              "value": "1994"
            },
            {
              "fgdc_field": "current",
              "reason": "Standard notes field",
              "value": "publication date"
            },
            {
              "fgdc_field": "progress",
              "reason": "Standard notes field",
              "value": "Complete"
            },
            {
              "fgdc_field": "update",
              "reason": "Standard notes field",
              "value": "None planned"
            },
            {
              "fgdc_field": "westbc",
              "reason": "Standard notes field",
              "value": "-165.5"
            },
            {
              "fgdc_field": "eastbc",
              "reason": "Standard notes field",
              "value": "-164.5"
            },
            {
              "fgdc_field": "northbc",
              "reason": "Standard notes field",
              "value": "61"
            },
            {
              "fgdc_field": "southbc",
              "reason": "Standard notes field",
              "value": "-15"
            },
            {
              "fgdc_field": "themekt",
              "reason": "Standard notes field",
              "value": "ISO 19115 Topic Category"
            },
            {
              "fgdc_field": "themekt",
              "reason": "Standard notes field",
              "value": "ISO 19115 Topic Category"
            },
            {
              "fgdc_field": "themekt",
              "reason": "Standard notes field",
              "value": "ISO 19115 Topic Category"
            },
            {
              "fgdc_field": "accconst",
              "reason": "Standard notes field",
              "value": "Public"
            },
            {
              "fgdc_field": "useconst",
              "reason": "Standard notes field",
              "value": "None"
            },
            {
              "fgdc_field": "cntper",
              "reason": "Standard notes field",
              "value": "Joseph Linguanti"
            },
            {
              "fgdc_field": "cntorg",
              "reason": "Standard notes field",
              "value": "Fisheries and Oceans Canada, Pacific Region, Institute of Ocean Sciences, Science Branch"
            },
            {
              "fgdc_field": "cntpos",
              "reason": "Standard notes field",
              "value": "Senior Analyst"
            },
            {
              "fgdc_field": "addrtype",
              "reason": "Standard notes field",
              "value": "Physical and mailing"
            },
            {
              "fgdc_field": "address",
              "reason": "Standard notes field",
              "value": "PO Box 6000"
            },
            {
              "fgdc_field": "address",
              "reason": "Standard notes field",
              "value": "PO Box 6000"
            },
            {
              "fgdc_field": "city",
              "reason": "Standard notes field",
              "value": "Sidney"
            },
            {
              "fgdc_field": "state",
              "reason": "Standard notes field",
              "value": "BC"
            },
            {
              "fgdc_field": "postal",
              "reason": "Standard notes field",
              "value": "V8L 4B2"
            },
            {
              "fgdc_field": "country",
              "reason": "Standard notes field",
              "value": "Canada"
            },
            {
              "fgdc_field": "cntvoice",
              "reason": "Standard notes field",
              "value": "(250) 363-6586"
            },
            {
              "fgdc_field": "cntemail",
              "reason": "Standard notes field",
              "value": "linguantij@pac.dfo-mpo.gc.ca"
            },
            {
              "fgdc_field": "cntinst",
              "reason": "Standard notes field",
              "value": "Secondary contact - Howard Freeland."
            },
            {
              "fgdc_field": "cntorg",
              "reason": "Standard notes field",
              "value": "Fisheries and Oceans Canada, Pacific Region, Institute of Ocean Sciences, Science Branch"
            },
            {
              "fgdc_field": "cntper",
              "reason": "Standard notes field",
              "value": "Joseph Linguanti"
            },
            {
              "fgdc_field": "cntpos",
              "reason": "Standard notes field",
              "value": "Senior Analyst"
            },
            {
              "fgdc_field": "addrtype",
              "reason": "Standard notes field",
              "value": "Physical and mailing"
            },
            {
              "fgdc_field": "address",
              "reason": "Standard notes field",
              "value": "PO Box 6000"
            },
            {
              "fgdc_field": "address",
              "reason": "Standard notes field",
              "value": "PO Box 6000"
            },
            {
              "fgdc_field": "city",
              "reason": "Standard notes field",
              "value": "Sidney"
            },
            {
              "fgdc_field": "state",
              "reason": "Standard notes field",
              "value": "BC"
            },
            {
              "fgdc_field": "postal",
              "reason": "Standard notes field",
              "value": "V8L 4B2"
            },
            {
              "fgdc_field": "country",
              "reason": "Standard notes field",
              "value": "Canada"
            },
            {
              "fgdc_field": "cntvoice",
              "reason": "Standard notes field",
              "value": "(250) 363-6586"
            },
            {
              "fgdc_field": "cntemail",
              "reason": "Standard notes field",
              "value": "linguantij@pac.dfo-mpo.gc.ca"
            },
            {
              "fgdc_field": "resdesc",
              "reason": "Standard notes field",
              "value": "PAC-OSAP-021"
            },
            {
              "fgdc_field": "distliab",
              "reason": "Standard notes field",
              "value": "These data are provided \"as-is\"."
            },
            {
              "fgdc_field": "metd",
              "reason": "Standard notes field",
              "value": "20040609"
            },
            {
              "fgdc_field": "cntorg",
              "reason": "Standard notes field",
              "value": "Fisheries and Oceans Canada, Pacific Region, Institute of Ocean Sciences, Science Branch"
            },
            {
              "fgdc_field": "cntper",
              "reason": "Standard notes field",
              "value": "Joseph Linguanti"
            },
            {
              "fgdc_field": "cntpos",
              "reason": "Standard notes field",
              "value": "Senior Analyst"
            },
            {
              "fgdc_field": "addrtype",
              "reason": "Standard notes field",
              "value": "Physical and mailing"
            },
            {
              "fgdc_field": "address",
              "reason": "Standard notes field",
              "value": "PO Box 6000"
            },
            {
              "fgdc_field": "address",
              "reason": "Standard notes field",
              "value": "PO Box 6000"
            },
            {
              "fgdc_field": "city",
              "reason": "Standard notes field",
              "value": "Sidney"
            },
            {
              "fgdc_field": "state",
              "reason": "Standard notes field",
              "value": "BC"
            },
            {
              "fgdc_field": "postal",
              "reason": "Standard notes field",
              "value": "V8L 4B2"
            },
            {
              "fgdc_field": "country",
              "reason": "Standard notes field",
              "value": "Canada"
            },
            {
              "fgdc_field": "cntvoice",
              "reason": "Standard notes field",
              "value": "(250) 363-6586"
            },
            {
              "fgdc_field": "cntemail",
              "reason": "Standard notes field",
              "value": "linguantij@pac.dfo-mpo.gc.ca"
            },
            {
              "fgdc_field": "metstdn",
              "reason": "Standard notes field",
              "value": "FGDC Content Standard for Digital Geospatial Metadata"
            },
            {
              "fgdc_field": "metstdv",
              "reason": "Standard notes field",
              "value": "FGDC-STD-001-1998"
            }
          ],
          "unmapped": [
            {
              "fgdc_field": "geoform",
              "reason": "No mapping found - field not in notes or other fields",
              "value": "Hardcopy; Tabular digital data; Digital document"
            },
            {
              "fgdc_field": "placekt",
              "reason": "No mapping found - field not in notes or other fields",
              "value": "DFO Areas"
            },
            {
              "fgdc_field": "placekt",
              "reason": "No mapping found - field not in notes or other fields",
              "value": "DFO Areas"
            }
          ]
        }
      }
    },
    "compliance": {
      "zenodo_required_fields": 4,
      "zenodo_required_total": 4,
      "zenodo_required_percentage": 100.0,
      "zenodo_recommended_fields": 6,
      "zenodo_recommended_total": 6,
      "zenodo_recommended_percentage": 100.0,
      "pices_community_present": true,
      "open_access_compliant": true,
      "license_compliant": true,
      "overall_compliance_score": 100.0
    },
    "overall_score": 85.9,
    "overall_grade": "GOOD"
  },
  "files": [
    {
      "path": "output/data/original_fgdc/FGDC-4085.xml",
      "description": "Original FGDC metadata XML",
      "type": "fgdc_xml"
    }
  ]
}