{
  "metadata": {
    "title": "Mapped Sea Surface Parameters from Nimbus-7 SMMR (Martix-SS)",
    "upload_type": "dataset",
    "publication_date": "1978-01-01",
    "creators": [
      {
        "name": "Aeronautics, National"
      },
      {
        "name": "(NASA), Space Administration"
      },
      {
        "name": "Goddard Space Flight Center (GSFC)",
        "type": "Organization"
      }
    ],
    "description": "To report on the Matrix-SS data set consists of several mapped parameters derived from the Map-SS data set (NSSDC ID 78-098A-08F).  This data set includes a series of color film products providing maps of six-day and monthly averages of sea ice surface temperatures, sea ice concentration (percent of ice cover within the field of view).",
    "access_right": "open",
    "license": "cc-zero",
    "keywords": [
      "Atmosphere",
      "Arctic",
      "Bering Sea",
      "Weather",
      "U.S.A.",
      "Temperature",
      "Sea Ice",
      "Satellite",
      "NASA",
      "Ice Data",
      "North Pacific Ocean"
    ],
    "notes": "Purpose: To report on the Matrix-SS data set consists of several mapped parameters derived from the Map-SS data set (NSSDC ID 78-098A-08F).  This data set includes a series of color film products providing maps of six-day and monthly averages of sea ice surface temperatures, sea ice concentration (percent of ice cover within the field of view).\n\nStatus: Complete\n\nMaintenance frequency: None Planned\n\nAccess constraints: Check with Contributor\n\nUse constraints: Check with Contributor\n\nDistribution liability: While every effort has been made to ensure that these data are accurate and reliable within the limits of the current state of the art, NOAA cannot assume liability for any damages caused by any errors or omissions in the data, nor as a result of the failure of the data to function on a particular system. NOAA makes no warranty, expressed or implied, nor does the fact of distribution constitute such a warranty.\n\nFGDC metadata date: 19990209\nFGDC metadata contact: Kimberly Bahl\nFGDC metadata standard: Content Standards for Digital Geospatial Metadata (version: FGDC-STD-001-1998)",
    "related_identifiers": [],
    "contributors": [
      {
        "name": "Wilheit, Thomas T.",
        "type": "ContactPerson"
      },
      {
        "name": "Wilheit, Thomas T.",
        "type": "Distributor"
      },
      {
        "name": "North Pacific Marine Science Organization (PICES)",
        "type": "Distributor"
      }
    ],
    "references": [],
    "communities": [
      {
        "identifier": "pices"
      }
    ],
    "subjects": [
      {
        "term": "Atmosphere",
        "identifier": "North Pacific Ecosystem Metadatabase:Atmosphere",
        "scheme": "thesaurus"
      },
      {
        "term": "Arctic",
        "identifier": "North Pacific Ecosystem Metadatabase:Arctic",
        "scheme": "thesaurus"
      },
      {
        "term": "Bering Sea",
        "identifier": "North Pacific Ecosystem Metadatabase:Bering Sea",
        "scheme": "thesaurus"
      },
      {
        "term": "Weather",
        "identifier": "North Pacific Ecosystem Metadatabase:Weather",
        "scheme": "thesaurus"
      },
      {
        "term": "U.S.A.",
        "identifier": "North Pacific Ecosystem Metadatabase:U.S.A.",
        "scheme": "thesaurus"
      },
      {
        "term": "Temperature",
        "identifier": "North Pacific Ecosystem Metadatabase:Temperature",
        "scheme": "thesaurus"
      },
      {
        "term": "Sea Ice",
        "identifier": "North Pacific Ecosystem Metadatabase:Sea Ice",
        "scheme": "thesaurus"
      },
      {
        "term": "Satellite",
        "identifier": "North Pacific Ecosystem Metadatabase:Satellite",
        "scheme": "thesaurus"
      },
      {
        "term": "NASA",
        "identifier": "North Pacific Ecosystem Metadatabase:NASA",
        "scheme": "thesaurus"
      },
      {
        "term": "Ice Data",
        "identifier": "North Pacific Ecosystem Metadatabase:Ice Data",
        "scheme": "thesaurus"
      },
      {
        "term": "North Pacific Ocean",
        "identifier": "North Pacific Ecosystem Metadatabase:North Pacific Ocean",
        "scheme": "thesaurus"
      }
    ],
    "publisher": "North Pacific Marine Science Organization"
  },
  "original_fgdc_file": "FGDC-86.xml",
  "character_analysis": {
    "fgdc_total_chars": 5016,
    "fgdc_data_chars": 755,
    "zenodo_total_chars": 4097,
    "zenodo_data_chars": 1758,
    "char_difference": 1003,
    "char_ratio": 2.328476821192053,
    "data_preservation_ratio": 2.328476821192053
  },
  "enhanced_metrics": {
    "file_info": {
      "fgdc_size_bytes": 5016,
      "fgdc_size_kb": 4.9,
      "zenodo_size_bytes": 4097,
      "zenodo_size_kb": 4.0,
      "filename": "FGDC-86.xml",
      "timestamp": "2025-10-11T23:39:56.526899"
    },
    "data_preservation": {
      "content_preservation_ratio": 1.008,
      "field_preservation_ratio": 0.882,
      "semantic_preservation_score": 1.0,
      "data_loss_indicators": [],
      "data_gain_indicators": [
        "Significant data enrichment: 305.4% additional structured content added"
      ],
      "content_enrichment_ratio": 3.054
    },
    "field_coverage": {
      "critical_fields_present": 4,
      "critical_fields_total": 4,
      "critical_fields_percentage": 100.0,
      "important_fields_present": 4,
      "important_fields_total": 4,
      "important_fields_percentage": 100.0,
      "optional_fields_present": 4,
      "optional_fields_total": 6,
      "optional_fields_percentage": 66.7,
      "total_fields_present": 12,
      "total_fields_possible": 14,
      "overall_coverage_percentage": 85.7,
      "weighted_coverage_score": 98.2,
      "missing_critical_fields": [],
      "missing_important_fields": [],
      "present_optional_fields": [
        "notes",
        "related_identifiers",
        "contributors",
        "references"
      ]
    },
    "data_quality": {
      "title_quality": {
        "score": 100,
        "issues": [],
        "grade": "A"
      },
      "creator_quality": {
        "score": 100,
        "issues": [],
        "grade": "A"
      },
      "description_quality": {
        "score": 100,
        "issues": [],
        "grade": "A"
      },
      "keyword_quality": {
        "score": 100,
        "issues": [],
        "grade": "A"
      },
      "date_quality": {
        "score": 100,
        "issues": [],
        "grade": "A"
      },
      "license_quality": {
        "score": 100,
        "issues": [],
        "grade": "A"
      },
      "overall_quality_score": 100.0,
      "quality_grade": "EXCELLENT"
    },
    "transformation_effectiveness": {
      "mapping_completeness": 22.6,
      "data_enrichment_score": 50.0,
      "format_compliance": 100.0,
      "semantic_accuracy": 85.0,
      "overall_effectiveness_score": 64.4,
      "field_mapping_breakdown": {
        "total_fgdc_fields": 62,
        "directly_mapped_fields": 14,
        "fields_in_notes": 48,
        "unmapped_fields": 0,
        "direct_mapping_percentage": 22.6,
        "notes_mapping_percentage": 77.4,
        "total_preservation_percentage": 100.0,
        "mapping_details": {
          "directly_mapped": [
            {
              "fgdc_field": "origin",
              "zenodo_field": "creators",
              "value": "National Aeronautics and Space Administration (NASA), Goddard Space Flight Center (GSFC)"
            },
            {
              "fgdc_field": "pubdate",
              "zenodo_field": "publication_date",
              "value": "1978-1982"
            },
            {
              "fgdc_field": "title",
              "zenodo_field": "title",
              "value": "Mapped Sea Surface Parameters from Nimbus-7 SMMR (Martix-SS)"
            },
            {
              "fgdc_field": "themekey",
              "zenodo_field": "keywords",
              "value": "North Pacific Ocean"
            },
            {
              "fgdc_field": "themekey",
              "zenodo_field": "keywords",
              "value": "North Pacific Ocean"
            },
            {
              "fgdc_field": "themekey",
              "zenodo_field": "keywords",
              "value": "North Pacific Ocean"
            },
            {
              "fgdc_field": "themekey",
              "zenodo_field": "keywords",
              "value": "North Pacific Ocean"
            },
            {
              "fgdc_field": "themekey",
              "zenodo_field": "keywords",
              "value": "North Pacific Ocean"
            },
            {
              "fgdc_field": "themekey",
              "zenodo_field": "keywords",
              "value": "North Pacific Ocean"
            },
            {
              "fgdc_field": "themekey",
              "zenodo_field": "keywords",
              "value": "North Pacific Ocean"
            },
            {
              "fgdc_field": "themekey",
              "zenodo_field": "keywords",
              "value": "North Pacific Ocean"
            },
            {
              "fgdc_field": "themekey",
              "zenodo_field": "keywords",
              "value": "North Pacific Ocean"
            },
            {
              "fgdc_field": "themekey",
              "zenodo_field": "keywords",
              "value": "North Pacific Ocean"
            },
            {
              "fgdc_field": "themekey",
              "zenodo_field": "keywords",
              "value": "North Pacific Ocean"
            }
          ],
          "notes_mapped": [
            {
              "fgdc_field": "p",
              "reason": "Found in notes or other fields",
              "value": "The data are only available for years 1, 2, and 4, and the user can request several types of distrib..."
            },
            {
              "fgdc_field": "p",
              "reason": "Found in notes or other fields",
              "value": "The data are only available for years 1, 2, and 4, and the user can request several types of distrib..."
            },
            {
              "fgdc_field": "purpose",
              "reason": "Standard notes field",
              "value": "To report on the Matrix-SS data set consists of several mapped parameters derived from the Map-SS da..."
            },
            {
              "fgdc_field": "begdate",
              "reason": "Standard notes field",
              "value": "19780101"
            },
            {
              "fgdc_field": "enddate",
              "reason": "Standard notes field",
              "value": "19821231"
            },
            {
              "fgdc_field": "current",
              "reason": "Standard notes field",
              "value": "Sample Date"
            },
            {
              "fgdc_field": "progress",
              "reason": "Standard notes field",
              "value": "Complete"
            },
            {
              "fgdc_field": "update",
              "reason": "Standard notes field",
              "value": "None Planned"
            },
            {
              "fgdc_field": "westbc",
              "reason": "Standard notes field",
              "value": "178"
            },
            {
              "fgdc_field": "eastbc",
              "reason": "Standard notes field",
              "value": "-168"
            },
            {
              "fgdc_field": "northbc",
              "reason": "Standard notes field",
              "value": "67.5"
            },
            {
              "fgdc_field": "southbc",
              "reason": "Standard notes field",
              "value": "52"
            },
            {
              "fgdc_field": "themekt",
              "reason": "Standard notes field",
              "value": "Other"
            },
            {
              "fgdc_field": "themekt",
              "reason": "Standard notes field",
              "value": "Other"
            },
            {
              "fgdc_field": "accconst",
              "reason": "Standard notes field",
              "value": "Check with Contributor"
            },
            {
              "fgdc_field": "useconst",
              "reason": "Standard notes field",
              "value": "Check with Contributor"
            },
            {
              "fgdc_field": "cntper",
              "reason": "Standard notes field",
              "value": "Kimberly Bahl"
            },
            {
              "fgdc_field": "addrtype",
              "reason": "Standard notes field",
              "value": "Mailing and Physical Address"
            },
            {
              "fgdc_field": "address",
              "reason": "Standard notes field",
              "value": "NOAA / AFSC / PMEL, 7600 Sand Point Way N.E."
            },
            {
              "fgdc_field": "city",
              "reason": "Standard notes field",
              "value": "Seattle"
            },
            {
              "fgdc_field": "state",
              "reason": "Standard notes field",
              "value": "WA"
            },
            {
              "fgdc_field": "postal",
              "reason": "Standard notes field",
              "value": "98115"
            },
            {
              "fgdc_field": "country",
              "reason": "Standard notes field",
              "value": "USA"
            },
            {
              "fgdc_field": "cntvoice",
              "reason": "Standard notes field",
              "value": "206-526-4314"
            },
            {
              "fgdc_field": "cntper",
              "reason": "Standard notes field",
              "value": "Kimberly Bahl"
            },
            {
              "fgdc_field": "addrtype",
              "reason": "Standard notes field",
              "value": "Mailing and Physical Address"
            },
            {
              "fgdc_field": "address",
              "reason": "Standard notes field",
              "value": "NOAA / AFSC / PMEL, 7600 Sand Point Way N.E."
            },
            {
              "fgdc_field": "city",
              "reason": "Standard notes field",
              "value": "Seattle"
            },
            {
              "fgdc_field": "state",
              "reason": "Standard notes field",
              "value": "WA"
            },
            {
              "fgdc_field": "postal",
              "reason": "Standard notes field",
              "value": "98115"
            },
            {
              "fgdc_field": "country",
              "reason": "Standard notes field",
              "value": "USA"
            },
            {
              "fgdc_field": "cntvoice",
              "reason": "Standard notes field",
              "value": "206-526-4314"
            },
            {
              "fgdc_field": "distliab",
              "reason": "Standard notes field",
              "value": "While every effort has been made to ensure that these data are accurate and reliable within the limi..."
            },
            {
              "fgdc_field": "metd",
              "reason": "Standard notes field",
              "value": "19990209"
            },
            {
              "fgdc_field": "cntper",
              "reason": "Standard notes field",
              "value": "Kimberly Bahl"
            },
            {
              "fgdc_field": "addrtype",
              "reason": "Standard notes field",
              "value": "Mailing and Physical Address"
            },
            {
              "fgdc_field": "address",
              "reason": "Standard notes field",
              "value": "NOAA / AFSC / PMEL, 7600 Sand Point Way N.E."
            },
            {
              "fgdc_field": "city",
              "reason": "Standard notes field",
              "value": "Seattle"
            },
            {
              "fgdc_field": "state",
              "reason": "Standard notes field",
              "value": "WA"
            },
            {
              "fgdc_field": "postal",
              "reason": "Standard notes field",
              "value": "98115"
            },
            {
              "fgdc_field": "country",
              "reason": "Standard notes field",
              "value": "USA"
            },
            {
              "fgdc_field": "cntvoice",
              "reason": "Standard notes field",
              "value": "206-526-4314"
            },
            {
              "fgdc_field": "cntfax",
              "reason": "Standard notes field",
              "value": "206-526-6485"
            },
            {
              "fgdc_field": "cntemail",
              "reason": "Standard notes field",
              "value": "kimberly.bahl@noaa.gov"
            },
            {
              "fgdc_field": "metstdn",
              "reason": "Standard notes field",
              "value": "Content Standards for Digital Geospatial Metadata"
            },
            {
              "fgdc_field": "metstdv",
              "reason": "Standard notes field",
              "value": "FGDC-STD-001-1998"
            },
            {
              "fgdc_field": "metac",
              "reason": "Standard notes field",
              "value": "Check with Contributor"
            },
            {
              "fgdc_field": "metuc",
              "reason": "Standard notes field",
              "value": "Check with Contributor"
            }
          ],
          "unmapped": []
        }
      }
    },
    "compliance": {
      "zenodo_required_fields": 4,
      "zenodo_required_total": 4,
      "zenodo_required_percentage": 100.0,
      "zenodo_recommended_fields": 6,
      "zenodo_recommended_total": 6,
      "zenodo_recommended_percentage": 100.0,
      "pices_community_present": true,
      "open_access_compliant": true,
      "license_compliant": true,
      "overall_compliance_score": 100.0
    },
    "overall_score": 94.6,
    "overall_grade": "GOOD"
  },
  "files": [
    {
      "path": "output/data/original_fgdc/FGDC-86.xml",
      "description": "Original FGDC metadata XML",
      "type": "fgdc_xml"
    }
  ]
}