{
  "metadata": {
    "title": "2002 (May) U.S. Survey Data of Community Structure and Transport of Fish Larvae and Plankton on the Continental Shelf, Slope, and Deep Water Areas of the Southeastern Bering Sea and Unimak Pass - R/V Miller Freeman (Cruise ID: MF2002-06)",
    "upload_type": "dataset",
    "publication_date": "2003-05-30",
    "creators": [
      {
        "name": "National Oceanic and Atmospheric Administration (NOAA)",
        "type": "Organization"
      }
    ],
    "description": "To describe larval fish assemblages in the Berin gSea (slope, outer shelf, and middle shelf) in spring.",
    "access_right": "open",
    "license": "cc-zero",
    "keywords": [
      "Fish",
      "Management",
      "Plankton",
      "Eastern Kodiak Island Area",
      "North Pacific Ocean",
      "Southeastern Bering Sea",
      "Unimak Pass, Alaska",
      "Fish Larvae",
      "Ichthyoplankton"
    ],
    "notes": "Purpose: To describe larval fish assemblages in the Berin gSea (slope, outer shelf, and middle shelf) in spring.\n\nStatus: Complete\n\nMaintenance frequency: As Needed\n\nAccess constraints: Check with Contributor or Source.\n\nUse constraints: Check with Contributor or Source.\n\nDistribution liability: While every effort has been made to ensure that these data are accurate and reliable within the limits of the current state of the art, NOAA cannot assume liability for any damages caused by any errors or omissions in the data, nor as a result of the failure of the data to function on a particular system. NOAA makes no warranty, expressed or implied, nor does the fact of distribution constitute such a warranty.\n\nFGDC metadata date: 20030530\nFGDC metadata contact: Kimberly Bahl\nFGDC metadata standard: Content Standards for Digital Geospatial Metadata (version: FGDC-STD-001-1998)",
    "related_identifiers": [],
    "contributors": [
      {
        "name": "Stauffer, Gary",
        "type": "ContactPerson"
      },
      {
        "name": "Stauffer, Gary",
        "type": "Distributor"
      },
      {
        "name": "North Pacific Marine Science Organization (PICES)",
        "type": "Distributor"
      }
    ],
    "references": [],
    "communities": [
      {
        "identifier": "pices"
      }
    ],
    "subjects": [
      {
        "term": "Fish",
        "identifier": "North Pacific Ecosystem Metadatabase:Fish",
        "scheme": "thesaurus"
      },
      {
        "term": "Management",
        "identifier": "North Pacific Ecosystem Metadatabase:Management",
        "scheme": "thesaurus"
      },
      {
        "term": "Plankton",
        "identifier": "North Pacific Ecosystem Metadatabase:Plankton",
        "scheme": "thesaurus"
      },
      {
        "term": "Eastern Kodiak Island Area",
        "identifier": "North Pacific Ecosystem Metadatabase:Eastern Kodiak Island Area",
        "scheme": "thesaurus"
      },
      {
        "term": "North Pacific Ocean",
        "identifier": "North Pacific Ecosystem Metadatabase:North Pacific Ocean",
        "scheme": "thesaurus"
      },
      {
        "term": "Southeastern Bering Sea",
        "identifier": "North Pacific Ecosystem Metadatabase:Southeastern Bering Sea",
        "scheme": "thesaurus"
      },
      {
        "term": "Unimak Pass, Alaska",
        "identifier": "North Pacific Ecosystem Metadatabase:Unimak Pass, Alaska",
        "scheme": "thesaurus"
      },
      {
        "term": "Fish Larvae",
        "identifier": "North Pacific Ecosystem Metadatabase:Fish Larvae",
        "scheme": "thesaurus"
      },
      {
        "term": "Ichthyoplankton",
        "identifier": "North Pacific Ecosystem Metadatabase:Ichthyoplankton",
        "scheme": "thesaurus"
      }
    ],
    "publisher": "North Pacific Marine Science Organization"
  },
  "original_fgdc_file": "FGDC-1474.xml",
  "character_analysis": {
    "fgdc_total_chars": 4876,
    "fgdc_data_chars": 769,
    "zenodo_total_chars": 3586,
    "zenodo_data_chars": 1487,
    "char_difference": 718,
    "char_ratio": 1.9336801040312093,
    "data_preservation_ratio": 1.9336801040312093
  },
  "enhanced_metrics": {
    "file_info": {
      "fgdc_size_bytes": 4876,
      "fgdc_size_kb": 4.76,
      "zenodo_size_bytes": 3586,
      "zenodo_size_kb": 3.5,
      "filename": "FGDC-1474.xml",
      "timestamp": "2025-10-11T23:39:34.404173"
    },
    "data_preservation": {
      "content_preservation_ratio": 0.983,
      "field_preservation_ratio": 1.0,
      "semantic_preservation_score": 0.9833887043189369,
      "data_loss_indicators": [],
      "data_gain_indicators": [
        "Significant data enrichment: 282.4% additional structured content added"
      ],
      "content_enrichment_ratio": 2.824
    },
    "field_coverage": {
      "critical_fields_present": 4,
      "critical_fields_total": 4,
      "critical_fields_percentage": 100.0,
      "important_fields_present": 4,
      "important_fields_total": 4,
      "important_fields_percentage": 100.0,
      "optional_fields_present": 4,
      "optional_fields_total": 6,
      "optional_fields_percentage": 66.7,
      "total_fields_present": 12,
      "total_fields_possible": 14,
      "overall_coverage_percentage": 85.7,
      "weighted_coverage_score": 98.2,
      "missing_critical_fields": [],
      "missing_important_fields": [],
      "present_optional_fields": [
        "notes",
        "related_identifiers",
        "contributors",
        "references"
      ]
    },
    "data_quality": {
      "title_quality": {
        "score": 90,
        "issues": [
          "Title should start with capital letter"
        ],
        "grade": "A"
      },
      "creator_quality": {
        "score": 100,
        "issues": [],
        "grade": "A"
      },
      "description_quality": {
        "score": 85,
        "issues": [
          "Description should have multiple sentences"
        ],
        "grade": "B"
      },
      "keyword_quality": {
        "score": 100,
        "issues": [],
        "grade": "A"
      },
      "date_quality": {
        "score": 100,
        "issues": [],
        "grade": "A"
      },
      "license_quality": {
        "score": 100,
        "issues": [],
        "grade": "A"
      },
      "overall_quality_score": 95.8,
      "quality_grade": "EXCELLENT"
    },
    "transformation_effectiveness": {
      "mapping_completeness": 17.9,
      "data_enrichment_score": 50.0,
      "format_compliance": 100.0,
      "semantic_accuracy": 85.0,
      "overall_effectiveness_score": 63.2,
      "field_mapping_breakdown": {
        "total_fgdc_fields": 67,
        "directly_mapped_fields": 12,
        "fields_in_notes": 55,
        "unmapped_fields": 0,
        "direct_mapping_percentage": 17.9,
        "notes_mapping_percentage": 82.1,
        "total_preservation_percentage": 100.0,
        "mapping_details": {
          "directly_mapped": [
            {
              "fgdc_field": "origin",
              "zenodo_field": "creators",
              "value": "National Oceanic and Atmospheric Administration (NOAA)"
            },
            {
              "fgdc_field": "pubdate",
              "zenodo_field": "publication_date",
              "value": "Unknown"
            },
            {
              "fgdc_field": "title",
              "zenodo_field": "title",
              "value": "2002 (May) U.S. Survey Data of Community Structure and Transport of Fish Larvae and Plankton on the ..."
            },
            {
              "fgdc_field": "themekey",
              "zenodo_field": "keywords",
              "value": "Ichthyoplankton"
            },
            {
              "fgdc_field": "themekey",
              "zenodo_field": "keywords",
              "value": "Ichthyoplankton"
            },
            {
              "fgdc_field": "themekey",
              "zenodo_field": "keywords",
              "value": "Ichthyoplankton"
            },
            {
              "fgdc_field": "themekey",
              "zenodo_field": "keywords",
              "value": "Ichthyoplankton"
            },
            {
              "fgdc_field": "themekey",
              "zenodo_field": "keywords",
              "value": "Ichthyoplankton"
            },
            {
              "fgdc_field": "themekey",
              "zenodo_field": "keywords",
              "value": "Ichthyoplankton"
            },
            {
              "fgdc_field": "themekey",
              "zenodo_field": "keywords",
              "value": "Ichthyoplankton"
            },
            {
              "fgdc_field": "themekey",
              "zenodo_field": "keywords",
              "value": "Ichthyoplankton"
            },
            {
              "fgdc_field": "themekey",
              "zenodo_field": "keywords",
              "value": "Ichthyoplankton"
            }
          ],
          "notes_mapped": [
            {
              "fgdc_field": "p",
              "reason": "Found in notes or other fields",
              "value": "For preliminary survey results see\nhttp://www.pmel.noaa.gov/foci/operations/instructions/2002/mf02-0..."
            },
            {
              "fgdc_field": "p",
              "reason": "Found in notes or other fields",
              "value": "For preliminary survey results see\nhttp://www.pmel.noaa.gov/foci/operations/instructions/2002/mf02-0..."
            },
            {
              "fgdc_field": "p",
              "reason": "Found in notes or other fields",
              "value": "For preliminary survey results see\nhttp://www.pmel.noaa.gov/foci/operations/instructions/2002/mf02-0..."
            },
            {
              "fgdc_field": "em",
              "reason": "Found in notes or other fields",
              "value": "R/V Miller Freeman"
            },
            {
              "fgdc_field": "p",
              "reason": "Found in notes or other fields",
              "value": "For preliminary survey results see\nhttp://www.pmel.noaa.gov/foci/operations/instructions/2002/mf02-0..."
            },
            {
              "fgdc_field": "purpose",
              "reason": "Standard notes field",
              "value": "To describe larval fish assemblages in the Berin gSea (slope, outer shelf, and middle shelf) in spri..."
            },
            {
              "fgdc_field": "begdate",
              "reason": "Standard notes field",
              "value": "20020314"
            },
            {
              "fgdc_field": "enddate",
              "reason": "Standard notes field",
              "value": "20020325"
            },
            {
              "fgdc_field": "current",
              "reason": "Standard notes field",
              "value": "Ground Condition"
            },
            {
              "fgdc_field": "progress",
              "reason": "Standard notes field",
              "value": "Complete"
            },
            {
              "fgdc_field": "update",
              "reason": "Standard notes field",
              "value": "As Needed"
            },
            {
              "fgdc_field": "westbc",
              "reason": "Standard notes field",
              "value": "-167.79"
            },
            {
              "fgdc_field": "eastbc",
              "reason": "Standard notes field",
              "value": "-162.38"
            },
            {
              "fgdc_field": "northbc",
              "reason": "Standard notes field",
              "value": "56.76"
            },
            {
              "fgdc_field": "southbc",
              "reason": "Standard notes field",
              "value": "53.91"
            },
            {
              "fgdc_field": "themekt",
              "reason": "Standard notes field",
              "value": "Other"
            },
            {
              "fgdc_field": "themekt",
              "reason": "Standard notes field",
              "value": "Other"
            },
            {
              "fgdc_field": "accconst",
              "reason": "Standard notes field",
              "value": "Check with Contributor or Source."
            },
            {
              "fgdc_field": "useconst",
              "reason": "Standard notes field",
              "value": "Check with Contributor or Source."
            },
            {
              "fgdc_field": "cntper",
              "reason": "Standard notes field",
              "value": "Kimberly Bahl"
            },
            {
              "fgdc_field": "addrtype",
              "reason": "Standard notes field",
              "value": "Mailing and Physical Address"
            },
            {
              "fgdc_field": "address",
              "reason": "Standard notes field",
              "value": "NOAA / AFSC / PMEL, 7600 Sand Point Way N.E."
            },
            {
              "fgdc_field": "city",
              "reason": "Standard notes field",
              "value": "Seattle"
            },
            {
              "fgdc_field": "state",
              "reason": "Standard notes field",
              "value": "WA"
            },
            {
              "fgdc_field": "postal",
              "reason": "Standard notes field",
              "value": "98115"
            },
            {
              "fgdc_field": "country",
              "reason": "Standard notes field",
              "value": "USA"
            },
            {
              "fgdc_field": "cntvoice",
              "reason": "Standard notes field",
              "value": "206-526-4314"
            },
            {
              "fgdc_field": "cntfax",
              "reason": "Standard notes field",
              "value": "206-526-6485"
            },
            {
              "fgdc_field": "cntemail",
              "reason": "Standard notes field",
              "value": "kimberly.bahl@noaa.gov"
            },
            {
              "fgdc_field": "cntper",
              "reason": "Standard notes field",
              "value": "Kimberly Bahl"
            },
            {
              "fgdc_field": "addrtype",
              "reason": "Standard notes field",
              "value": "Mailing and Physical Address"
            },
            {
              "fgdc_field": "address",
              "reason": "Standard notes field",
              "value": "NOAA / AFSC / PMEL, 7600 Sand Point Way N.E."
            },
            {
              "fgdc_field": "city",
              "reason": "Standard notes field",
              "value": "Seattle"
            },
            {
              "fgdc_field": "state",
              "reason": "Standard notes field",
              "value": "WA"
            },
            {
              "fgdc_field": "postal",
              "reason": "Standard notes field",
              "value": "98115"
            },
            {
              "fgdc_field": "country",
              "reason": "Standard notes field",
              "value": "USA"
            },
            {
              "fgdc_field": "cntvoice",
              "reason": "Standard notes field",
              "value": "206-526-4314"
            },
            {
              "fgdc_field": "cntfax",
              "reason": "Standard notes field",
              "value": "206-526-6485"
            },
            {
              "fgdc_field": "cntemail",
              "reason": "Standard notes field",
              "value": "kimberly.bahl@noaa.gov"
            },
            {
              "fgdc_field": "distliab",
              "reason": "Standard notes field",
              "value": "While every effort has been made to ensure that these data are accurate and reliable within the limi..."
            },
            {
              "fgdc_field": "metd",
              "reason": "Standard notes field",
              "value": "20030530"
            },
            {
              "fgdc_field": "cntper",
              "reason": "Standard notes field",
              "value": "Kimberly Bahl"
            },
            {
              "fgdc_field": "addrtype",
              "reason": "Standard notes field",
              "value": "Mailing and Physical Address"
            },
            {
              "fgdc_field": "address",
              "reason": "Standard notes field",
              "value": "NOAA / AFSC / PMEL, 7600 Sand Point Way N.E."
            },
            {
              "fgdc_field": "city",
              "reason": "Standard notes field",
              "value": "Seattle"
            },
            {
              "fgdc_field": "state",
              "reason": "Standard notes field",
              "value": "WA"
            },
            {
              "fgdc_field": "postal",
              "reason": "Standard notes field",
              "value": "98115"
            },
            {
              "fgdc_field": "country",
              "reason": "Standard notes field",
              "value": "USA"
            },
            {
              "fgdc_field": "cntvoice",
              "reason": "Standard notes field",
              "value": "206-526-4314"
            },
            {
              "fgdc_field": "cntfax",
              "reason": "Standard notes field",
              "value": "206-526-6485"
            },
            {
              "fgdc_field": "cntemail",
              "reason": "Standard notes field",
              "value": "kimberly.bahl@noaa.gov"
            },
            {
              "fgdc_field": "metstdn",
              "reason": "Standard notes field",
              "value": "Content Standards for Digital Geospatial Metadata"
            },
            {
              "fgdc_field": "metstdv",
              "reason": "Standard notes field",
              "value": "FGDC-STD-001-1998"
            },
            {
              "fgdc_field": "metac",
              "reason": "Standard notes field",
              "value": "Check with Contributor or Source."
            },
            {
              "fgdc_field": "metuc",
              "reason": "Standard notes field",
              "value": "Check with Contributor or Source."
            }
          ],
          "unmapped": []
        }
      }
    },
    "compliance": {
      "zenodo_required_fields": 4,
      "zenodo_required_total": 4,
      "zenodo_required_percentage": 100.0,
      "zenodo_recommended_fields": 6,
      "zenodo_recommended_total": 6,
      "zenodo_recommended_percentage": 100.0,
      "pices_community_present": true,
      "open_access_compliant": true,
      "license_compliant": true,
      "overall_compliance_score": 100.0
    },
    "overall_score": 92.5,
    "overall_grade": "GOOD"
  },
  "files": [
    {
      "path": "output/data/original_fgdc/FGDC-1474.xml",
      "description": "Original FGDC metadata XML",
      "type": "fgdc_xml"
    }
  ]
}