{
  "metadata": {
    "title": "Distribution of Juvenile Pollock Relative to Frontal Structure near the Pribilof Islands, Bering Sea",
    "upload_type": "dataset",
    "publication_date": "1997-12-31",
    "creators": [
      {
        "name": "National Oceanic",
        "type": "Organization"
      },
      {
        "name": "Atmospheric Administration (NOAA)",
        "type": "Organization"
      },
      {
        "name": "Office",
        "type": "Organization"
      }
    ],
    "description": "A tidal front exists around the Pribilof Islands in the eastern Bering Sea which separates weakly stratified nearshore water from the strongly stratified (two-layer) middle shelf water farther offshore. Enhanced mixing and vertical flux of nutrients at the structural front results in high abundances of Phytoplankton, Zooplankton, and micronekton. Using midwater trawl observations from September 1994 and 1995, we examined abundance, distribution, size composition, and feeding habits of age-0 walleye Pollock in relation to the physics and biology of the structural front north of St. Paul Island. The frontal region occurred 12-20 km offshore during both years, but the thermocline was much shallower in 1995 (~25 m) than in 1994 (45 m). The isothermal (<8°C) inner domain had low chlorophyll, and relatively low small (>153 µm) and large (>505 µm) Zooplankton concentrations. The highest chlorophyll and small Zooplankton concentrations occurred seaward of the front and were lower both inshore and offshore of the front. Large Zooplankton (mainly euphausiids and cnidarians) were most abundant in the stratified offshore waters. By number, age-0 walleye Pollock (Theragra chalcogramma) dominated the catches of midwater trawls (>99% and >95% in 1994 and 1995, respectively), although large medusae dominated the total biomass. Age-0 walleye Pollock densities were the highest at the front or inshore of the front. Age-0 Pollock densities averaged about three times higher in 1994 than in 1995. Age-0 Pollock were significantly smaller in 1994 inshore and at the front (mean = 43.4 and 44.6 mm, respectively) than in 1995 (52.2 and 51.7 mm).",
    "access_right": "open",
    "license": "cc-zero",
    "keywords": [
      "Fish",
      "Bering Sea",
      "Pribilof Islands",
      "Alaska",
      "Japan",
      "North Pacific Ocean"
    ],
    "notes": "Purpose: A report showing the distribution of juvenile Pollock relative to frontal structure near the Pribilof Islands, Bering Sea\n\nStatus: Complete\n\nMaintenance frequency: None Planned\n\nAccess constraints: Check with this URLs : http://www.pmel.noaa.gov/pubs/publications.shtml\n\nUse constraints: Refer to webstite URL: http://www.pmel.noaa.gov/pubs/publications.shtml\n\nDistribution liability: While every effort has been made to ensure that these data are accurate and reliable within the limits of the current state of the art, NOAA cannot assume liability for any damages caused by any errors or omissions in the data, nor as a result of the failure of the data to function on a particular system. NOAA makes no warranty, expressed or implied, nor does the fact of distribution constitute such a warranty.\n\nFGDC metadata date: 19990204\nFGDC metadata contact: Kimberly Bahl\nFGDC metadata standard: Content Standards for Digital Geospatial Metadata (version: FGDC-STD-001-1998)",
    "related_identifiers": [],
    "contributors": [
      {
        "name": "Brodeur, Richard D.",
        "type": "ContactPerson"
      },
      {
        "name": "Brodeur, Richard D.",
        "type": "Distributor"
      },
      {
        "name": "North Pacific Marine Science Organization (PICES)",
        "type": "Distributor"
      }
    ],
    "references": [],
    "communities": [
      {
        "identifier": "pices"
      }
    ],
    "subjects": [
      {
        "term": "Fish",
        "identifier": "North Pacific Ecosystem Metadatabase:Fish",
        "scheme": "thesaurus"
      },
      {
        "term": "Bering Sea",
        "identifier": "North Pacific Ecosystem Metadatabase:Bering Sea",
        "scheme": "thesaurus"
      },
      {
        "term": "Pribilof Islands",
        "identifier": "North Pacific Ecosystem Metadatabase:Pribilof Islands",
        "scheme": "thesaurus"
      },
      {
        "term": "Alaska",
        "identifier": "North Pacific Ecosystem Metadatabase:Alaska",
        "scheme": "thesaurus"
      },
      {
        "term": "Japan",
        "identifier": "North Pacific Ecosystem Metadatabase:Japan",
        "scheme": "thesaurus"
      },
      {
        "term": "North Pacific Ocean",
        "identifier": "North Pacific Ecosystem Metadatabase:North Pacific Ocean",
        "scheme": "thesaurus"
      }
    ],
    "publisher": "North Pacific Marine Science Organization"
  },
  "original_fgdc_file": "FGDC-2805.xml",
  "character_analysis": {
    "fgdc_total_chars": 5918,
    "fgdc_data_chars": 2393,
    "zenodo_total_chars": 4626,
    "zenodo_data_chars": 2926,
    "char_difference": 533,
    "char_ratio": 1.2227329711659005,
    "data_preservation_ratio": 1.2227329711659005
  },
  "enhanced_metrics": {
    "file_info": {
      "fgdc_size_bytes": 5918,
      "fgdc_size_kb": 5.78,
      "zenodo_size_bytes": 4626,
      "zenodo_size_kb": 4.52,
      "filename": "FGDC-2805.xml",
      "timestamp": "2025-10-11T23:39:44.792713"
    },
    "data_preservation": {
      "content_preservation_ratio": 0.874,
      "field_preservation_ratio": 1.154,
      "semantic_preservation_score": 0.8739344997756842,
      "data_loss_indicators": [],
      "data_gain_indicators": [
        "Significant data enrichment: 68.1% additional structured content added"
      ],
      "content_enrichment_ratio": 0.681
    },
    "field_coverage": {
      "critical_fields_present": 4,
      "critical_fields_total": 4,
      "critical_fields_percentage": 100.0,
      "important_fields_present": 4,
      "important_fields_total": 4,
      "important_fields_percentage": 100.0,
      "optional_fields_present": 4,
      "optional_fields_total": 6,
      "optional_fields_percentage": 66.7,
      "total_fields_present": 12,
      "total_fields_possible": 14,
      "overall_coverage_percentage": 85.7,
      "weighted_coverage_score": 98.2,
      "missing_critical_fields": [],
      "missing_important_fields": [],
      "present_optional_fields": [
        "notes",
        "related_identifiers",
        "contributors",
        "references"
      ]
    },
    "data_quality": {
      "title_quality": {
        "score": 100,
        "issues": [],
        "grade": "A"
      },
      "creator_quality": {
        "score": 95,
        "issues": [
          "Creator 3 name format unclear"
        ],
        "grade": "A"
      },
      "description_quality": {
        "score": 100,
        "issues": [],
        "grade": "A"
      },
      "keyword_quality": {
        "score": 100,
        "issues": [],
        "grade": "A"
      },
      "date_quality": {
        "score": 100,
        "issues": [],
        "grade": "A"
      },
      "license_quality": {
        "score": 100,
        "issues": [],
        "grade": "A"
      },
      "overall_quality_score": 99.2,
      "quality_grade": "EXCELLENT"
    },
    "transformation_effectiveness": {
      "mapping_completeness": 16.9,
      "data_enrichment_score": 50.0,
      "format_compliance": 100.0,
      "semantic_accuracy": 85.0,
      "overall_effectiveness_score": 63.0,
      "field_mapping_breakdown": {
        "total_fgdc_fields": 59,
        "directly_mapped_fields": 10,
        "fields_in_notes": 49,
        "unmapped_fields": 0,
        "direct_mapping_percentage": 16.9,
        "notes_mapping_percentage": 83.1,
        "total_preservation_percentage": 100.0,
        "mapping_details": {
          "directly_mapped": [
            {
              "fgdc_field": "origin",
              "zenodo_field": "creators",
              "value": "National Oceanic and Atmospheric Administration (NOAA), Office of Oceanic and Atmospheric Research (..."
            },
            {
              "fgdc_field": "pubdate",
              "zenodo_field": "publication_date",
              "value": "19971231"
            },
            {
              "fgdc_field": "title",
              "zenodo_field": "title",
              "value": "Distribution of Juvenile Pollock Relative to Frontal Structure near the Pribilof Islands, Bering Sea"
            },
            {
              "fgdc_field": "abstract",
              "zenodo_field": "description",
              "value": "A tidal front exists around the Pribilof Islands in the eastern Bering Sea which separates weakly st..."
            },
            {
              "fgdc_field": "themekey",
              "zenodo_field": "keywords",
              "value": "North Pacific Ocean"
            },
            {
              "fgdc_field": "themekey",
              "zenodo_field": "keywords",
              "value": "North Pacific Ocean"
            },
            {
              "fgdc_field": "themekey",
              "zenodo_field": "keywords",
              "value": "North Pacific Ocean"
            },
            {
              "fgdc_field": "themekey",
              "zenodo_field": "keywords",
              "value": "North Pacific Ocean"
            },
            {
              "fgdc_field": "themekey",
              "zenodo_field": "keywords",
              "value": "North Pacific Ocean"
            },
            {
              "fgdc_field": "themekey",
              "zenodo_field": "keywords",
              "value": "North Pacific Ocean"
            }
          ],
          "notes_mapped": [
            {
              "fgdc_field": "purpose",
              "reason": "Standard notes field",
              "value": "A report showing the distribution of juvenile Pollock relative to frontal structure near the Pribilo..."
            },
            {
              "fgdc_field": "begdate",
              "reason": "Standard notes field",
              "value": "19981231"
            },
            {
              "fgdc_field": "current",
              "reason": "Standard notes field",
              "value": "Publication Date"
            },
            {
              "fgdc_field": "progress",
              "reason": "Standard notes field",
              "value": "Complete"
            },
            {
              "fgdc_field": "update",
              "reason": "Standard notes field",
              "value": "None Planned"
            },
            {
              "fgdc_field": "westbc",
              "reason": "Standard notes field",
              "value": "178"
            },
            {
              "fgdc_field": "eastbc",
              "reason": "Standard notes field",
              "value": "-168"
            },
            {
              "fgdc_field": "northbc",
              "reason": "Standard notes field",
              "value": "67.5"
            },
            {
              "fgdc_field": "southbc",
              "reason": "Standard notes field",
              "value": "52"
            },
            {
              "fgdc_field": "themekt",
              "reason": "Standard notes field",
              "value": "Other"
            },
            {
              "fgdc_field": "themekt",
              "reason": "Standard notes field",
              "value": "Other"
            },
            {
              "fgdc_field": "accconst",
              "reason": "Standard notes field",
              "value": "Check with this URLs : http://www.pmel.noaa.gov/pubs/publications.shtml"
            },
            {
              "fgdc_field": "useconst",
              "reason": "Standard notes field",
              "value": "Refer to webstite URL: http://www.pmel.noaa.gov/pubs/publications.shtml"
            },
            {
              "fgdc_field": "cntper",
              "reason": "Standard notes field",
              "value": "Kimberly Bahl"
            },
            {
              "fgdc_field": "addrtype",
              "reason": "Standard notes field",
              "value": "Mailing and Physical Address"
            },
            {
              "fgdc_field": "address",
              "reason": "Standard notes field",
              "value": "NOAA / AFSC / PMEL, 7600 Sand Point Way N.E."
            },
            {
              "fgdc_field": "city",
              "reason": "Standard notes field",
              "value": "Seattle"
            },
            {
              "fgdc_field": "state",
              "reason": "Standard notes field",
              "value": "WA"
            },
            {
              "fgdc_field": "postal",
              "reason": "Standard notes field",
              "value": "98115"
            },
            {
              "fgdc_field": "country",
              "reason": "Standard notes field",
              "value": "USA"
            },
            {
              "fgdc_field": "cntvoice",
              "reason": "Standard notes field",
              "value": "206-526-4314"
            },
            {
              "fgdc_field": "cntfax",
              "reason": "Standard notes field",
              "value": "206-526-6485"
            },
            {
              "fgdc_field": "cntemail",
              "reason": "Standard notes field",
              "value": "kimberly.bahl@noaa.gov"
            },
            {
              "fgdc_field": "cntper",
              "reason": "Standard notes field",
              "value": "Kimberly Bahl"
            },
            {
              "fgdc_field": "addrtype",
              "reason": "Standard notes field",
              "value": "Mailing and Physical Address"
            },
            {
              "fgdc_field": "address",
              "reason": "Standard notes field",
              "value": "NOAA / AFSC / PMEL, 7600 Sand Point Way N.E."
            },
            {
              "fgdc_field": "city",
              "reason": "Standard notes field",
              "value": "Seattle"
            },
            {
              "fgdc_field": "state",
              "reason": "Standard notes field",
              "value": "WA"
            },
            {
              "fgdc_field": "postal",
              "reason": "Standard notes field",
              "value": "98115"
            },
            {
              "fgdc_field": "country",
              "reason": "Standard notes field",
              "value": "USA"
            },
            {
              "fgdc_field": "cntvoice",
              "reason": "Standard notes field",
              "value": "206-526-4314"
            },
            {
              "fgdc_field": "cntfax",
              "reason": "Standard notes field",
              "value": "206-526-6485"
            },
            {
              "fgdc_field": "cntemail",
              "reason": "Standard notes field",
              "value": "kimberly.bahl@noaa.gov"
            },
            {
              "fgdc_field": "distliab",
              "reason": "Standard notes field",
              "value": "While every effort has been made to ensure that these data are accurate and reliable within the limi..."
            },
            {
              "fgdc_field": "metd",
              "reason": "Standard notes field",
              "value": "19990204"
            },
            {
              "fgdc_field": "cntper",
              "reason": "Standard notes field",
              "value": "Kimberly Bahl"
            },
            {
              "fgdc_field": "addrtype",
              "reason": "Standard notes field",
              "value": "Mailing and Physical Address"
            },
            {
              "fgdc_field": "address",
              "reason": "Standard notes field",
              "value": "NOAA / AFSC / PMEL, 7600 Sand Point Way N.E."
            },
            {
              "fgdc_field": "city",
              "reason": "Standard notes field",
              "value": "Seattle"
            },
            {
              "fgdc_field": "state",
              "reason": "Standard notes field",
              "value": "WA"
            },
            {
              "fgdc_field": "postal",
              "reason": "Standard notes field",
              "value": "98115"
            },
            {
              "fgdc_field": "country",
              "reason": "Standard notes field",
              "value": "USA"
            },
            {
              "fgdc_field": "cntvoice",
              "reason": "Standard notes field",
              "value": "206-526-4314"
            },
            {
              "fgdc_field": "cntfax",
              "reason": "Standard notes field",
              "value": "206-526-6485"
            },
            {
              "fgdc_field": "cntemail",
              "reason": "Standard notes field",
              "value": "kimberly.bahl@noaa.gov"
            },
            {
              "fgdc_field": "metstdn",
              "reason": "Standard notes field",
              "value": "Content Standards for Digital Geospatial Metadata"
            },
            {
              "fgdc_field": "metstdv",
              "reason": "Standard notes field",
              "value": "FGDC-STD-001-1998"
            },
            {
              "fgdc_field": "metac",
              "reason": "Standard notes field",
              "value": "Check with this URLs : http://www.pmel.noaa.gov/pubs/publications.shtml"
            },
            {
              "fgdc_field": "metuc",
              "reason": "Standard notes field",
              "value": "Refer to webstite URL: http://www.pmel.noaa.gov/pubs/publications.shtml"
            }
          ],
          "unmapped": []
        }
      }
    },
    "compliance": {
      "zenodo_required_fields": 4,
      "zenodo_required_total": 4,
      "zenodo_required_percentage": 100.0,
      "zenodo_recommended_fields": 6,
      "zenodo_recommended_total": 6,
      "zenodo_recommended_percentage": 100.0,
      "pices_community_present": true,
      "open_access_compliant": true,
      "license_compliant": true,
      "overall_compliance_score": 100.0
    },
    "overall_score": 89.5,
    "overall_grade": "GOOD"
  },
  "files": [
    {
      "path": "output/data/original_fgdc/FGDC-2805.xml",
      "description": "Original FGDC metadata XML",
      "type": "fgdc_xml"
    }
  ]
}