{
  "metadata": {
    "title": "Atlas of Pacific Salmon: The First Map-Based Status Assessment of Salmon in the North Pacific",
    "upload_type": "dataset",
    "publication_date": "2005-01-01",
    "creators": [
      {
        "name": "Augerot, Xanthippe"
      },
      {
        "name": "State, the"
      }
    ],
    "description": "To address the need for a broad North Pacific perspective on the status of salmon.",
    "access_right": "open",
    "license": "cc-zero",
    "keywords": [
      "Oceanography",
      "Fish",
      "Plankton",
      "Management",
      "East Siberian Sea",
      "Chukchi Sea",
      "Beaufort Sea",
      "Climate",
      "Pacific Salmon",
      "Laptev Sea",
      "Gulf of Alaska",
      "Bering Sea",
      "Sea of Okhotsk",
      "Sea of Japan/East Sea",
      "Salmon Distribution",
      "Risk of Extinction",
      "North Pacific Ocean"
    ],
    "notes": "Purpose: To address the need for a broad North Pacific perspective on the status of salmon.\n\nStatus: Complete\n\nMaintenance frequency: None Planned\n\nAccess constraints: None\n\nUse constraints: None\n\nDistribution liability: While every effort has been made to ensure that these data are accurate and reliable within the limits of the current state of the art, NOAA cannot assume liability for any damages caused by any errors or omissions in the data, nor as a result of the failure of the data to function on a particular system. NOAA makes no warranty, expressed or implied, nor does the fact of distribution constitute such a warranty.\n\nFGDC metadata date: 20050511\nFGDC metadata contact: Kimberly Bahl\nFGDC metadata standard: Content Standards for Digital Geospatial Metadata (version: FGDC-STD-001-1998)",
    "related_identifiers": [],
    "contributors": [
      {
        "name": "Augerot, Xanthippe",
        "type": "ContactPerson"
      },
      {
        "name": "Augerot, Xanthippe",
        "type": "Distributor"
      },
      {
        "name": "North Pacific Marine Science Organization (PICES)",
        "type": "Distributor"
      }
    ],
    "references": [],
    "communities": [
      {
        "identifier": "pices"
      }
    ],
    "subjects": [
      {
        "term": "Oceanography",
        "identifier": "North Pacific Ecosystem Metadatabase:Oceanography",
        "scheme": "thesaurus"
      },
      {
        "term": "Fish",
        "identifier": "North Pacific Ecosystem Metadatabase:Fish",
        "scheme": "thesaurus"
      },
      {
        "term": "Plankton",
        "identifier": "North Pacific Ecosystem Metadatabase:Plankton",
        "scheme": "thesaurus"
      },
      {
        "term": "Management",
        "identifier": "North Pacific Ecosystem Metadatabase:Management",
        "scheme": "thesaurus"
      },
      {
        "term": "East Siberian Sea",
        "identifier": "North Pacific Ecosystem Metadatabase:East Siberian Sea",
        "scheme": "thesaurus"
      },
      {
        "term": "Chukchi Sea",
        "identifier": "North Pacific Ecosystem Metadatabase:Chukchi Sea",
        "scheme": "thesaurus"
      },
      {
        "term": "Beaufort Sea",
        "identifier": "North Pacific Ecosystem Metadatabase:Beaufort Sea",
        "scheme": "thesaurus"
      },
      {
        "term": "Climate",
        "identifier": "North Pacific Ecosystem Metadatabase:Climate",
        "scheme": "thesaurus"
      },
      {
        "term": "Pacific Salmon",
        "identifier": "North Pacific Ecosystem Metadatabase:Pacific Salmon",
        "scheme": "thesaurus"
      },
      {
        "term": "Laptev Sea",
        "identifier": "North Pacific Ecosystem Metadatabase:Laptev Sea",
        "scheme": "thesaurus"
      },
      {
        "term": "Gulf of Alaska",
        "identifier": "North Pacific Ecosystem Metadatabase:Gulf of Alaska",
        "scheme": "thesaurus"
      },
      {
        "term": "Bering Sea",
        "identifier": "North Pacific Ecosystem Metadatabase:Bering Sea",
        "scheme": "thesaurus"
      },
      {
        "term": "Sea of Okhotsk",
        "identifier": "North Pacific Ecosystem Metadatabase:Sea of Okhotsk",
        "scheme": "thesaurus"
      },
      {
        "term": "Sea of Japan/East Sea",
        "identifier": "North Pacific Ecosystem Metadatabase:Sea of Japan/East Sea",
        "scheme": "thesaurus"
      },
      {
        "term": "Salmon Distribution",
        "identifier": "North Pacific Ecosystem Metadatabase:Salmon Distribution",
        "scheme": "thesaurus"
      },
      {
        "term": "Risk of Extinction",
        "identifier": "North Pacific Ecosystem Metadatabase:Risk of Extinction",
        "scheme": "thesaurus"
      },
      {
        "term": "North Pacific Ocean",
        "identifier": "North Pacific Ecosystem Metadatabase:North Pacific Ocean",
        "scheme": "thesaurus"
      }
    ],
    "publisher": "North Pacific Marine Science Organization"
  },
  "original_fgdc_file": "FGDC-4011.xml",
  "character_analysis": {
    "fgdc_total_chars": 6931,
    "fgdc_data_chars": 639,
    "zenodo_total_chars": 4606,
    "zenodo_data_chars": 1313,
    "char_difference": 674,
    "char_ratio": 2.054773082942097,
    "data_preservation_ratio": 2.054773082942097
  },
  "enhanced_metrics": {
    "file_info": {
      "fgdc_size_bytes": 6931,
      "fgdc_size_kb": 6.77,
      "zenodo_size_bytes": 4606,
      "zenodo_size_kb": 4.5,
      "filename": "FGDC-4011.xml",
      "timestamp": "2025-10-11T23:39:52.365299"
    },
    "data_preservation": {
      "content_preservation_ratio": 1.024,
      "field_preservation_ratio": 0.652,
      "semantic_preservation_score": 1.0,
      "data_loss_indicators": [],
      "data_gain_indicators": [
        "Significant data enrichment: 468.7% additional structured content added"
      ],
      "content_enrichment_ratio": 4.687
    },
    "field_coverage": {
      "critical_fields_present": 4,
      "critical_fields_total": 4,
      "critical_fields_percentage": 100.0,
      "important_fields_present": 4,
      "important_fields_total": 4,
      "important_fields_percentage": 100.0,
      "optional_fields_present": 4,
      "optional_fields_total": 6,
      "optional_fields_percentage": 66.7,
      "total_fields_present": 12,
      "total_fields_possible": 14,
      "overall_coverage_percentage": 85.7,
      "weighted_coverage_score": 98.2,
      "missing_critical_fields": [],
      "missing_important_fields": [],
      "present_optional_fields": [
        "notes",
        "related_identifiers",
        "contributors",
        "references"
      ]
    },
    "data_quality": {
      "title_quality": {
        "score": 100,
        "issues": [],
        "grade": "A"
      },
      "creator_quality": {
        "score": 100,
        "issues": [],
        "grade": "A"
      },
      "description_quality": {
        "score": 85,
        "issues": [
          "Description should have multiple sentences"
        ],
        "grade": "B"
      },
      "keyword_quality": {
        "score": 100,
        "issues": [],
        "grade": "A"
      },
      "date_quality": {
        "score": 100,
        "issues": [],
        "grade": "A"
      },
      "license_quality": {
        "score": 100,
        "issues": [],
        "grade": "A"
      },
      "overall_quality_score": 97.5,
      "quality_grade": "EXCELLENT"
    },
    "transformation_effectiveness": {
      "mapping_completeness": 24.7,
      "data_enrichment_score": 50.0,
      "format_compliance": 100.0,
      "semantic_accuracy": 85.0,
      "overall_effectiveness_score": 64.9,
      "field_mapping_breakdown": {
        "total_fgdc_fields": 81,
        "directly_mapped_fields": 20,
        "fields_in_notes": 61,
        "unmapped_fields": 0,
        "direct_mapping_percentage": 24.7,
        "notes_mapping_percentage": 75.3,
        "total_preservation_percentage": 100.0,
        "mapping_details": {
          "directly_mapped": [
            {
              "fgdc_field": "origin",
              "zenodo_field": "creators",
              "value": "Xanthippe Augerot and the State of the Salmon Consortium"
            },
            {
              "fgdc_field": "pubdate",
              "zenodo_field": "publication_date",
              "value": "2005"
            },
            {
              "fgdc_field": "title",
              "zenodo_field": "title",
              "value": "Atlas of Pacific Salmon: The First Map-Based Status Assessment of Salmon in the North Pacific"
            },
            {
              "fgdc_field": "themekey",
              "zenodo_field": "keywords",
              "value": "North Pacific Ocean"
            },
            {
              "fgdc_field": "themekey",
              "zenodo_field": "keywords",
              "value": "North Pacific Ocean"
            },
            {
              "fgdc_field": "themekey",
              "zenodo_field": "keywords",
              "value": "North Pacific Ocean"
            },
            {
              "fgdc_field": "themekey",
              "zenodo_field": "keywords",
              "value": "North Pacific Ocean"
            },
            {
              "fgdc_field": "themekey",
              "zenodo_field": "keywords",
              "value": "North Pacific Ocean"
            },
            {
              "fgdc_field": "themekey",
              "zenodo_field": "keywords",
              "value": "North Pacific Ocean"
            },
            {
              "fgdc_field": "themekey",
              "zenodo_field": "keywords",
              "value": "North Pacific Ocean"
            },
            {
              "fgdc_field": "themekey",
              "zenodo_field": "keywords",
              "value": "North Pacific Ocean"
            },
            {
              "fgdc_field": "themekey",
              "zenodo_field": "keywords",
              "value": "North Pacific Ocean"
            },
            {
              "fgdc_field": "themekey",
              "zenodo_field": "keywords",
              "value": "North Pacific Ocean"
            },
            {
              "fgdc_field": "themekey",
              "zenodo_field": "keywords",
              "value": "North Pacific Ocean"
            },
            {
              "fgdc_field": "themekey",
              "zenodo_field": "keywords",
              "value": "North Pacific Ocean"
            },
            {
              "fgdc_field": "themekey",
              "zenodo_field": "keywords",
              "value": "North Pacific Ocean"
            },
            {
              "fgdc_field": "themekey",
              "zenodo_field": "keywords",
              "value": "North Pacific Ocean"
            },
            {
              "fgdc_field": "themekey",
              "zenodo_field": "keywords",
              "value": "North Pacific Ocean"
            },
            {
              "fgdc_field": "themekey",
              "zenodo_field": "keywords",
              "value": "North Pacific Ocean"
            },
            {
              "fgdc_field": "themekey",
              "zenodo_field": "keywords",
              "value": "North Pacific Ocean"
            }
          ],
          "notes_mapped": [
            {
              "fgdc_field": "p",
              "reason": "Found in notes or other fields",
              "value": "State of the Salmon website - http:/www.stateofthesalmon.org."
            },
            {
              "fgdc_field": "p",
              "reason": "Found in notes or other fields",
              "value": "State of the Salmon website - http:/www.stateofthesalmon.org."
            },
            {
              "fgdc_field": "p",
              "reason": "Found in notes or other fields",
              "value": "State of the Salmon website - http:/www.stateofthesalmon.org."
            },
            {
              "fgdc_field": "p",
              "reason": "Found in notes or other fields",
              "value": "State of the Salmon website - http:/www.stateofthesalmon.org."
            },
            {
              "fgdc_field": "em",
              "reason": "Found in notes or other fields",
              "value": "(O. mykiss)"
            },
            {
              "fgdc_field": "em",
              "reason": "Found in notes or other fields",
              "value": "(O. mykiss)"
            },
            {
              "fgdc_field": "em",
              "reason": "Found in notes or other fields",
              "value": "(O. mykiss)"
            },
            {
              "fgdc_field": "em",
              "reason": "Found in notes or other fields",
              "value": "(O. mykiss)"
            },
            {
              "fgdc_field": "em",
              "reason": "Found in notes or other fields",
              "value": "(O. mykiss)"
            },
            {
              "fgdc_field": "em",
              "reason": "Found in notes or other fields",
              "value": "(O. mykiss)"
            },
            {
              "fgdc_field": "em",
              "reason": "Found in notes or other fields",
              "value": "(O. mykiss)"
            },
            {
              "fgdc_field": "p",
              "reason": "Found in notes or other fields",
              "value": "State of the Salmon website - http:/www.stateofthesalmon.org."
            },
            {
              "fgdc_field": "p",
              "reason": "Found in notes or other fields",
              "value": "State of the Salmon website - http:/www.stateofthesalmon.org."
            },
            {
              "fgdc_field": "purpose",
              "reason": "Standard notes field",
              "value": "To address the need for a broad North Pacific perspective on the status of salmon."
            },
            {
              "fgdc_field": "current",
              "reason": "Standard notes field",
              "value": "Publication Date"
            },
            {
              "fgdc_field": "progress",
              "reason": "Standard notes field",
              "value": "Complete"
            },
            {
              "fgdc_field": "update",
              "reason": "Standard notes field",
              "value": "None Planned"
            },
            {
              "fgdc_field": "westbc",
              "reason": "Standard notes field",
              "value": "100"
            },
            {
              "fgdc_field": "eastbc",
              "reason": "Standard notes field",
              "value": "-100"
            },
            {
              "fgdc_field": "northbc",
              "reason": "Standard notes field",
              "value": "75"
            },
            {
              "fgdc_field": "southbc",
              "reason": "Standard notes field",
              "value": "22"
            },
            {
              "fgdc_field": "themekt",
              "reason": "Standard notes field",
              "value": "Other"
            },
            {
              "fgdc_field": "themekt",
              "reason": "Standard notes field",
              "value": "Other"
            },
            {
              "fgdc_field": "accconst",
              "reason": "Standard notes field",
              "value": "None"
            },
            {
              "fgdc_field": "useconst",
              "reason": "Standard notes field",
              "value": "None"
            },
            {
              "fgdc_field": "cntper",
              "reason": "Standard notes field",
              "value": "Kimberly Bahl"
            },
            {
              "fgdc_field": "addrtype",
              "reason": "Standard notes field",
              "value": "Mailing and Physical Address"
            },
            {
              "fgdc_field": "address",
              "reason": "Standard notes field",
              "value": "NOAA / AFSC / PMEL, 7600 Sand Point Way N.E."
            },
            {
              "fgdc_field": "city",
              "reason": "Standard notes field",
              "value": "Seattle"
            },
            {
              "fgdc_field": "state",
              "reason": "Standard notes field",
              "value": "WA"
            },
            {
              "fgdc_field": "postal",
              "reason": "Standard notes field",
              "value": "98115"
            },
            {
              "fgdc_field": "country",
              "reason": "Standard notes field",
              "value": "USA"
            },
            {
              "fgdc_field": "cntvoice",
              "reason": "Standard notes field",
              "value": "206-526-4314"
            },
            {
              "fgdc_field": "cntfax",
              "reason": "Standard notes field",
              "value": "206-526-6485"
            },
            {
              "fgdc_field": "cntemail",
              "reason": "Standard notes field",
              "value": "kimberly.bahl@noaa.gov"
            },
            {
              "fgdc_field": "cntper",
              "reason": "Standard notes field",
              "value": "Kimberly Bahl"
            },
            {
              "fgdc_field": "addrtype",
              "reason": "Standard notes field",
              "value": "Mailing and Physical Address"
            },
            {
              "fgdc_field": "address",
              "reason": "Standard notes field",
              "value": "NOAA / AFSC / PMEL, 7600 Sand Point Way N.E."
            },
            {
              "fgdc_field": "city",
              "reason": "Standard notes field",
              "value": "Seattle"
            },
            {
              "fgdc_field": "state",
              "reason": "Standard notes field",
              "value": "WA"
            },
            {
              "fgdc_field": "postal",
              "reason": "Standard notes field",
              "value": "98115"
            },
            {
              "fgdc_field": "country",
              "reason": "Standard notes field",
              "value": "USA"
            },
            {
              "fgdc_field": "cntvoice",
              "reason": "Standard notes field",
              "value": "206-526-4314"
            },
            {
              "fgdc_field": "cntfax",
              "reason": "Standard notes field",
              "value": "206-526-6485"
            },
            {
              "fgdc_field": "cntemail",
              "reason": "Standard notes field",
              "value": "kimberly.bahl@noaa.gov"
            },
            {
              "fgdc_field": "distliab",
              "reason": "Standard notes field",
              "value": "While every effort has been made to ensure that these data are accurate and reliable within the limi..."
            },
            {
              "fgdc_field": "metd",
              "reason": "Standard notes field",
              "value": "20050511"
            },
            {
              "fgdc_field": "cntper",
              "reason": "Standard notes field",
              "value": "Kimberly Bahl"
            },
            {
              "fgdc_field": "addrtype",
              "reason": "Standard notes field",
              "value": "Mailing and Physical Address"
            },
            {
              "fgdc_field": "address",
              "reason": "Standard notes field",
              "value": "NOAA / AFSC / PMEL, 7600 Sand Point Way N.E."
            },
            {
              "fgdc_field": "city",
              "reason": "Standard notes field",
              "value": "Seattle"
            },
            {
              "fgdc_field": "state",
              "reason": "Standard notes field",
              "value": "WA"
            },
            {
              "fgdc_field": "postal",
              "reason": "Standard notes field",
              "value": "98115"
            },
            {
              "fgdc_field": "country",
              "reason": "Standard notes field",
              "value": "USA"
            },
            {
              "fgdc_field": "cntvoice",
              "reason": "Standard notes field",
              "value": "206-526-4314"
            },
            {
              "fgdc_field": "cntfax",
              "reason": "Standard notes field",
              "value": "206-526-6485"
            },
            {
              "fgdc_field": "cntemail",
              "reason": "Standard notes field",
              "value": "kimberly.bahl@noaa.gov"
            },
            {
              "fgdc_field": "metstdn",
              "reason": "Standard notes field",
              "value": "Content Standards for Digital Geospatial Metadata"
            },
            {
              "fgdc_field": "metstdv",
              "reason": "Standard notes field",
              "value": "FGDC-STD-001-1998"
            },
            {
              "fgdc_field": "metac",
              "reason": "Standard notes field",
              "value": "None"
            },
            {
              "fgdc_field": "metuc",
              "reason": "Standard notes field",
              "value": "None"
            }
          ],
          "unmapped": []
        }
      }
    },
    "compliance": {
      "zenodo_required_fields": 4,
      "zenodo_required_total": 4,
      "zenodo_required_percentage": 100.0,
      "zenodo_recommended_fields": 6,
      "zenodo_recommended_total": 6,
      "zenodo_recommended_percentage": 100.0,
      "pices_community_present": true,
      "open_access_compliant": true,
      "license_compliant": true,
      "overall_compliance_score": 100.0
    },
    "overall_score": 94.6,
    "overall_grade": "GOOD"
  },
  "files": [
    {
      "path": "output/data/original_fgdc/FGDC-4011.xml",
      "description": "Original FGDC metadata XML",
      "type": "fgdc_xml"
    }
  ]
}