{
  "metadata": {
    "title": "Hypsography",
    "upload_type": "dataset",
    "publication_date": "1994-01-01",
    "creators": [
      {
        "name": "Service, USDA Forest"
      },
      {
        "name": "Alaska Department",
        "type": "Organization"
      }
    ],
    "description": "Data Type: Freshwater Systems;  The Alaska Department of Natural Resources (ADNR) has combined hypsography for several Digital Chart of the World (DCW) titles into one coverage. Some edits to the data were made, which allowed ADNR to label high elevation points and mountain tops from the DCW data. The coverage contains elevation contours at every 1,000 feet. The hypsography used for statewide map products is often depicted as a contour line at every 3,000 feet, which offers visualization of vertical control as it relates to other map features. Written permission to include these data as part of the ADNR digital basemap has been received from Environmental Systems Research Institute (ESRI).",
    "access_right": "open",
    "license": "cc-zero",
    "keywords": [
      "Oceanography",
      "Management",
      "Hypsography",
      "Alaska",
      "Digital Chart of the World (DCW)",
      "North Pacific Ocean"
    ],
    "notes": "Purpose: Unknown\n\nStatus: Complete\n\nMaintenance frequency: Unknown\n\nAccess constraints: Requestor must complete GIS Starter Kit Data Agreement stating Terms and Conditions for use of Starter Kit Data.\n\nUse constraints: DNR does not recommend use of this data at a larger scale. Greater detail for each layer is provided from DNR, Land Records Information Section, for each data module upon receipt of order.\n\nDistribution liability: While every effort has been made to ensure that these data are accurate and reliable within the limits of the current state of the art, NOAA cannot assume liability for any damages caused by any errors or omissions in the data, nor as a result of the failure of the data to function on a particular system. NOAA makes no warranty, expressed or implied, nor does the fact of distribution constitute such a warranty.\n\nFGDC metadata date: 20020502\nFGDC metadata contact: Kimberly Bahl\nFGDC metadata standard: Content Standards for Digital Geospatial Metadata (version: FGDC-STD-001-1998)",
    "related_identifiers": [],
    "contributors": [
      {
        "name": "Oakley, Karen",
        "type": "ContactPerson"
      },
      {
        "name": "Oakley, Karen",
        "type": "Distributor"
      },
      {
        "name": "North Pacific Marine Science Organization (PICES)",
        "type": "Distributor"
      }
    ],
    "references": [],
    "communities": [
      {
        "identifier": "pices"
      }
    ],
    "subjects": [
      {
        "term": "Oceanography",
        "identifier": "North Pacific Ecosystem Metadatabase:Oceanography",
        "scheme": "thesaurus"
      },
      {
        "term": "Management",
        "identifier": "North Pacific Ecosystem Metadatabase:Management",
        "scheme": "thesaurus"
      },
      {
        "term": "Hypsography",
        "identifier": "North Pacific Ecosystem Metadatabase:Hypsography",
        "scheme": "thesaurus"
      },
      {
        "term": "Alaska",
        "identifier": "North Pacific Ecosystem Metadatabase:Alaska",
        "scheme": "thesaurus"
      },
      {
        "term": "Digital Chart of the World (DCW)",
        "identifier": "North Pacific Ecosystem Metadatabase:Digital Chart of the World (DCW)",
        "scheme": "thesaurus"
      },
      {
        "term": "North Pacific Ocean",
        "identifier": "North Pacific Ecosystem Metadatabase:North Pacific Ocean",
        "scheme": "thesaurus"
      }
    ],
    "publisher": "North Pacific Marine Science Organization"
  },
  "original_fgdc_file": "FGDC-838.xml",
  "character_analysis": {
    "fgdc_total_chars": 4972,
    "fgdc_data_chars": 1383,
    "zenodo_total_chars": 3583,
    "zenodo_data_chars": 1928,
    "char_difference": 545,
    "char_ratio": 1.3940708604483008,
    "data_preservation_ratio": 1.3940708604483008
  },
  "enhanced_metrics": {
    "file_info": {
      "fgdc_size_bytes": 4972,
      "fgdc_size_kb": 4.86,
      "zenodo_size_bytes": 3583,
      "zenodo_size_kb": 3.5,
      "filename": "FGDC-838.xml",
      "timestamp": "2025-10-11T23:39:56.392698"
    },
    "data_preservation": {
      "content_preservation_ratio": 0.73,
      "field_preservation_ratio": 1.154,
      "semantic_preservation_score": 0.7297077922077922,
      "data_loss_indicators": [],
      "data_gain_indicators": [
        "Significant data enrichment: 130.4% additional structured content added"
      ],
      "content_enrichment_ratio": 1.304
    },
    "field_coverage": {
      "critical_fields_present": 4,
      "critical_fields_total": 4,
      "critical_fields_percentage": 100.0,
      "important_fields_present": 4,
      "important_fields_total": 4,
      "important_fields_percentage": 100.0,
      "optional_fields_present": 4,
      "optional_fields_total": 6,
      "optional_fields_percentage": 66.7,
      "total_fields_present": 12,
      "total_fields_possible": 14,
      "overall_coverage_percentage": 85.7,
      "weighted_coverage_score": 98.2,
      "missing_critical_fields": [],
      "missing_important_fields": [],
      "present_optional_fields": [
        "notes",
        "related_identifiers",
        "contributors",
        "references"
      ]
    },
    "data_quality": {
      "title_quality": {
        "score": 100,
        "issues": [],
        "grade": "A"
      },
      "creator_quality": {
        "score": 100,
        "issues": [],
        "grade": "A"
      },
      "description_quality": {
        "score": 100,
        "issues": [],
        "grade": "A"
      },
      "keyword_quality": {
        "score": 100,
        "issues": [],
        "grade": "A"
      },
      "date_quality": {
        "score": 100,
        "issues": [],
        "grade": "A"
      },
      "license_quality": {
        "score": 100,
        "issues": [],
        "grade": "A"
      },
      "overall_quality_score": 100.0,
      "quality_grade": "EXCELLENT"
    },
    "transformation_effectiveness": {
      "mapping_completeness": 17.5,
      "data_enrichment_score": 50.0,
      "format_compliance": 100.0,
      "semantic_accuracy": 85.0,
      "overall_effectiveness_score": 63.1,
      "field_mapping_breakdown": {
        "total_fgdc_fields": 57,
        "directly_mapped_fields": 10,
        "fields_in_notes": 46,
        "unmapped_fields": 1,
        "direct_mapping_percentage": 17.5,
        "notes_mapping_percentage": 80.7,
        "total_preservation_percentage": 98.2,
        "mapping_details": {
          "directly_mapped": [
            {
              "fgdc_field": "origin",
              "zenodo_field": "creators",
              "value": "USDA Forest Service, Alaska Department of Natural Resources, Division of Support Services-Land Recor..."
            },
            {
              "fgdc_field": "pubdate",
              "zenodo_field": "publication_date",
              "value": "1994"
            },
            {
              "fgdc_field": "title",
              "zenodo_field": "title",
              "value": "Hypsography"
            },
            {
              "fgdc_field": "abstract",
              "zenodo_field": "description",
              "value": "Data Type: Freshwater Systems;  The Alaska Department of Natural Resources (ADNR) has combined hypso..."
            },
            {
              "fgdc_field": "themekey",
              "zenodo_field": "keywords",
              "value": "North Pacific Ocean"
            },
            {
              "fgdc_field": "themekey",
              "zenodo_field": "keywords",
              "value": "North Pacific Ocean"
            },
            {
              "fgdc_field": "themekey",
              "zenodo_field": "keywords",
              "value": "North Pacific Ocean"
            },
            {
              "fgdc_field": "themekey",
              "zenodo_field": "keywords",
              "value": "North Pacific Ocean"
            },
            {
              "fgdc_field": "themekey",
              "zenodo_field": "keywords",
              "value": "North Pacific Ocean"
            },
            {
              "fgdc_field": "themekey",
              "zenodo_field": "keywords",
              "value": "North Pacific Ocean"
            }
          ],
          "notes_mapped": [
            {
              "fgdc_field": "purpose",
              "reason": "Standard notes field",
              "value": "Unknown"
            },
            {
              "fgdc_field": "current",
              "reason": "Standard notes field",
              "value": "Ground Condition"
            },
            {
              "fgdc_field": "progress",
              "reason": "Standard notes field",
              "value": "Complete"
            },
            {
              "fgdc_field": "update",
              "reason": "Standard notes field",
              "value": "Unknown"
            },
            {
              "fgdc_field": "westbc",
              "reason": "Standard notes field",
              "value": "172"
            },
            {
              "fgdc_field": "eastbc",
              "reason": "Standard notes field",
              "value": "-130"
            },
            {
              "fgdc_field": "northbc",
              "reason": "Standard notes field",
              "value": "71.24"
            },
            {
              "fgdc_field": "southbc",
              "reason": "Standard notes field",
              "value": "51"
            },
            {
              "fgdc_field": "themekt",
              "reason": "Standard notes field",
              "value": "Other"
            },
            {
              "fgdc_field": "themekt",
              "reason": "Standard notes field",
              "value": "Other"
            },
            {
              "fgdc_field": "accconst",
              "reason": "Standard notes field",
              "value": "Requestor must complete GIS Starter Kit Data Agreement stating Terms and Conditions for use of Start..."
            },
            {
              "fgdc_field": "useconst",
              "reason": "Standard notes field",
              "value": "DNR does not recommend use of this data at a larger scale. Greater detail for each layer is provided..."
            },
            {
              "fgdc_field": "cntper",
              "reason": "Standard notes field",
              "value": "Kimberly Bahl"
            },
            {
              "fgdc_field": "addrtype",
              "reason": "Standard notes field",
              "value": "Mailing and Physical Address"
            },
            {
              "fgdc_field": "address",
              "reason": "Standard notes field",
              "value": "NOAA / AFSC / PMEL, 7600 Sand Point Way N.E."
            },
            {
              "fgdc_field": "city",
              "reason": "Standard notes field",
              "value": "Seattle"
            },
            {
              "fgdc_field": "state",
              "reason": "Standard notes field",
              "value": "WA"
            },
            {
              "fgdc_field": "postal",
              "reason": "Standard notes field",
              "value": "98115"
            },
            {
              "fgdc_field": "country",
              "reason": "Standard notes field",
              "value": "USA"
            },
            {
              "fgdc_field": "cntvoice",
              "reason": "Standard notes field",
              "value": "206-526-4314"
            },
            {
              "fgdc_field": "cntemail",
              "reason": "Standard notes field",
              "value": "kimberly.bahl@noaa.gov"
            },
            {
              "fgdc_field": "cntper",
              "reason": "Standard notes field",
              "value": "Kimberly Bahl"
            },
            {
              "fgdc_field": "addrtype",
              "reason": "Standard notes field",
              "value": "Mailing and Physical Address"
            },
            {
              "fgdc_field": "address",
              "reason": "Standard notes field",
              "value": "NOAA / AFSC / PMEL, 7600 Sand Point Way N.E."
            },
            {
              "fgdc_field": "city",
              "reason": "Standard notes field",
              "value": "Seattle"
            },
            {
              "fgdc_field": "state",
              "reason": "Standard notes field",
              "value": "WA"
            },
            {
              "fgdc_field": "postal",
              "reason": "Standard notes field",
              "value": "98115"
            },
            {
              "fgdc_field": "country",
              "reason": "Standard notes field",
              "value": "USA"
            },
            {
              "fgdc_field": "cntvoice",
              "reason": "Standard notes field",
              "value": "206-526-4314"
            },
            {
              "fgdc_field": "cntemail",
              "reason": "Standard notes field",
              "value": "kimberly.bahl@noaa.gov"
            },
            {
              "fgdc_field": "distliab",
              "reason": "Standard notes field",
              "value": "While every effort has been made to ensure that these data are accurate and reliable within the limi..."
            },
            {
              "fgdc_field": "metd",
              "reason": "Standard notes field",
              "value": "20020502"
            },
            {
              "fgdc_field": "cntper",
              "reason": "Standard notes field",
              "value": "Kimberly Bahl"
            },
            {
              "fgdc_field": "addrtype",
              "reason": "Standard notes field",
              "value": "Mailing and Physical Address"
            },
            {
              "fgdc_field": "address",
              "reason": "Standard notes field",
              "value": "NOAA / AFSC / PMEL, 7600 Sand Point Way N.E."
            },
            {
              "fgdc_field": "city",
              "reason": "Standard notes field",
              "value": "Seattle"
            },
            {
              "fgdc_field": "state",
              "reason": "Standard notes field",
              "value": "WA"
            },
            {
              "fgdc_field": "postal",
              "reason": "Standard notes field",
              "value": "98115"
            },
            {
              "fgdc_field": "country",
              "reason": "Standard notes field",
              "value": "USA"
            },
            {
              "fgdc_field": "cntvoice",
              "reason": "Standard notes field",
              "value": "206-526-4314"
            },
            {
              "fgdc_field": "cntfax",
              "reason": "Standard notes field",
              "value": "206-526-6485"
            },
            {
              "fgdc_field": "cntemail",
              "reason": "Standard notes field",
              "value": "kimberly.bahl@noaa.gov"
            },
            {
              "fgdc_field": "metstdn",
              "reason": "Standard notes field",
              "value": "Content Standards for Digital Geospatial Metadata"
            },
            {
              "fgdc_field": "metstdv",
              "reason": "Standard notes field",
              "value": "FGDC-STD-001-1998"
            },
            {
              "fgdc_field": "metac",
              "reason": "Standard notes field",
              "value": "Requestor must complete GIS Starter Kit Data Agreement stating Terms and Conditions for use of Start..."
            },
            {
              "fgdc_field": "metuc",
              "reason": "Standard notes field",
              "value": "DNR does not recommend use of this data at a larger scale. Greater detail for each layer is provided..."
            }
          ],
          "unmapped": [
            {
              "fgdc_field": "caldate",
              "reason": "No mapping found - field not in notes or other fields",
              "value": "19940101"
            }
          ]
        }
      }
    },
    "compliance": {
      "zenodo_required_fields": 4,
      "zenodo_required_total": 4,
      "zenodo_required_percentage": 100.0,
      "zenodo_recommended_fields": 6,
      "zenodo_recommended_total": 6,
      "zenodo_recommended_percentage": 100.0,
      "pices_community_present": true,
      "open_access_compliant": true,
      "license_compliant": true,
      "overall_compliance_score": 100.0
    },
    "overall_score": 84.7,
    "overall_grade": "FAIR"
  },
  "files": [
    {
      "path": "output/data/original_fgdc/FGDC-838.xml",
      "description": "Original FGDC metadata XML",
      "type": "fgdc_xml"
    }
  ]
}