{
  "metadata": {
    "title": "Eastern Bering Sea Juvenile Salmon Surveys (By Ed Farley: AFSC Quarterly Report: Jul. - Sep. 2002)",
    "upload_type": "dataset",
    "publication_date": "2003-02-05",
    "creators": [
      {
        "name": "National Oceanic",
        "type": "Organization"
      },
      {
        "name": "Atmospheric Administration (NOAA)",
        "type": "Organization"
      },
      {
        "name": "(NMFS), National Marine Fisheries Service"
      },
      {
        "name": "Alaska Fisheries Science Center (AFSC)",
        "type": "Organization"
      }
    ],
    "description": "During the eastern Bering Sea survey, conducted in Bristol Bay from 18 August to 14 September, 75 trawl stations were sampled beginning at the northern end of the  long. 161EW transect and ending on the southern end of the long. 166EW transect. During the northeastern Bering Sea survey (15 September to 12 October), 77 trawl stations across the shelf were sampled beginning at 58EN near Nunivak Island and ending north of St. Lawrence Island at 65EN .",
    "access_right": "open",
    "license": "cc-zero",
    "keywords": [
      "Fish",
      "Oceanography",
      "Eastern Bering Sea",
      "Northeastern Bering Sea",
      "Bristol Bay, Alaska",
      "Nunivak Island",
      "St. Lawrence Island, Alaska",
      "Sockeye Salmon",
      "North Pacific Ocean"
    ],
    "notes": "Purpose: The primary goal of this annual surveys is to establish and verify the linkages between adult sockeye salmon survival and annual variations in biological characteristics of juvenile salmon.\n\nStatus: In Progress\n\nMaintenance frequency: Unknown\n\nAccess constraints: None\n\nUse constraints: Contact the agency.\n\nDistribution liability: While every effort has been made to ensure that these data are accurate and reliable within the limits of the current state of the art, NOAA cannot assume liability for any damages caused by any errors or omissions in the data, nor as a result of the failure of the data to function on a particular system. NOAA makes no warranty, expressed or implied, nor does the fact of distribution constitute such a warranty.\n\nFGDC metadata date: 20030205\nFGDC metadata contact: Kimberly Bahl\nFGDC metadata standard: Content Standards for Digital Geospatial Metadata (version: FGDC-STD-001-1998)",
    "related_identifiers": [],
    "contributors": [
      {
        "name": "Farley, Ed",
        "type": "ContactPerson"
      },
      {
        "name": "Farley, Ed",
        "type": "Distributor"
      },
      {
        "name": "North Pacific Marine Science Organization (PICES)",
        "type": "Distributor"
      }
    ],
    "references": [],
    "communities": [
      {
        "identifier": "pices"
      }
    ],
    "subjects": [
      {
        "term": "Fish",
        "identifier": "North Pacific Ecosystem Metadatabase:Fish",
        "scheme": "thesaurus"
      },
      {
        "term": "Oceanography",
        "identifier": "North Pacific Ecosystem Metadatabase:Oceanography",
        "scheme": "thesaurus"
      },
      {
        "term": "Eastern Bering Sea",
        "identifier": "North Pacific Ecosystem Metadatabase:Eastern Bering Sea",
        "scheme": "thesaurus"
      },
      {
        "term": "Northeastern Bering Sea",
        "identifier": "North Pacific Ecosystem Metadatabase:Northeastern Bering Sea",
        "scheme": "thesaurus"
      },
      {
        "term": "Bristol Bay, Alaska",
        "identifier": "North Pacific Ecosystem Metadatabase:Bristol Bay, Alaska",
        "scheme": "thesaurus"
      },
      {
        "term": "Nunivak Island",
        "identifier": "North Pacific Ecosystem Metadatabase:Nunivak Island",
        "scheme": "thesaurus"
      },
      {
        "term": "St. Lawrence Island, Alaska",
        "identifier": "North Pacific Ecosystem Metadatabase:St. Lawrence Island, Alaska",
        "scheme": "thesaurus"
      },
      {
        "term": "Sockeye Salmon",
        "identifier": "North Pacific Ecosystem Metadatabase:Sockeye Salmon",
        "scheme": "thesaurus"
      },
      {
        "term": "North Pacific Ocean",
        "identifier": "North Pacific Ecosystem Metadatabase:North Pacific Ocean",
        "scheme": "thesaurus"
      }
    ],
    "publisher": "North Pacific Marine Science Organization"
  },
  "original_fgdc_file": "FGDC-896.xml",
  "character_analysis": {
    "fgdc_total_chars": 4644,
    "fgdc_data_chars": 1194,
    "zenodo_total_chars": 4101,
    "zenodo_data_chars": 1822,
    "char_difference": 628,
    "char_ratio": 1.5259631490787269,
    "data_preservation_ratio": 1.5259631490787269
  },
  "enhanced_metrics": {
    "file_info": {
      "fgdc_size_bytes": 4644,
      "fgdc_size_kb": 4.54,
      "zenodo_size_bytes": 4101,
      "zenodo_size_kb": 4.0,
      "filename": "FGDC-896.xml",
      "timestamp": "2025-10-11T23:39:56.736119"
    },
    "data_preservation": {
      "content_preservation_ratio": 0.867,
      "field_preservation_ratio": 0.938,
      "semantic_preservation_score": 0.8672985781990521,
      "data_loss_indicators": [],
      "data_gain_indicators": [
        "Significant data enrichment: 167.4% additional structured content added"
      ],
      "content_enrichment_ratio": 1.674
    },
    "field_coverage": {
      "critical_fields_present": 4,
      "critical_fields_total": 4,
      "critical_fields_percentage": 100.0,
      "important_fields_present": 4,
      "important_fields_total": 4,
      "important_fields_percentage": 100.0,
      "optional_fields_present": 4,
      "optional_fields_total": 6,
      "optional_fields_percentage": 66.7,
      "total_fields_present": 12,
      "total_fields_possible": 14,
      "overall_coverage_percentage": 85.7,
      "weighted_coverage_score": 98.2,
      "missing_critical_fields": [],
      "missing_important_fields": [],
      "present_optional_fields": [
        "notes",
        "related_identifiers",
        "contributors",
        "references"
      ]
    },
    "data_quality": {
      "title_quality": {
        "score": 100,
        "issues": [],
        "grade": "A"
      },
      "creator_quality": {
        "score": 100,
        "issues": [],
        "grade": "A"
      },
      "description_quality": {
        "score": 100,
        "issues": [],
        "grade": "A"
      },
      "keyword_quality": {
        "score": 100,
        "issues": [],
        "grade": "A"
      },
      "date_quality": {
        "score": 100,
        "issues": [],
        "grade": "A"
      },
      "license_quality": {
        "score": 100,
        "issues": [],
        "grade": "A"
      },
      "overall_quality_score": 100.0,
      "quality_grade": "EXCELLENT"
    },
    "transformation_effectiveness": {
      "mapping_completeness": 20.6,
      "data_enrichment_score": 50.0,
      "format_compliance": 100.0,
      "semantic_accuracy": 85.0,
      "overall_effectiveness_score": 63.9,
      "field_mapping_breakdown": {
        "total_fgdc_fields": 63,
        "directly_mapped_fields": 13,
        "fields_in_notes": 50,
        "unmapped_fields": 0,
        "direct_mapping_percentage": 20.6,
        "notes_mapping_percentage": 79.4,
        "total_preservation_percentage": 100.0,
        "mapping_details": {
          "directly_mapped": [
            {
              "fgdc_field": "origin",
              "zenodo_field": "creators",
              "value": "National Oceanic and Atmospheric Administration (NOAA), National Marine Fisheries Service (NMFS), Al..."
            },
            {
              "fgdc_field": "pubdate",
              "zenodo_field": "publication_date",
              "value": "Unknown"
            },
            {
              "fgdc_field": "title",
              "zenodo_field": "title",
              "value": "Eastern Bering Sea Juvenile Salmon Surveys (By Ed Farley: AFSC Quarterly Report: Jul. - Sep. 2002)"
            },
            {
              "fgdc_field": "abstract",
              "zenodo_field": "description",
              "value": "During the eastern Bering Sea survey, conducted in Bristol Bay from 18 August to 14 September, 75 tr..."
            },
            {
              "fgdc_field": "themekey",
              "zenodo_field": "keywords",
              "value": "North Pacific Ocean"
            },
            {
              "fgdc_field": "themekey",
              "zenodo_field": "keywords",
              "value": "North Pacific Ocean"
            },
            {
              "fgdc_field": "themekey",
              "zenodo_field": "keywords",
              "value": "North Pacific Ocean"
            },
            {
              "fgdc_field": "themekey",
              "zenodo_field": "keywords",
              "value": "North Pacific Ocean"
            },
            {
              "fgdc_field": "themekey",
              "zenodo_field": "keywords",
              "value": "North Pacific Ocean"
            },
            {
              "fgdc_field": "themekey",
              "zenodo_field": "keywords",
              "value": "North Pacific Ocean"
            },
            {
              "fgdc_field": "themekey",
              "zenodo_field": "keywords",
              "value": "North Pacific Ocean"
            },
            {
              "fgdc_field": "themekey",
              "zenodo_field": "keywords",
              "value": "North Pacific Ocean"
            },
            {
              "fgdc_field": "themekey",
              "zenodo_field": "keywords",
              "value": "North Pacific Ocean"
            }
          ],
          "notes_mapped": [
            {
              "fgdc_field": "purpose",
              "reason": "Standard notes field",
              "value": "The primary goal of this annual surveys is to establish and verify the linkages between adult sockey..."
            },
            {
              "fgdc_field": "begdate",
              "reason": "Standard notes field",
              "value": "20020818"
            },
            {
              "fgdc_field": "enddate",
              "reason": "Standard notes field",
              "value": "20021012"
            },
            {
              "fgdc_field": "current",
              "reason": "Standard notes field",
              "value": "Sample Date"
            },
            {
              "fgdc_field": "progress",
              "reason": "Standard notes field",
              "value": "In Progress"
            },
            {
              "fgdc_field": "update",
              "reason": "Standard notes field",
              "value": "Unknown"
            },
            {
              "fgdc_field": "westbc",
              "reason": "Standard notes field",
              "value": "-168"
            },
            {
              "fgdc_field": "eastbc",
              "reason": "Standard notes field",
              "value": "-161"
            },
            {
              "fgdc_field": "northbc",
              "reason": "Standard notes field",
              "value": "65"
            },
            {
              "fgdc_field": "southbc",
              "reason": "Standard notes field",
              "value": "56"
            },
            {
              "fgdc_field": "themekt",
              "reason": "Standard notes field",
              "value": "Other"
            },
            {
              "fgdc_field": "themekt",
              "reason": "Standard notes field",
              "value": "Other"
            },
            {
              "fgdc_field": "accconst",
              "reason": "Standard notes field",
              "value": "None"
            },
            {
              "fgdc_field": "useconst",
              "reason": "Standard notes field",
              "value": "Contact the agency."
            },
            {
              "fgdc_field": "cntper",
              "reason": "Standard notes field",
              "value": "Kimberly Bahl"
            },
            {
              "fgdc_field": "addrtype",
              "reason": "Standard notes field",
              "value": "Mailing and Physical Address"
            },
            {
              "fgdc_field": "address",
              "reason": "Standard notes field",
              "value": "NOAA / AFSC / PMEL, 7600 Sand Point Way N.E."
            },
            {
              "fgdc_field": "city",
              "reason": "Standard notes field",
              "value": "Seattle"
            },
            {
              "fgdc_field": "state",
              "reason": "Standard notes field",
              "value": "WA"
            },
            {
              "fgdc_field": "postal",
              "reason": "Standard notes field",
              "value": "98115"
            },
            {
              "fgdc_field": "country",
              "reason": "Standard notes field",
              "value": "USA"
            },
            {
              "fgdc_field": "cntvoice",
              "reason": "Standard notes field",
              "value": "206-526-4314"
            },
            {
              "fgdc_field": "cntfax",
              "reason": "Standard notes field",
              "value": "206-526-6485"
            },
            {
              "fgdc_field": "cntemail",
              "reason": "Standard notes field",
              "value": "kimberly.bahl@noaa.gov"
            },
            {
              "fgdc_field": "cntper",
              "reason": "Standard notes field",
              "value": "Kimberly Bahl"
            },
            {
              "fgdc_field": "addrtype",
              "reason": "Standard notes field",
              "value": "Mailing and Physical Address"
            },
            {
              "fgdc_field": "address",
              "reason": "Standard notes field",
              "value": "NOAA / AFSC / PMEL, 7600 Sand Point Way N.E."
            },
            {
              "fgdc_field": "city",
              "reason": "Standard notes field",
              "value": "Seattle"
            },
            {
              "fgdc_field": "state",
              "reason": "Standard notes field",
              "value": "WA"
            },
            {
              "fgdc_field": "postal",
              "reason": "Standard notes field",
              "value": "98115"
            },
            {
              "fgdc_field": "country",
              "reason": "Standard notes field",
              "value": "USA"
            },
            {
              "fgdc_field": "cntvoice",
              "reason": "Standard notes field",
              "value": "206-526-4314"
            },
            {
              "fgdc_field": "cntfax",
              "reason": "Standard notes field",
              "value": "206-526-6485"
            },
            {
              "fgdc_field": "cntemail",
              "reason": "Standard notes field",
              "value": "kimberly.bahl@noaa.gov"
            },
            {
              "fgdc_field": "distliab",
              "reason": "Standard notes field",
              "value": "While every effort has been made to ensure that these data are accurate and reliable within the limi..."
            },
            {
              "fgdc_field": "metd",
              "reason": "Standard notes field",
              "value": "20030205"
            },
            {
              "fgdc_field": "cntper",
              "reason": "Standard notes field",
              "value": "Kimberly Bahl"
            },
            {
              "fgdc_field": "addrtype",
              "reason": "Standard notes field",
              "value": "Mailing and Physical Address"
            },
            {
              "fgdc_field": "address",
              "reason": "Standard notes field",
              "value": "NOAA / AFSC / PMEL, 7600 Sand Point Way N.E."
            },
            {
              "fgdc_field": "city",
              "reason": "Standard notes field",
              "value": "Seattle"
            },
            {
              "fgdc_field": "state",
              "reason": "Standard notes field",
              "value": "WA"
            },
            {
              "fgdc_field": "postal",
              "reason": "Standard notes field",
              "value": "98115"
            },
            {
              "fgdc_field": "country",
              "reason": "Standard notes field",
              "value": "USA"
            },
            {
              "fgdc_field": "cntvoice",
              "reason": "Standard notes field",
              "value": "206-526-4314"
            },
            {
              "fgdc_field": "cntfax",
              "reason": "Standard notes field",
              "value": "206-526-6485"
            },
            {
              "fgdc_field": "cntemail",
              "reason": "Standard notes field",
              "value": "kimberly.bahl@noaa.gov"
            },
            {
              "fgdc_field": "metstdn",
              "reason": "Standard notes field",
              "value": "Content Standards for Digital Geospatial Metadata"
            },
            {
              "fgdc_field": "metstdv",
              "reason": "Standard notes field",
              "value": "FGDC-STD-001-1998"
            },
            {
              "fgdc_field": "metac",
              "reason": "Standard notes field",
              "value": "None"
            },
            {
              "fgdc_field": "metuc",
              "reason": "Standard notes field",
              "value": "Contact the agency."
            }
          ],
          "unmapped": []
        }
      }
    },
    "compliance": {
      "zenodo_required_fields": 4,
      "zenodo_required_total": 4,
      "zenodo_required_percentage": 100.0,
      "zenodo_recommended_fields": 6,
      "zenodo_recommended_total": 6,
      "zenodo_recommended_percentage": 100.0,
      "pices_community_present": true,
      "open_access_compliant": true,
      "license_compliant": true,
      "overall_compliance_score": 100.0
    },
    "overall_score": 89.6,
    "overall_grade": "GOOD"
  },
  "files": [
    {
      "path": "output/data/original_fgdc/FGDC-896.xml",
      "description": "Original FGDC metadata XML",
      "type": "fgdc_xml"
    }
  ]
}