{
  "metadata": {
    "title": "Special Sensor Microwave/Imager (SSM/I) Sea Ice Concentration",
    "upload_type": "dataset",
    "publication_date": "1995-09-12",
    "creators": [
      {
        "name": "National Snow and Ice Data Center (NSIDC)",
        "type": "Organization"
      }
    ],
    "description": "Compute daily, total and multi-year sea ice concentration grids.",
    "access_right": "open",
    "license": "cc-zero",
    "keywords": [
      "Ice Physics",
      "Satellite and Grids",
      "Sea Ice",
      "Environmental Characterization",
      "Remote Sensing",
      "Gridded Data",
      "Passive Microwave",
      "Earth Radiative Processes",
      "Ocean Dynamics",
      "North Pacific Ocean"
    ],
    "notes": "Purpose: Compute daily, total and multi-year sea ice concentration grids.\n\nStatus: In Progress\n\nMaintenance frequency: Monthly\n\nAccess constraints: None\n\nUse constraints: None\n\nDistribution liability: While every effort has been made to ensure that these data are accurate and reliable within the limits of the current state of the art, NOAA cannot assume liability for any damages caused by any errors or omissions in the data, nor as a result of the failure of the data to function on a particular system. NOAA makes no warranty, expressed or implied, nor does the fact of distribution constitute such a warranty.\n\nFGDC metadata date: 19950912\nFGDC metadata contact: Kimberly Bahl\nFGDC metadata standard: Content Standards for Digital Geospatial Metadata (version: FGDC-STD-001-1998)",
    "related_identifiers": [],
    "contributors": [
      {
        "name": "Services, NSIDC User",
        "type": "ContactPerson"
      },
      {
        "name": "Services, NSIDC User",
        "type": "Distributor"
      },
      {
        "name": "North Pacific Marine Science Organization (PICES)",
        "type": "Distributor"
      }
    ],
    "references": [],
    "communities": [
      {
        "identifier": "pices"
      }
    ],
    "subjects": [
      {
        "term": "Ice Physics",
        "identifier": "North Pacific Ecosystem Metadatabase:Ice Physics",
        "scheme": "thesaurus"
      },
      {
        "term": "Satellite and Grids",
        "identifier": "North Pacific Ecosystem Metadatabase:Satellite and Grids",
        "scheme": "thesaurus"
      },
      {
        "term": "Sea Ice",
        "identifier": "North Pacific Ecosystem Metadatabase:Sea Ice",
        "scheme": "thesaurus"
      },
      {
        "term": "Environmental Characterization",
        "identifier": "North Pacific Ecosystem Metadatabase:Environmental Characterization",
        "scheme": "thesaurus"
      },
      {
        "term": "Remote Sensing",
        "identifier": "North Pacific Ecosystem Metadatabase:Remote Sensing",
        "scheme": "thesaurus"
      },
      {
        "term": "Gridded Data",
        "identifier": "North Pacific Ecosystem Metadatabase:Gridded Data",
        "scheme": "thesaurus"
      },
      {
        "term": "Passive Microwave",
        "identifier": "North Pacific Ecosystem Metadatabase:Passive Microwave",
        "scheme": "thesaurus"
      },
      {
        "term": "Earth Radiative Processes",
        "identifier": "North Pacific Ecosystem Metadatabase:Earth Radiative Processes",
        "scheme": "thesaurus"
      },
      {
        "term": "Ocean Dynamics",
        "identifier": "North Pacific Ecosystem Metadatabase:Ocean Dynamics",
        "scheme": "thesaurus"
      },
      {
        "term": "North Pacific Ocean",
        "identifier": "North Pacific Ecosystem Metadatabase:North Pacific Ocean",
        "scheme": "thesaurus"
      }
    ],
    "publisher": "North Pacific Marine Science Organization"
  },
  "original_fgdc_file": "FGDC-4046.xml",
  "character_analysis": {
    "fgdc_total_chars": 6284,
    "fgdc_data_chars": 502,
    "zenodo_total_chars": 3501,
    "zenodo_data_chars": 1208,
    "char_difference": 706,
    "char_ratio": 2.406374501992032,
    "data_preservation_ratio": 2.406374501992032
  },
  "enhanced_metrics": {
    "file_info": {
      "fgdc_size_bytes": 6284,
      "fgdc_size_kb": 6.14,
      "zenodo_size_bytes": 3501,
      "zenodo_size_kb": 3.42,
      "filename": "FGDC-4046.xml",
      "timestamp": "2025-10-11T23:39:52.694677"
    },
    "data_preservation": {
      "content_preservation_ratio": 1.134,
      "field_preservation_ratio": 0.938,
      "semantic_preservation_score": 1.0,
      "data_loss_indicators": [],
      "data_gain_indicators": [
        "Significant data enrichment: 493.7% additional structured content added"
      ],
      "content_enrichment_ratio": 4.937
    },
    "field_coverage": {
      "critical_fields_present": 4,
      "critical_fields_total": 4,
      "critical_fields_percentage": 100.0,
      "important_fields_present": 4,
      "important_fields_total": 4,
      "important_fields_percentage": 100.0,
      "optional_fields_present": 4,
      "optional_fields_total": 6,
      "optional_fields_percentage": 66.7,
      "total_fields_present": 12,
      "total_fields_possible": 14,
      "overall_coverage_percentage": 85.7,
      "weighted_coverage_score": 98.2,
      "missing_critical_fields": [],
      "missing_important_fields": [],
      "present_optional_fields": [
        "notes",
        "related_identifiers",
        "contributors",
        "references"
      ]
    },
    "data_quality": {
      "title_quality": {
        "score": 100,
        "issues": [],
        "grade": "A"
      },
      "creator_quality": {
        "score": 100,
        "issues": [],
        "grade": "A"
      },
      "description_quality": {
        "score": 85,
        "issues": [
          "Description should have multiple sentences"
        ],
        "grade": "B"
      },
      "keyword_quality": {
        "score": 100,
        "issues": [],
        "grade": "A"
      },
      "date_quality": {
        "score": 100,
        "issues": [],
        "grade": "A"
      },
      "license_quality": {
        "score": 100,
        "issues": [],
        "grade": "A"
      },
      "overall_quality_score": 97.5,
      "quality_grade": "EXCELLENT"
    },
    "transformation_effectiveness": {
      "mapping_completeness": 19.4,
      "data_enrichment_score": 50.0,
      "format_compliance": 100.0,
      "semantic_accuracy": 85.0,
      "overall_effectiveness_score": 63.6,
      "field_mapping_breakdown": {
        "total_fgdc_fields": 67,
        "directly_mapped_fields": 13,
        "fields_in_notes": 54,
        "unmapped_fields": 0,
        "direct_mapping_percentage": 19.4,
        "notes_mapping_percentage": 80.6,
        "total_preservation_percentage": 100.0,
        "mapping_details": {
          "directly_mapped": [
            {
              "fgdc_field": "origin",
              "zenodo_field": "creators",
              "value": "National Snow and Ice Data Center (NSIDC)"
            },
            {
              "fgdc_field": "pubdate",
              "zenodo_field": "publication_date",
              "value": "19950912"
            },
            {
              "fgdc_field": "title",
              "zenodo_field": "title",
              "value": "Special Sensor Microwave/Imager (SSM/I) Sea Ice Concentration"
            },
            {
              "fgdc_field": "themekey",
              "zenodo_field": "keywords",
              "value": "North Pacific Ocean"
            },
            {
              "fgdc_field": "themekey",
              "zenodo_field": "keywords",
              "value": "North Pacific Ocean"
            },
            {
              "fgdc_field": "themekey",
              "zenodo_field": "keywords",
              "value": "North Pacific Ocean"
            },
            {
              "fgdc_field": "themekey",
              "zenodo_field": "keywords",
              "value": "North Pacific Ocean"
            },
            {
              "fgdc_field": "themekey",
              "zenodo_field": "keywords",
              "value": "North Pacific Ocean"
            },
            {
              "fgdc_field": "themekey",
              "zenodo_field": "keywords",
              "value": "North Pacific Ocean"
            },
            {
              "fgdc_field": "themekey",
              "zenodo_field": "keywords",
              "value": "North Pacific Ocean"
            },
            {
              "fgdc_field": "themekey",
              "zenodo_field": "keywords",
              "value": "North Pacific Ocean"
            },
            {
              "fgdc_field": "themekey",
              "zenodo_field": "keywords",
              "value": "North Pacific Ocean"
            },
            {
              "fgdc_field": "themekey",
              "zenodo_field": "keywords",
              "value": "North Pacific Ocean"
            }
          ],
          "notes_mapped": [
            {
              "fgdc_field": "p",
              "reason": "Found in notes or other fields",
              "value": "References:"
            },
            {
              "fgdc_field": "p",
              "reason": "Found in notes or other fields",
              "value": "References:"
            },
            {
              "fgdc_field": "p",
              "reason": "Found in notes or other fields",
              "value": "References:"
            },
            {
              "fgdc_field": "p",
              "reason": "Found in notes or other fields",
              "value": "References:"
            },
            {
              "fgdc_field": "purpose",
              "reason": "Standard notes field",
              "value": "Compute daily, total and multi-year sea ice concentration grids."
            },
            {
              "fgdc_field": "begdate",
              "reason": "Standard notes field",
              "value": "19911203"
            },
            {
              "fgdc_field": "enddate",
              "reason": "Standard notes field",
              "value": "19980522"
            },
            {
              "fgdc_field": "current",
              "reason": "Standard notes field",
              "value": "Ground Condition"
            },
            {
              "fgdc_field": "progress",
              "reason": "Standard notes field",
              "value": "In Progress"
            },
            {
              "fgdc_field": "update",
              "reason": "Standard notes field",
              "value": "Monthly"
            },
            {
              "fgdc_field": "westbc",
              "reason": "Standard notes field",
              "value": "163"
            },
            {
              "fgdc_field": "eastbc",
              "reason": "Standard notes field",
              "value": "-157"
            },
            {
              "fgdc_field": "northbc",
              "reason": "Standard notes field",
              "value": "65.5"
            },
            {
              "fgdc_field": "southbc",
              "reason": "Standard notes field",
              "value": "52"
            },
            {
              "fgdc_field": "themekt",
              "reason": "Standard notes field",
              "value": "Other"
            },
            {
              "fgdc_field": "themekt",
              "reason": "Standard notes field",
              "value": "Other"
            },
            {
              "fgdc_field": "accconst",
              "reason": "Standard notes field",
              "value": "None"
            },
            {
              "fgdc_field": "useconst",
              "reason": "Standard notes field",
              "value": "None"
            },
            {
              "fgdc_field": "cntper",
              "reason": "Standard notes field",
              "value": "Kimberly Bahl"
            },
            {
              "fgdc_field": "addrtype",
              "reason": "Standard notes field",
              "value": "Mailing and Physical Address"
            },
            {
              "fgdc_field": "address",
              "reason": "Standard notes field",
              "value": "NOAA / AFSC / PMEL, 7600 Sand Point Way N.E."
            },
            {
              "fgdc_field": "city",
              "reason": "Standard notes field",
              "value": "Seattle"
            },
            {
              "fgdc_field": "state",
              "reason": "Standard notes field",
              "value": "WA"
            },
            {
              "fgdc_field": "postal",
              "reason": "Standard notes field",
              "value": "98115"
            },
            {
              "fgdc_field": "country",
              "reason": "Standard notes field",
              "value": "USA"
            },
            {
              "fgdc_field": "cntvoice",
              "reason": "Standard notes field",
              "value": "206-526-4314"
            },
            {
              "fgdc_field": "cntfax",
              "reason": "Standard notes field",
              "value": "206-526-6485"
            },
            {
              "fgdc_field": "cntemail",
              "reason": "Standard notes field",
              "value": "kimberly.bahl@noaa.gov"
            },
            {
              "fgdc_field": "cntper",
              "reason": "Standard notes field",
              "value": "Kimberly Bahl"
            },
            {
              "fgdc_field": "addrtype",
              "reason": "Standard notes field",
              "value": "Mailing and Physical Address"
            },
            {
              "fgdc_field": "address",
              "reason": "Standard notes field",
              "value": "NOAA / AFSC / PMEL, 7600 Sand Point Way N.E."
            },
            {
              "fgdc_field": "city",
              "reason": "Standard notes field",
              "value": "Seattle"
            },
            {
              "fgdc_field": "state",
              "reason": "Standard notes field",
              "value": "WA"
            },
            {
              "fgdc_field": "postal",
              "reason": "Standard notes field",
              "value": "98115"
            },
            {
              "fgdc_field": "country",
              "reason": "Standard notes field",
              "value": "USA"
            },
            {
              "fgdc_field": "cntvoice",
              "reason": "Standard notes field",
              "value": "206-526-4314"
            },
            {
              "fgdc_field": "cntfax",
              "reason": "Standard notes field",
              "value": "206-526-6485"
            },
            {
              "fgdc_field": "cntemail",
              "reason": "Standard notes field",
              "value": "kimberly.bahl@noaa.gov"
            },
            {
              "fgdc_field": "distliab",
              "reason": "Standard notes field",
              "value": "While every effort has been made to ensure that these data are accurate and reliable within the limi..."
            },
            {
              "fgdc_field": "metd",
              "reason": "Standard notes field",
              "value": "19950912"
            },
            {
              "fgdc_field": "cntper",
              "reason": "Standard notes field",
              "value": "Kimberly Bahl"
            },
            {
              "fgdc_field": "addrtype",
              "reason": "Standard notes field",
              "value": "Mailing and Physical Address"
            },
            {
              "fgdc_field": "address",
              "reason": "Standard notes field",
              "value": "NOAA / AFSC / PMEL, 7600 Sand Point Way N.E."
            },
            {
              "fgdc_field": "city",
              "reason": "Standard notes field",
              "value": "Seattle"
            },
            {
              "fgdc_field": "state",
              "reason": "Standard notes field",
              "value": "WA"
            },
            {
              "fgdc_field": "postal",
              "reason": "Standard notes field",
              "value": "98115"
            },
            {
              "fgdc_field": "country",
              "reason": "Standard notes field",
              "value": "USA"
            },
            {
              "fgdc_field": "cntvoice",
              "reason": "Standard notes field",
              "value": "206-526-4314"
            },
            {
              "fgdc_field": "cntfax",
              "reason": "Standard notes field",
              "value": "206-526-6485"
            },
            {
              "fgdc_field": "cntemail",
              "reason": "Standard notes field",
              "value": "kimberly.bahl@noaa.gov"
            },
            {
              "fgdc_field": "metstdn",
              "reason": "Standard notes field",
              "value": "Content Standards for Digital Geospatial Metadata"
            },
            {
              "fgdc_field": "metstdv",
              "reason": "Standard notes field",
              "value": "FGDC-STD-001-1998"
            },
            {
              "fgdc_field": "metac",
              "reason": "Standard notes field",
              "value": "None"
            },
            {
              "fgdc_field": "metuc",
              "reason": "Standard notes field",
              "value": "None"
            }
          ],
          "unmapped": []
        }
      }
    },
    "compliance": {
      "zenodo_required_fields": 4,
      "zenodo_required_total": 4,
      "zenodo_required_percentage": 100.0,
      "zenodo_recommended_fields": 6,
      "zenodo_recommended_total": 6,
      "zenodo_recommended_percentage": 100.0,
      "pices_community_present": true,
      "open_access_compliant": true,
      "license_compliant": true,
      "overall_compliance_score": 100.0
    },
    "overall_score": 98.2,
    "overall_grade": "EXCELLENT"
  },
  "files": [
    {
      "path": "output/data/original_fgdc/FGDC-4046.xml",
      "description": "Original FGDC metadata XML",
      "type": "fgdc_xml"
    }
  ]
}