{
  "metadata": {
    "title": "Sensible Heat Data (J-OFURO)",
    "upload_type": "dataset",
    "publication_date": "2002-01-01",
    "creators": [
      {
        "name": "University, Tokai"
      },
      {
        "name": "School"
      }
    ],
    "description": "To derive homogenous data with high resolution using analysis and satellite data for obtaining globally-covered fluxes between ocean and atmosphere.",
    "access_right": "open",
    "license": "cc-zero",
    "keywords": [
      "Oceanography",
      "Atmosphere",
      "Sensible Heat",
      "Ocean Flux",
      "North Pacific Ocean"
    ],
    "notes": "Purpose: To derive homogenous data with high resolution using analysis and satellite data for obtaining globally-covered fluxes between ocean and atmosphere.\n\nStatus: In Progress\n\nMaintenance frequency: Unknown\n\nAccess constraints: None\n\nUse constraints: For scientific use only.  For publication use, reference data source and send copy to the source. See http://dtsv.scc.u-tokai.ac.jp/j-ofuro/ for more info.\n\nDistribution liability: While every effort has been made to ensure that these data are accurate and reliable within the limits of the current state of the art, NOAA cannot assume liability for any damages caused by any errors or omissions in the data, nor as a result of the failure of the data to function on a particular system. NOAA makes no warranty, expressed or implied, nor does the fact of distribution constitute such a warranty.\n\nFGDC metadata date: 20050325\nFGDC metadata contact: Kimberly Bahl\nFGDC metadata standard: Content Standards for Digital Geospatial Metadata (version: FGDC-STD-001-1998)",
    "related_identifiers": [],
    "contributors": [
      {
        "name": "Kubota, Masahisa",
        "type": "ContactPerson"
      },
      {
        "name": "Kubota, Masahisa",
        "type": "Distributor"
      },
      {
        "name": "North Pacific Marine Science Organization (PICES)",
        "type": "Distributor"
      }
    ],
    "references": [],
    "communities": [
      {
        "identifier": "pices"
      }
    ],
    "subjects": [
      {
        "term": "Oceanography",
        "identifier": "North Pacific Ecosystem Metadatabase:Oceanography",
        "scheme": "thesaurus"
      },
      {
        "term": "Atmosphere",
        "identifier": "North Pacific Ecosystem Metadatabase:Atmosphere",
        "scheme": "thesaurus"
      },
      {
        "term": "Sensible Heat",
        "identifier": "North Pacific Ecosystem Metadatabase:Sensible Heat",
        "scheme": "thesaurus"
      },
      {
        "term": "Ocean Flux",
        "identifier": "North Pacific Ecosystem Metadatabase:Ocean Flux",
        "scheme": "thesaurus"
      },
      {
        "term": "North Pacific Ocean",
        "identifier": "North Pacific Ecosystem Metadatabase:North Pacific Ocean",
        "scheme": "thesaurus"
      }
    ],
    "publisher": "North Pacific Marine Science Organization"
  },
  "original_fgdc_file": "FGDC-3865.xml",
  "character_analysis": {
    "fgdc_total_chars": 4912,
    "fgdc_data_chars": 649,
    "zenodo_total_chars": 2809,
    "zenodo_data_chars": 1364,
    "char_difference": 715,
    "char_ratio": 2.1016949152542375,
    "data_preservation_ratio": 2.1016949152542375
  },
  "enhanced_metrics": {
    "file_info": {
      "fgdc_size_bytes": 4912,
      "fgdc_size_kb": 4.8,
      "zenodo_size_bytes": 2809,
      "zenodo_size_kb": 2.74,
      "filename": "FGDC-3865.xml",
      "timestamp": "2025-10-11T23:39:51.524007"
    },
    "data_preservation": {
      "content_preservation_ratio": 0.677,
      "field_preservation_ratio": 1.364,
      "semantic_preservation_score": 0.6767241379310345,
      "data_loss_indicators": [
        "Significant data loss: 32.3% of original content not preserved"
      ],
      "data_gain_indicators": [
        "Significant data enrichment: 326.9% additional structured content added"
      ],
      "content_enrichment_ratio": 3.269
    },
    "field_coverage": {
      "critical_fields_present": 4,
      "critical_fields_total": 4,
      "critical_fields_percentage": 100.0,
      "important_fields_present": 4,
      "important_fields_total": 4,
      "important_fields_percentage": 100.0,
      "optional_fields_present": 4,
      "optional_fields_total": 6,
      "optional_fields_percentage": 66.7,
      "total_fields_present": 12,
      "total_fields_possible": 14,
      "overall_coverage_percentage": 85.7,
      "weighted_coverage_score": 98.2,
      "missing_critical_fields": [],
      "missing_important_fields": [],
      "present_optional_fields": [
        "notes",
        "related_identifiers",
        "contributors",
        "references"
      ]
    },
    "data_quality": {
      "title_quality": {
        "score": 100,
        "issues": [],
        "grade": "A"
      },
      "creator_quality": {
        "score": 95,
        "issues": [
          "Creator 2 name format unclear"
        ],
        "grade": "A"
      },
      "description_quality": {
        "score": 85,
        "issues": [
          "Description should have multiple sentences"
        ],
        "grade": "B"
      },
      "keyword_quality": {
        "score": 100,
        "issues": [],
        "grade": "A"
      },
      "date_quality": {
        "score": 100,
        "issues": [],
        "grade": "A"
      },
      "license_quality": {
        "score": 100,
        "issues": [],
        "grade": "A"
      },
      "overall_quality_score": 96.7,
      "quality_grade": "EXCELLENT"
    },
    "transformation_effectiveness": {
      "mapping_completeness": 12.7,
      "data_enrichment_score": 50.0,
      "format_compliance": 100.0,
      "semantic_accuracy": 85.0,
      "overall_effectiveness_score": 61.9,
      "field_mapping_breakdown": {
        "total_fgdc_fields": 63,
        "directly_mapped_fields": 8,
        "fields_in_notes": 54,
        "unmapped_fields": 1,
        "direct_mapping_percentage": 12.7,
        "notes_mapping_percentage": 85.7,
        "total_preservation_percentage": 98.4,
        "mapping_details": {
          "directly_mapped": [
            {
              "fgdc_field": "origin",
              "zenodo_field": "creators",
              "value": "Tokai University, School of Marine Science and Technology"
            },
            {
              "fgdc_field": "pubdate",
              "zenodo_field": "publication_date",
              "value": "20020101"
            },
            {
              "fgdc_field": "title",
              "zenodo_field": "title",
              "value": "Sensible Heat Data (J-OFURO)"
            },
            {
              "fgdc_field": "themekey",
              "zenodo_field": "keywords",
              "value": "North Pacific Ocean"
            },
            {
              "fgdc_field": "themekey",
              "zenodo_field": "keywords",
              "value": "North Pacific Ocean"
            },
            {
              "fgdc_field": "themekey",
              "zenodo_field": "keywords",
              "value": "North Pacific Ocean"
            },
            {
              "fgdc_field": "themekey",
              "zenodo_field": "keywords",
              "value": "North Pacific Ocean"
            },
            {
              "fgdc_field": "themekey",
              "zenodo_field": "keywords",
              "value": "North Pacific Ocean"
            }
          ],
          "notes_mapped": [
            {
              "fgdc_field": "p",
              "reason": "Found in notes or other fields",
              "value": "J-OFURO website - http://dtsv.scc.u-tokai.ac.jp/j-ofuro/"
            },
            {
              "fgdc_field": "p",
              "reason": "Found in notes or other fields",
              "value": "J-OFURO website - http://dtsv.scc.u-tokai.ac.jp/j-ofuro/"
            },
            {
              "fgdc_field": "p",
              "reason": "Found in notes or other fields",
              "value": "J-OFURO website - http://dtsv.scc.u-tokai.ac.jp/j-ofuro/"
            },
            {
              "fgdc_field": "p",
              "reason": "Found in notes or other fields",
              "value": "J-OFURO website - http://dtsv.scc.u-tokai.ac.jp/j-ofuro/"
            },
            {
              "fgdc_field": "purpose",
              "reason": "Standard notes field",
              "value": "To derive homogenous data with high resolution using analysis and satellite data for obtaining globa..."
            },
            {
              "fgdc_field": "begdate",
              "reason": "Standard notes field",
              "value": "19910101"
            },
            {
              "fgdc_field": "enddate",
              "reason": "Standard notes field",
              "value": "19951231"
            },
            {
              "fgdc_field": "current",
              "reason": "Standard notes field",
              "value": "Ground Condition"
            },
            {
              "fgdc_field": "progress",
              "reason": "Standard notes field",
              "value": "In Progress"
            },
            {
              "fgdc_field": "update",
              "reason": "Standard notes field",
              "value": "Unknown"
            },
            {
              "fgdc_field": "westbc",
              "reason": "Standard notes field",
              "value": "-180"
            },
            {
              "fgdc_field": "eastbc",
              "reason": "Standard notes field",
              "value": "180"
            },
            {
              "fgdc_field": "northbc",
              "reason": "Standard notes field",
              "value": "90"
            },
            {
              "fgdc_field": "southbc",
              "reason": "Standard notes field",
              "value": "-90"
            },
            {
              "fgdc_field": "themekt",
              "reason": "Standard notes field",
              "value": "Other"
            },
            {
              "fgdc_field": "themekt",
              "reason": "Standard notes field",
              "value": "Other"
            },
            {
              "fgdc_field": "accconst",
              "reason": "Standard notes field",
              "value": "None"
            },
            {
              "fgdc_field": "useconst",
              "reason": "Standard notes field",
              "value": "For scientific use only.  For publication use, reference data source and send copy to the source. Se..."
            },
            {
              "fgdc_field": "cntper",
              "reason": "Standard notes field",
              "value": "Kimberly Bahl"
            },
            {
              "fgdc_field": "addrtype",
              "reason": "Standard notes field",
              "value": "Mailing and Physical Address"
            },
            {
              "fgdc_field": "address",
              "reason": "Standard notes field",
              "value": "NOAA / AFSC / PMEL, 7600 Sand Point Way N.E."
            },
            {
              "fgdc_field": "city",
              "reason": "Standard notes field",
              "value": "Seattle"
            },
            {
              "fgdc_field": "state",
              "reason": "Standard notes field",
              "value": "WA"
            },
            {
              "fgdc_field": "postal",
              "reason": "Standard notes field",
              "value": "98115"
            },
            {
              "fgdc_field": "country",
              "reason": "Standard notes field",
              "value": "USA"
            },
            {
              "fgdc_field": "cntvoice",
              "reason": "Standard notes field",
              "value": "206-526-4314"
            },
            {
              "fgdc_field": "cntfax",
              "reason": "Standard notes field",
              "value": "206-526-6485"
            },
            {
              "fgdc_field": "cntemail",
              "reason": "Standard notes field",
              "value": "kimberly.bahl@noaa.gov"
            },
            {
              "fgdc_field": "cntper",
              "reason": "Standard notes field",
              "value": "Kimberly Bahl"
            },
            {
              "fgdc_field": "addrtype",
              "reason": "Standard notes field",
              "value": "Mailing and Physical Address"
            },
            {
              "fgdc_field": "address",
              "reason": "Standard notes field",
              "value": "NOAA / AFSC / PMEL, 7600 Sand Point Way N.E."
            },
            {
              "fgdc_field": "city",
              "reason": "Standard notes field",
              "value": "Seattle"
            },
            {
              "fgdc_field": "state",
              "reason": "Standard notes field",
              "value": "WA"
            },
            {
              "fgdc_field": "postal",
              "reason": "Standard notes field",
              "value": "98115"
            },
            {
              "fgdc_field": "country",
              "reason": "Standard notes field",
              "value": "USA"
            },
            {
              "fgdc_field": "cntvoice",
              "reason": "Standard notes field",
              "value": "206-526-4314"
            },
            {
              "fgdc_field": "cntfax",
              "reason": "Standard notes field",
              "value": "206-526-6485"
            },
            {
              "fgdc_field": "cntemail",
              "reason": "Standard notes field",
              "value": "kimberly.bahl@noaa.gov"
            },
            {
              "fgdc_field": "distliab",
              "reason": "Standard notes field",
              "value": "While every effort has been made to ensure that these data are accurate and reliable within the limi..."
            },
            {
              "fgdc_field": "metd",
              "reason": "Standard notes field",
              "value": "20050325"
            },
            {
              "fgdc_field": "cntper",
              "reason": "Standard notes field",
              "value": "Kimberly Bahl"
            },
            {
              "fgdc_field": "addrtype",
              "reason": "Standard notes field",
              "value": "Mailing and Physical Address"
            },
            {
              "fgdc_field": "address",
              "reason": "Standard notes field",
              "value": "NOAA / AFSC / PMEL, 7600 Sand Point Way N.E."
            },
            {
              "fgdc_field": "city",
              "reason": "Standard notes field",
              "value": "Seattle"
            },
            {
              "fgdc_field": "state",
              "reason": "Standard notes field",
              "value": "WA"
            },
            {
              "fgdc_field": "postal",
              "reason": "Standard notes field",
              "value": "98115"
            },
            {
              "fgdc_field": "country",
              "reason": "Standard notes field",
              "value": "USA"
            },
            {
              "fgdc_field": "cntvoice",
              "reason": "Standard notes field",
              "value": "206-526-4314"
            },
            {
              "fgdc_field": "cntfax",
              "reason": "Standard notes field",
              "value": "206-526-6485"
            },
            {
              "fgdc_field": "cntemail",
              "reason": "Standard notes field",
              "value": "kimberly.bahl@noaa.gov"
            },
            {
              "fgdc_field": "metstdn",
              "reason": "Standard notes field",
              "value": "Content Standards for Digital Geospatial Metadata"
            },
            {
              "fgdc_field": "metstdv",
              "reason": "Standard notes field",
              "value": "FGDC-STD-001-1998"
            },
            {
              "fgdc_field": "metac",
              "reason": "Standard notes field",
              "value": "None"
            },
            {
              "fgdc_field": "metuc",
              "reason": "Standard notes field",
              "value": "For scientific use only.  For publication use, reference data source and send copy to the source. Se..."
            }
          ],
          "unmapped": [
            {
              "fgdc_field": "sup",
              "reason": "No mapping found - field not in notes or other fields",
              "value": "2"
            }
          ]
        }
      }
    },
    "compliance": {
      "zenodo_required_fields": 4,
      "zenodo_required_total": 4,
      "zenodo_required_percentage": 100.0,
      "zenodo_recommended_fields": 6,
      "zenodo_recommended_total": 6,
      "zenodo_recommended_percentage": 100.0,
      "pices_community_present": true,
      "open_access_compliant": true,
      "license_compliant": true,
      "overall_compliance_score": 100.0
    },
    "overall_score": 81.8,
    "overall_grade": "FAIR"
  },
  "files": [
    {
      "path": "output/data/original_fgdc/FGDC-3865.xml",
      "description": "Original FGDC metadata XML",
      "type": "fgdc_xml"
    }
  ]
}