{
  "metadata": {
    "title": "Comparison of Fishing Gears of the Survey by",
    "upload_type": "dataset",
    "publication_date": "2005-02-25",
    "creators": [
      {
        "name": "Azumaya, Tomonori"
      },
      {
        "name": "Yamamura, Orio"
      },
      {
        "name": "Fukuwaka, Masa-aki"
      },
      {
        "name": "Kusaka, Akira"
      },
      {
        "name": "Nagasawa, Toru"
      },
      {
        "name": "Urawa, Shigehiko"
      },
      {
        "name": "Nomura, Tetsuichi"
      },
      {
        "name": "Moriya, Shogo"
      },
      {
        "name": "Urano, Akihisa"
      },
      {
        "name": "North Pacific Anadromous Fish Commission",
        "type": "Organization"
      }
    ],
    "description": "To investigate the environments for salmon habitat and distributions of salmon in the Bering Sea.",
    "access_right": "open",
    "license": "cc-zero",
    "keywords": [
      "Fish",
      "Fishing Gears",
      "Trawl Nets",
      "Gillnets",
      "Bering Sea",
      "North Pacific Ocean"
    ],
    "notes": "Purpose: To investigate the environments for salmon habitat and distributions of salmon in the Bering Sea.\n\nStatus: Complete\n\nMaintenance frequency: Unknown\n\nAccess constraints: None\n\nUse constraints: Contact Source.\n\nDistribution liability: While every effort has been made to ensure that these data are accurate and reliable within the limits of the current state of the art, NOAA cannot assume liability for any damages caused by any errors or omissions in the data, nor as a result of the failure of the data to function on a particular system. NOAA makes no warranty, expressed or implied, nor does the fact of distribution constitute such a warranty.\n\nFGDC metadata date: 20050225\nFGDC metadata contact: Kimberly Bahl\nFGDC metadata standard: Content Standards for Digital Geospatial Metadata (version: FGDC-STD-001-1998)",
    "related_identifiers": [],
    "contributors": [
      {
        "name": "Secretariat, NPAFC",
        "type": "ContactPerson"
      },
      {
        "name": "Secretariat, NPAFC",
        "type": "Distributor"
      },
      {
        "name": "North Pacific Marine Science Organization (PICES)",
        "type": "Distributor"
      }
    ],
    "references": [],
    "communities": [
      {
        "identifier": "pices"
      }
    ],
    "subjects": [
      {
        "term": "Fish",
        "identifier": "North Pacific Ecosystem Metadatabase:Fish",
        "scheme": "thesaurus"
      },
      {
        "term": "Fishing Gears",
        "identifier": "North Pacific Ecosystem Metadatabase:Fishing Gears",
        "scheme": "thesaurus"
      },
      {
        "term": "Trawl Nets",
        "identifier": "North Pacific Ecosystem Metadatabase:Trawl Nets",
        "scheme": "thesaurus"
      },
      {
        "term": "Gillnets",
        "identifier": "North Pacific Ecosystem Metadatabase:Gillnets",
        "scheme": "thesaurus"
      },
      {
        "term": "Bering Sea",
        "identifier": "North Pacific Ecosystem Metadatabase:Bering Sea",
        "scheme": "thesaurus"
      },
      {
        "term": "North Pacific Ocean",
        "identifier": "North Pacific Ecosystem Metadatabase:North Pacific Ocean",
        "scheme": "thesaurus"
      }
    ],
    "publisher": "North Pacific Marine Science Organization"
  },
  "original_fgdc_file": "FGDC-3824.xml",
  "character_analysis": {
    "fgdc_total_chars": 5806,
    "fgdc_data_chars": 391,
    "zenodo_total_chars": 3135,
    "zenodo_data_chars": 1292,
    "char_difference": 901,
    "char_ratio": 3.3043478260869565,
    "data_preservation_ratio": 3.3043478260869565
  },
  "enhanced_metrics": {
    "file_info": {
      "fgdc_size_bytes": 5806,
      "fgdc_size_kb": 5.67,
      "zenodo_size_bytes": 3135,
      "zenodo_size_kb": 3.06,
      "filename": "FGDC-3824.xml",
      "timestamp": "2025-10-11T23:39:51.262550"
    },
    "data_preservation": {
      "content_preservation_ratio": 1.922,
      "field_preservation_ratio": 1.364,
      "semantic_preservation_score": 1.0,
      "data_loss_indicators": [],
      "data_gain_indicators": [
        "Significant data enrichment: 594.4% additional structured content added"
      ],
      "content_enrichment_ratio": 5.944
    },
    "field_coverage": {
      "critical_fields_present": 4,
      "critical_fields_total": 4,
      "critical_fields_percentage": 100.0,
      "important_fields_present": 4,
      "important_fields_total": 4,
      "important_fields_percentage": 100.0,
      "optional_fields_present": 4,
      "optional_fields_total": 6,
      "optional_fields_percentage": 66.7,
      "total_fields_present": 12,
      "total_fields_possible": 14,
      "overall_coverage_percentage": 85.7,
      "weighted_coverage_score": 98.2,
      "missing_critical_fields": [],
      "missing_important_fields": [],
      "present_optional_fields": [
        "notes",
        "related_identifiers",
        "contributors",
        "references"
      ]
    },
    "data_quality": {
      "title_quality": {
        "score": 100,
        "issues": [],
        "grade": "A"
      },
      "creator_quality": {
        "score": 100,
        "issues": [],
        "grade": "A"
      },
      "description_quality": {
        "score": 85,
        "issues": [
          "Description should have multiple sentences"
        ],
        "grade": "B"
      },
      "keyword_quality": {
        "score": 100,
        "issues": [],
        "grade": "A"
      },
      "date_quality": {
        "score": 100,
        "issues": [],
        "grade": "A"
      },
      "license_quality": {
        "score": 100,
        "issues": [],
        "grade": "A"
      },
      "overall_quality_score": 97.5,
      "quality_grade": "EXCELLENT"
    },
    "transformation_effectiveness": {
      "mapping_completeness": 11.9,
      "data_enrichment_score": 50.0,
      "format_compliance": 100.0,
      "semantic_accuracy": 85.0,
      "overall_effectiveness_score": 61.7,
      "field_mapping_breakdown": {
        "total_fgdc_fields": 67,
        "directly_mapped_fields": 8,
        "fields_in_notes": 59,
        "unmapped_fields": 0,
        "direct_mapping_percentage": 11.9,
        "notes_mapping_percentage": 88.1,
        "total_preservation_percentage": 100.0,
        "mapping_details": {
          "directly_mapped": [
            {
              "fgdc_field": "pubdate",
              "zenodo_field": "publication_date",
              "value": "Unknown"
            },
            {
              "fgdc_field": "title",
              "zenodo_field": "title",
              "value": "Comparison of Fishing Gears of the Survey by"
            },
            {
              "fgdc_field": "themekey",
              "zenodo_field": "keywords",
              "value": "North Pacific Ocean"
            },
            {
              "fgdc_field": "themekey",
              "zenodo_field": "keywords",
              "value": "North Pacific Ocean"
            },
            {
              "fgdc_field": "themekey",
              "zenodo_field": "keywords",
              "value": "North Pacific Ocean"
            },
            {
              "fgdc_field": "themekey",
              "zenodo_field": "keywords",
              "value": "North Pacific Ocean"
            },
            {
              "fgdc_field": "themekey",
              "zenodo_field": "keywords",
              "value": "North Pacific Ocean"
            },
            {
              "fgdc_field": "themekey",
              "zenodo_field": "keywords",
              "value": "North Pacific Ocean"
            }
          ],
          "notes_mapped": [
            {
              "fgdc_field": "li",
              "reason": "Found in notes or other fields",
              "value": "North Pacific Anadromous Fish Commission"
            },
            {
              "fgdc_field": "li",
              "reason": "Found in notes or other fields",
              "value": "North Pacific Anadromous Fish Commission"
            },
            {
              "fgdc_field": "li",
              "reason": "Found in notes or other fields",
              "value": "North Pacific Anadromous Fish Commission"
            },
            {
              "fgdc_field": "li",
              "reason": "Found in notes or other fields",
              "value": "North Pacific Anadromous Fish Commission"
            },
            {
              "fgdc_field": "li",
              "reason": "Found in notes or other fields",
              "value": "North Pacific Anadromous Fish Commission"
            },
            {
              "fgdc_field": "em",
              "reason": "Found in notes or other fields",
              "value": "Kaiyo maru"
            },
            {
              "fgdc_field": "p",
              "reason": "Found in notes or other fields",
              "value": "[Reference: Tomonori Azumaya, S. Urawa , O. Yamamura, M. Fukuwaka, A. Kusaka, T. Nagasawa, T. Nomura..."
            },
            {
              "fgdc_field": "p",
              "reason": "Found in notes or other fields",
              "value": "[Reference: Tomonori Azumaya, S. Urawa , O. Yamamura, M. Fukuwaka, A. Kusaka, T. Nagasawa, T. Nomura..."
            },
            {
              "fgdc_field": "p",
              "reason": "Found in notes or other fields",
              "value": "[Reference: Tomonori Azumaya, S. Urawa , O. Yamamura, M. Fukuwaka, A. Kusaka, T. Nagasawa, T. Nomura..."
            },
            {
              "fgdc_field": "purpose",
              "reason": "Standard notes field",
              "value": "To investigate the environments for salmon habitat and distributions of salmon in the Bering Sea."
            },
            {
              "fgdc_field": "begdate",
              "reason": "Standard notes field",
              "value": "20020701"
            },
            {
              "fgdc_field": "enddate",
              "reason": "Standard notes field",
              "value": "20020705"
            },
            {
              "fgdc_field": "current",
              "reason": "Standard notes field",
              "value": "Sample Date"
            },
            {
              "fgdc_field": "progress",
              "reason": "Standard notes field",
              "value": "Complete"
            },
            {
              "fgdc_field": "update",
              "reason": "Standard notes field",
              "value": "Unknown"
            },
            {
              "fgdc_field": "westbc",
              "reason": "Standard notes field",
              "value": "172"
            },
            {
              "fgdc_field": "eastbc",
              "reason": "Standard notes field",
              "value": "-165"
            },
            {
              "fgdc_field": "northbc",
              "reason": "Standard notes field",
              "value": "59"
            },
            {
              "fgdc_field": "southbc",
              "reason": "Standard notes field",
              "value": "51.5"
            },
            {
              "fgdc_field": "themekt",
              "reason": "Standard notes field",
              "value": "Other"
            },
            {
              "fgdc_field": "themekt",
              "reason": "Standard notes field",
              "value": "Other"
            },
            {
              "fgdc_field": "accconst",
              "reason": "Standard notes field",
              "value": "None"
            },
            {
              "fgdc_field": "useconst",
              "reason": "Standard notes field",
              "value": "Contact Source."
            },
            {
              "fgdc_field": "cntper",
              "reason": "Standard notes field",
              "value": "Kimberly Bahl"
            },
            {
              "fgdc_field": "addrtype",
              "reason": "Standard notes field",
              "value": "Mailing and Physical Address"
            },
            {
              "fgdc_field": "address",
              "reason": "Standard notes field",
              "value": "NOAA / AFSC / PMEL, 7600 Sand Point Way N.E."
            },
            {
              "fgdc_field": "city",
              "reason": "Standard notes field",
              "value": "Seattle"
            },
            {
              "fgdc_field": "state",
              "reason": "Standard notes field",
              "value": "WA"
            },
            {
              "fgdc_field": "postal",
              "reason": "Standard notes field",
              "value": "98115"
            },
            {
              "fgdc_field": "country",
              "reason": "Standard notes field",
              "value": "USA"
            },
            {
              "fgdc_field": "cntvoice",
              "reason": "Standard notes field",
              "value": "206-526-4314"
            },
            {
              "fgdc_field": "cntfax",
              "reason": "Standard notes field",
              "value": "206-526-6485"
            },
            {
              "fgdc_field": "cntemail",
              "reason": "Standard notes field",
              "value": "kimberly.bahl@noaa.gov"
            },
            {
              "fgdc_field": "cntper",
              "reason": "Standard notes field",
              "value": "Kimberly Bahl"
            },
            {
              "fgdc_field": "addrtype",
              "reason": "Standard notes field",
              "value": "Mailing and Physical Address"
            },
            {
              "fgdc_field": "address",
              "reason": "Standard notes field",
              "value": "NOAA / AFSC / PMEL, 7600 Sand Point Way N.E."
            },
            {
              "fgdc_field": "city",
              "reason": "Standard notes field",
              "value": "Seattle"
            },
            {
              "fgdc_field": "state",
              "reason": "Standard notes field",
              "value": "WA"
            },
            {
              "fgdc_field": "postal",
              "reason": "Standard notes field",
              "value": "98115"
            },
            {
              "fgdc_field": "country",
              "reason": "Standard notes field",
              "value": "USA"
            },
            {
              "fgdc_field": "cntvoice",
              "reason": "Standard notes field",
              "value": "206-526-4314"
            },
            {
              "fgdc_field": "cntfax",
              "reason": "Standard notes field",
              "value": "206-526-6485"
            },
            {
              "fgdc_field": "cntemail",
              "reason": "Standard notes field",
              "value": "kimberly.bahl@noaa.gov"
            },
            {
              "fgdc_field": "distliab",
              "reason": "Standard notes field",
              "value": "While every effort has been made to ensure that these data are accurate and reliable within the limi..."
            },
            {
              "fgdc_field": "metd",
              "reason": "Standard notes field",
              "value": "20050225"
            },
            {
              "fgdc_field": "cntper",
              "reason": "Standard notes field",
              "value": "Kimberly Bahl"
            },
            {
              "fgdc_field": "addrtype",
              "reason": "Standard notes field",
              "value": "Mailing and Physical Address"
            },
            {
              "fgdc_field": "address",
              "reason": "Standard notes field",
              "value": "NOAA / AFSC / PMEL, 7600 Sand Point Way N.E."
            },
            {
              "fgdc_field": "city",
              "reason": "Standard notes field",
              "value": "Seattle"
            },
            {
              "fgdc_field": "state",
              "reason": "Standard notes field",
              "value": "WA"
            },
            {
              "fgdc_field": "postal",
              "reason": "Standard notes field",
              "value": "98115"
            },
            {
              "fgdc_field": "country",
              "reason": "Standard notes field",
              "value": "USA"
            },
            {
              "fgdc_field": "cntvoice",
              "reason": "Standard notes field",
              "value": "206-526-4314"
            },
            {
              "fgdc_field": "cntfax",
              "reason": "Standard notes field",
              "value": "206-526-6485"
            },
            {
              "fgdc_field": "cntemail",
              "reason": "Standard notes field",
              "value": "kimberly.bahl@noaa.gov"
            },
            {
              "fgdc_field": "metstdn",
              "reason": "Standard notes field",
              "value": "Content Standards for Digital Geospatial Metadata"
            },
            {
              "fgdc_field": "metstdv",
              "reason": "Standard notes field",
              "value": "FGDC-STD-001-1998"
            },
            {
              "fgdc_field": "metac",
              "reason": "Standard notes field",
              "value": "None"
            },
            {
              "fgdc_field": "metuc",
              "reason": "Standard notes field",
              "value": "Contact Source."
            }
          ],
          "unmapped": []
        }
      }
    },
    "compliance": {
      "zenodo_required_fields": 4,
      "zenodo_required_total": 4,
      "zenodo_required_percentage": 100.0,
      "zenodo_recommended_fields": 6,
      "zenodo_recommended_total": 6,
      "zenodo_recommended_percentage": 100.0,
      "pices_community_present": true,
      "open_access_compliant": true,
      "license_compliant": true,
      "overall_compliance_score": 100.0
    },
    "overall_score": 125.5,
    "overall_grade": "EXCELLENT"
  },
  "files": [
    {
      "path": "output/data/original_fgdc/FGDC-3824.xml",
      "description": "Original FGDC metadata XML",
      "type": "fgdc_xml"
    }
  ]
}