{
  "metadata": {
    "title": "Ocean Biogeographic Information System (OBIS), Alaska",
    "upload_type": "dataset",
    "publication_date": "2006-03-30",
    "creators": [
      {
        "name": "Census"
      }
    ],
    "description": "Dataset: Ocean Biogeographic Information System (OBIS), Alaska",
    "access_right": "open",
    "license": "cc-zero",
    "keywords": [
      "North Pacific Ocean",
      "Oceanography",
      "Alaska",
      "Physical Oceanography",
      "Marine Life",
      "Ocean Environment"
    ],
    "notes": "Purpose: \n\nStatus: In Progress\n\nMaintenance frequency: Unknown\n\nAccess constraints: None\n\nUse constraints: None\n\nDistribution liability: While every effort has been made to ensure that these data are accurate and reliable within the limits of the current state of the art, NOAA cannot assume liability for any damages caused by any errors or omissions in the data, nor as a result of the failure of the data to function on a particular system. NOAA makes no warranty, expressed or implied, nor does the fact of distribution constitute such a warranty.\n\nFGDC metadata date: 20060330\nFGDC metadata contact: Kimberly Bahl\nFGDC metadata standard: Content Standards for Digital Geospatial Metadata (version: FGDC-STD-001-1998)",
    "related_identifiers": [],
    "contributors": [
      {
        "name": "Duckett, Catherine",
        "type": "ContactPerson"
      },
      {
        "name": "Duckett, Catherine",
        "type": "Distributor"
      },
      {
        "name": "North Pacific Marine Science Organization (PICES)",
        "type": "Distributor"
      }
    ],
    "references": [],
    "communities": [
      {
        "identifier": "pices"
      }
    ],
    "subjects": [
      {
        "term": "North Pacific Ocean",
        "identifier": "North Pacific Ecosystem Metadatabase:North Pacific Ocean",
        "scheme": "thesaurus"
      },
      {
        "term": "Oceanography",
        "identifier": "North Pacific Ecosystem Metadatabase:Oceanography",
        "scheme": "thesaurus"
      },
      {
        "term": "Alaska",
        "identifier": "North Pacific Ecosystem Metadatabase:Alaska",
        "scheme": "thesaurus"
      },
      {
        "term": "Physical Oceanography",
        "identifier": "North Pacific Ecosystem Metadatabase:Physical Oceanography",
        "scheme": "thesaurus"
      },
      {
        "term": "Marine Life",
        "identifier": "North Pacific Ecosystem Metadatabase:Marine Life",
        "scheme": "thesaurus"
      },
      {
        "term": "Ocean Environment",
        "identifier": "North Pacific Ecosystem Metadatabase:Ocean Environment",
        "scheme": "thesaurus"
      }
    ],
    "publisher": "North Pacific Marine Science Organization"
  },
  "original_fgdc_file": "FGDC-4070.xml",
  "character_analysis": {
    "fgdc_total_chars": 4668,
    "fgdc_data_chars": 386,
    "zenodo_total_chars": 2600,
    "zenodo_data_chars": 1013,
    "char_difference": 627,
    "char_ratio": 2.6243523316062176,
    "data_preservation_ratio": 2.6243523316062176
  },
  "enhanced_metrics": {
    "file_info": {
      "fgdc_size_bytes": 4668,
      "fgdc_size_kb": 4.56,
      "zenodo_size_bytes": 2600,
      "zenodo_size_kb": 2.54,
      "filename": "FGDC-4070.xml",
      "timestamp": "2025-10-11T23:39:52.834298"
    },
    "data_preservation": {
      "content_preservation_ratio": 1.157,
      "field_preservation_ratio": 1.364,
      "semantic_preservation_score": 1.0,
      "data_loss_indicators": [],
      "data_gain_indicators": [
        "Significant data enrichment: 588.3% additional structured content added"
      ],
      "content_enrichment_ratio": 5.883
    },
    "field_coverage": {
      "critical_fields_present": 4,
      "critical_fields_total": 4,
      "critical_fields_percentage": 100.0,
      "important_fields_present": 4,
      "important_fields_total": 4,
      "important_fields_percentage": 100.0,
      "optional_fields_present": 4,
      "optional_fields_total": 6,
      "optional_fields_percentage": 66.7,
      "total_fields_present": 12,
      "total_fields_possible": 14,
      "overall_coverage_percentage": 85.7,
      "weighted_coverage_score": 98.2,
      "missing_critical_fields": [],
      "missing_important_fields": [],
      "present_optional_fields": [
        "notes",
        "related_identifiers",
        "contributors",
        "references"
      ]
    },
    "data_quality": {
      "title_quality": {
        "score": 100,
        "issues": [],
        "grade": "A"
      },
      "creator_quality": {
        "score": 95,
        "issues": [
          "Creator 1 name format unclear"
        ],
        "grade": "A"
      },
      "description_quality": {
        "score": 85,
        "issues": [
          "Description should have multiple sentences"
        ],
        "grade": "B"
      },
      "keyword_quality": {
        "score": 100,
        "issues": [],
        "grade": "A"
      },
      "date_quality": {
        "score": 100,
        "issues": [],
        "grade": "A"
      },
      "license_quality": {
        "score": 100,
        "issues": [],
        "grade": "A"
      },
      "overall_quality_score": 96.7,
      "quality_grade": "EXCELLENT"
    },
    "transformation_effectiveness": {
      "mapping_completeness": 15.0,
      "data_enrichment_score": 50.0,
      "format_compliance": 100.0,
      "semantic_accuracy": 85.0,
      "overall_effectiveness_score": 62.5,
      "field_mapping_breakdown": {
        "total_fgdc_fields": 60,
        "directly_mapped_fields": 9,
        "fields_in_notes": 51,
        "unmapped_fields": 0,
        "direct_mapping_percentage": 15.0,
        "notes_mapping_percentage": 85.0,
        "total_preservation_percentage": 100.0,
        "mapping_details": {
          "directly_mapped": [
            {
              "fgdc_field": "origin",
              "zenodo_field": "creators",
              "value": "Census of Marine Life and Rutgers, The State University of New Jersey"
            },
            {
              "fgdc_field": "pubdate",
              "zenodo_field": "publication_date",
              "value": "Unknown"
            },
            {
              "fgdc_field": "title",
              "zenodo_field": "title",
              "value": "Ocean Biogeographic Information System (OBIS), Alaska"
            },
            {
              "fgdc_field": "themekey",
              "zenodo_field": "keywords",
              "value": "Ocean Environment"
            },
            {
              "fgdc_field": "themekey",
              "zenodo_field": "keywords",
              "value": "Ocean Environment"
            },
            {
              "fgdc_field": "themekey",
              "zenodo_field": "keywords",
              "value": "Ocean Environment"
            },
            {
              "fgdc_field": "themekey",
              "zenodo_field": "keywords",
              "value": "Ocean Environment"
            },
            {
              "fgdc_field": "themekey",
              "zenodo_field": "keywords",
              "value": "Ocean Environment"
            },
            {
              "fgdc_field": "themekey",
              "zenodo_field": "keywords",
              "value": "Ocean Environment"
            }
          ],
          "notes_mapped": [
            {
              "fgdc_field": "p",
              "reason": "Found in notes or other fields",
              "value": "The Ocean Biogeographic Information System (OBIS) was established by the Census of Marine Life progr..."
            },
            {
              "fgdc_field": "p",
              "reason": "Found in notes or other fields",
              "value": "The Ocean Biogeographic Information System (OBIS) was established by the Census of Marine Life progr..."
            },
            {
              "fgdc_field": "p",
              "reason": "Found in notes or other fields",
              "value": "The Ocean Biogeographic Information System (OBIS) was established by the Census of Marine Life progr..."
            },
            {
              "fgdc_field": "p",
              "reason": "Found in notes or other fields",
              "value": "The Ocean Biogeographic Information System (OBIS) was established by the Census of Marine Life progr..."
            },
            {
              "fgdc_field": "current",
              "reason": "Standard notes field",
              "value": "Publication Date"
            },
            {
              "fgdc_field": "progress",
              "reason": "Standard notes field",
              "value": "In Progress"
            },
            {
              "fgdc_field": "update",
              "reason": "Standard notes field",
              "value": "Unknown"
            },
            {
              "fgdc_field": "westbc",
              "reason": "Standard notes field",
              "value": "0"
            },
            {
              "fgdc_field": "eastbc",
              "reason": "Standard notes field",
              "value": "0"
            },
            {
              "fgdc_field": "northbc",
              "reason": "Standard notes field",
              "value": "0"
            },
            {
              "fgdc_field": "southbc",
              "reason": "Standard notes field",
              "value": "0"
            },
            {
              "fgdc_field": "themekt",
              "reason": "Standard notes field",
              "value": "Other"
            },
            {
              "fgdc_field": "themekt",
              "reason": "Standard notes field",
              "value": "Other"
            },
            {
              "fgdc_field": "accconst",
              "reason": "Standard notes field",
              "value": "None"
            },
            {
              "fgdc_field": "useconst",
              "reason": "Standard notes field",
              "value": "None"
            },
            {
              "fgdc_field": "cntper",
              "reason": "Standard notes field",
              "value": "Kimberly Bahl"
            },
            {
              "fgdc_field": "addrtype",
              "reason": "Standard notes field",
              "value": "Mailing and Physical Address"
            },
            {
              "fgdc_field": "address",
              "reason": "Standard notes field",
              "value": "NOAA / AFSC / PMEL, 7600 Sand Point Way N.E."
            },
            {
              "fgdc_field": "city",
              "reason": "Standard notes field",
              "value": "Seattle"
            },
            {
              "fgdc_field": "state",
              "reason": "Standard notes field",
              "value": "WA"
            },
            {
              "fgdc_field": "postal",
              "reason": "Standard notes field",
              "value": "98115"
            },
            {
              "fgdc_field": "country",
              "reason": "Standard notes field",
              "value": "USA"
            },
            {
              "fgdc_field": "cntvoice",
              "reason": "Standard notes field",
              "value": "206-526-4314"
            },
            {
              "fgdc_field": "cntfax",
              "reason": "Standard notes field",
              "value": "206-526-6485"
            },
            {
              "fgdc_field": "cntemail",
              "reason": "Standard notes field",
              "value": "kimberly.bahl@noaa.gov"
            },
            {
              "fgdc_field": "cntper",
              "reason": "Standard notes field",
              "value": "Kimberly Bahl"
            },
            {
              "fgdc_field": "addrtype",
              "reason": "Standard notes field",
              "value": "Mailing and Physical Address"
            },
            {
              "fgdc_field": "address",
              "reason": "Standard notes field",
              "value": "NOAA / AFSC / PMEL, 7600 Sand Point Way N.E."
            },
            {
              "fgdc_field": "city",
              "reason": "Standard notes field",
              "value": "Seattle"
            },
            {
              "fgdc_field": "state",
              "reason": "Standard notes field",
              "value": "WA"
            },
            {
              "fgdc_field": "postal",
              "reason": "Standard notes field",
              "value": "98115"
            },
            {
              "fgdc_field": "country",
              "reason": "Standard notes field",
              "value": "USA"
            },
            {
              "fgdc_field": "cntvoice",
              "reason": "Standard notes field",
              "value": "206-526-4314"
            },
            {
              "fgdc_field": "cntfax",
              "reason": "Standard notes field",
              "value": "206-526-6485"
            },
            {
              "fgdc_field": "cntemail",
              "reason": "Standard notes field",
              "value": "kimberly.bahl@noaa.gov"
            },
            {
              "fgdc_field": "distliab",
              "reason": "Standard notes field",
              "value": "While every effort has been made to ensure that these data are accurate and reliable within the limi..."
            },
            {
              "fgdc_field": "metd",
              "reason": "Standard notes field",
              "value": "20060330"
            },
            {
              "fgdc_field": "cntper",
              "reason": "Standard notes field",
              "value": "Kimberly Bahl"
            },
            {
              "fgdc_field": "addrtype",
              "reason": "Standard notes field",
              "value": "Mailing and Physical Address"
            },
            {
              "fgdc_field": "address",
              "reason": "Standard notes field",
              "value": "NOAA / AFSC / PMEL, 7600 Sand Point Way N.E."
            },
            {
              "fgdc_field": "city",
              "reason": "Standard notes field",
              "value": "Seattle"
            },
            {
              "fgdc_field": "state",
              "reason": "Standard notes field",
              "value": "WA"
            },
            {
              "fgdc_field": "postal",
              "reason": "Standard notes field",
              "value": "98115"
            },
            {
              "fgdc_field": "country",
              "reason": "Standard notes field",
              "value": "USA"
            },
            {
              "fgdc_field": "cntvoice",
              "reason": "Standard notes field",
              "value": "206-526-4314"
            },
            {
              "fgdc_field": "cntfax",
              "reason": "Standard notes field",
              "value": "206-526-6485"
            },
            {
              "fgdc_field": "cntemail",
              "reason": "Standard notes field",
              "value": "kimberly.bahl@noaa.gov"
            },
            {
              "fgdc_field": "metstdn",
              "reason": "Standard notes field",
              "value": "Content Standards for Digital Geospatial Metadata"
            },
            {
              "fgdc_field": "metstdv",
              "reason": "Standard notes field",
              "value": "FGDC-STD-001-1998"
            },
            {
              "fgdc_field": "metac",
              "reason": "Standard notes field",
              "value": "None"
            },
            {
              "fgdc_field": "metuc",
              "reason": "Standard notes field",
              "value": "None"
            }
          ],
          "unmapped": []
        }
      }
    },
    "compliance": {
      "zenodo_required_fields": 4,
      "zenodo_required_total": 4,
      "zenodo_required_percentage": 100.0,
      "zenodo_recommended_fields": 6,
      "zenodo_recommended_total": 6,
      "zenodo_recommended_percentage": 100.0,
      "pices_community_present": true,
      "open_access_compliant": true,
      "license_compliant": true,
      "overall_compliance_score": 100.0
    },
    "overall_score": 98.7,
    "overall_grade": "EXCELLENT"
  },
  "files": [
    {
      "path": "output/data/original_fgdc/FGDC-4070.xml",
      "description": "Original FGDC metadata XML",
      "type": "fgdc_xml"
    }
  ]
}