{
  "metadata": {
    "title": "Internal Deformation of the Gorda Plate Observed by Hydroacoustic Monitoring",
    "upload_type": "dataset",
    "publication_date": "1997-01-01",
    "creators": [
      {
        "name": "National Oceanic",
        "type": "Organization"
      },
      {
        "name": "Atmospheric Administration (NOAA)",
        "type": "Organization"
      },
      {
        "name": "Office",
        "type": "Organization"
      }
    ],
    "description": "On August 29, 1991, the National Oceanic and Atmospheric Administration VENTS Program began monitoring the northeast Pacific Ocean plate boundaries using\ncontinuously recorded data from the U.S. Navyﾒs Sound Surveillance System (SOSUS) hydrophone arrays. Routine detection and location of small (2.4  M  3.5)\nearthquakes revealed a NNE-SSW trending band of seismicity through the center of the Gorda Plate. The majority of the earthquakes in the band were not\ndetected by land-based seismic networks. This band of microearthquakes was active from the initiation of SOSUS monitoring in August 1991 through July 1992, at\na rate of ~20 events per week. Since August 1992, however, the activity has effectively ceased. Some of the microearthquakes in the band are likely aftershocks to\nthree large (M > 6) mid Gorda Plate earthquakes that occurred 1-2 months prior to the beginning of SOSUS monitoring. The hydroacoustically detected events in\nthe band, however, do not occur in the proximity of the M > 6 events, and the activity level increased several months afterward, suggesting the microseismicity\nband represents a more general pattern of deformation within the Gorda Plate. The cessation of the midplate activity follows the occurrence of a large earthquake\nsequence in the adjacent Cascadia Subduction Zone in April 1992. It is proposed that the band of microseismicity and the three large midplate events reflect an\naccumulation of stress in the Gorda Plate, with the eventual termination of this pattern due to stress reduction associated with movement in the adjacent subduction\nzone. Stress field modeling of the region yields results consistent with this interpretation.",
    "access_right": "open",
    "license": "cc-zero",
    "keywords": [
      "North Pacific Ocean"
    ],
    "notes": "Status: Complete\n\nMaintenance frequency: None Planned\n\nAccess constraints: Check with Contributor\n\nUse constraints: Check with Contributor\n\nDistribution liability: While every effort has been made to ensure that these data are accurate and reliable within the limits of the current state of the art, NOAA cannot assume liability for any damages caused by any errors or omissions in the data, nor as a result of the failure of the data to function on a particular system. NOAA makes no warranty, expressed or implied, nor does the fact of distribution constitute such a warranty.\n\nFGDC metadata date: 20010308\nFGDC metadata contact: Kimberly Bahl\nFGDC metadata standard: Content Standards for Digital Geospatial Metadata (version: FGDC-STD-001-1998)",
    "related_identifiers": [],
    "contributors": [
      {
        "name": "Fox, Christopher G.",
        "type": "ContactPerson"
      },
      {
        "name": "Fox, Christopher G.",
        "type": "Distributor"
      },
      {
        "name": "North Pacific Marine Science Organization (PICES)",
        "type": "Distributor"
      }
    ],
    "references": [],
    "communities": [
      {
        "identifier": "pices"
      }
    ],
    "subjects": [],
    "publisher": "North Pacific Marine Science Organization"
  },
  "original_fgdc_file": "FGDC-1252.xml",
  "character_analysis": {
    "fgdc_total_chars": 5142,
    "fgdc_data_chars": 2150,
    "zenodo_total_chars": 3481,
    "zenodo_data_chars": 2665,
    "char_difference": 515,
    "char_ratio": 1.2395348837209301,
    "data_preservation_ratio": 1.2395348837209301
  },
  "enhanced_metrics": {
    "file_info": {
      "fgdc_size_bytes": 5142,
      "fgdc_size_kb": 5.02,
      "zenodo_size_bytes": 3481,
      "zenodo_size_kb": 3.4,
      "filename": "FGDC-1252.xml",
      "timestamp": "2025-10-11T23:39:33.170187"
    },
    "data_preservation": {
      "content_preservation_ratio": 0.971,
      "field_preservation_ratio": 2.143,
      "semantic_preservation_score": 0.970632911392405,
      "data_loss_indicators": [],
      "data_gain_indicators": [
        "Significant data enrichment: 45.2% additional structured content added"
      ],
      "content_enrichment_ratio": 0.452
    },
    "field_coverage": {
      "critical_fields_present": 4,
      "critical_fields_total": 4,
      "critical_fields_percentage": 100.0,
      "important_fields_present": 4,
      "important_fields_total": 4,
      "important_fields_percentage": 100.0,
      "optional_fields_present": 4,
      "optional_fields_total": 6,
      "optional_fields_percentage": 66.7,
      "total_fields_present": 12,
      "total_fields_possible": 14,
      "overall_coverage_percentage": 85.7,
      "weighted_coverage_score": 98.2,
      "missing_critical_fields": [],
      "missing_important_fields": [],
      "present_optional_fields": [
        "notes",
        "related_identifiers",
        "contributors",
        "references"
      ]
    },
    "data_quality": {
      "title_quality": {
        "score": 100,
        "issues": [],
        "grade": "A"
      },
      "creator_quality": {
        "score": 95,
        "issues": [
          "Creator 3 name format unclear"
        ],
        "grade": "A"
      },
      "description_quality": {
        "score": 100,
        "issues": [],
        "grade": "A"
      },
      "keyword_quality": {
        "score": 70,
        "issues": [
          "Too few keywords"
        ],
        "grade": "C"
      },
      "date_quality": {
        "score": 100,
        "issues": [],
        "grade": "A"
      },
      "license_quality": {
        "score": 100,
        "issues": [],
        "grade": "A"
      },
      "overall_quality_score": 94.2,
      "quality_grade": "GOOD"
    },
    "transformation_effectiveness": {
      "mapping_completeness": 10.2,
      "data_enrichment_score": 50.0,
      "format_compliance": 100.0,
      "semantic_accuracy": 85.0,
      "overall_effectiveness_score": 61.3,
      "field_mapping_breakdown": {
        "total_fgdc_fields": 49,
        "directly_mapped_fields": 5,
        "fields_in_notes": 44,
        "unmapped_fields": 0,
        "direct_mapping_percentage": 10.2,
        "notes_mapping_percentage": 89.8,
        "total_preservation_percentage": 100.0,
        "mapping_details": {
          "directly_mapped": [
            {
              "fgdc_field": "origin",
              "zenodo_field": "creators",
              "value": "National Oceanic and Atmospheric Administration (NOAA), Office of Oceanic and Atmospheric Research (..."
            },
            {
              "fgdc_field": "pubdate",
              "zenodo_field": "publication_date",
              "value": "1997"
            },
            {
              "fgdc_field": "title",
              "zenodo_field": "title",
              "value": "Internal Deformation of the Gorda Plate Observed by Hydroacoustic Monitoring"
            },
            {
              "fgdc_field": "abstract",
              "zenodo_field": "description",
              "value": "On August 29, 1991, the National Oceanic and Atmospheric Administration VENTS Program began monitori..."
            },
            {
              "fgdc_field": "themekey",
              "zenodo_field": "keywords",
              "value": "North Pacific Ocean"
            }
          ],
          "notes_mapped": [
            {
              "fgdc_field": "current",
              "reason": "Standard notes field",
              "value": "Publication Date"
            },
            {
              "fgdc_field": "progress",
              "reason": "Standard notes field",
              "value": "Complete"
            },
            {
              "fgdc_field": "update",
              "reason": "Standard notes field",
              "value": "None Planned"
            },
            {
              "fgdc_field": "westbc",
              "reason": "Standard notes field",
              "value": "-127"
            },
            {
              "fgdc_field": "eastbc",
              "reason": "Standard notes field",
              "value": "-123.5"
            },
            {
              "fgdc_field": "northbc",
              "reason": "Standard notes field",
              "value": "42"
            },
            {
              "fgdc_field": "southbc",
              "reason": "Standard notes field",
              "value": "40"
            },
            {
              "fgdc_field": "themekt",
              "reason": "Standard notes field",
              "value": "Other"
            },
            {
              "fgdc_field": "accconst",
              "reason": "Standard notes field",
              "value": "Check with Contributor"
            },
            {
              "fgdc_field": "useconst",
              "reason": "Standard notes field",
              "value": "Check with Contributor"
            },
            {
              "fgdc_field": "cntper",
              "reason": "Standard notes field",
              "value": "Kimberly Bahl"
            },
            {
              "fgdc_field": "addrtype",
              "reason": "Standard notes field",
              "value": "Mailing and Physical Address"
            },
            {
              "fgdc_field": "address",
              "reason": "Standard notes field",
              "value": "NOAA / AFSC / PMEL, 7600 Sand Point Way N.E."
            },
            {
              "fgdc_field": "city",
              "reason": "Standard notes field",
              "value": "Seattle"
            },
            {
              "fgdc_field": "state",
              "reason": "Standard notes field",
              "value": "WA"
            },
            {
              "fgdc_field": "postal",
              "reason": "Standard notes field",
              "value": "98115"
            },
            {
              "fgdc_field": "country",
              "reason": "Standard notes field",
              "value": "USA"
            },
            {
              "fgdc_field": "cntvoice",
              "reason": "Standard notes field",
              "value": "206-526-4314"
            },
            {
              "fgdc_field": "cntemail",
              "reason": "Standard notes field",
              "value": "kimberly.bahl@noaa.gov"
            },
            {
              "fgdc_field": "cntper",
              "reason": "Standard notes field",
              "value": "Kimberly Bahl"
            },
            {
              "fgdc_field": "addrtype",
              "reason": "Standard notes field",
              "value": "Mailing and Physical Address"
            },
            {
              "fgdc_field": "address",
              "reason": "Standard notes field",
              "value": "NOAA / AFSC / PMEL, 7600 Sand Point Way N.E."
            },
            {
              "fgdc_field": "city",
              "reason": "Standard notes field",
              "value": "Seattle"
            },
            {
              "fgdc_field": "state",
              "reason": "Standard notes field",
              "value": "WA"
            },
            {
              "fgdc_field": "postal",
              "reason": "Standard notes field",
              "value": "98115"
            },
            {
              "fgdc_field": "country",
              "reason": "Standard notes field",
              "value": "USA"
            },
            {
              "fgdc_field": "cntvoice",
              "reason": "Standard notes field",
              "value": "206-526-4314"
            },
            {
              "fgdc_field": "cntemail",
              "reason": "Standard notes field",
              "value": "kimberly.bahl@noaa.gov"
            },
            {
              "fgdc_field": "distliab",
              "reason": "Standard notes field",
              "value": "While every effort has been made to ensure that these data are accurate and reliable within the limi..."
            },
            {
              "fgdc_field": "metd",
              "reason": "Standard notes field",
              "value": "20010308"
            },
            {
              "fgdc_field": "cntper",
              "reason": "Standard notes field",
              "value": "Kimberly Bahl"
            },
            {
              "fgdc_field": "addrtype",
              "reason": "Standard notes field",
              "value": "Mailing and Physical Address"
            },
            {
              "fgdc_field": "address",
              "reason": "Standard notes field",
              "value": "NOAA / AFSC / PMEL, 7600 Sand Point Way N.E."
            },
            {
              "fgdc_field": "city",
              "reason": "Standard notes field",
              "value": "Seattle"
            },
            {
              "fgdc_field": "state",
              "reason": "Standard notes field",
              "value": "WA"
            },
            {
              "fgdc_field": "postal",
              "reason": "Standard notes field",
              "value": "98115"
            },
            {
              "fgdc_field": "country",
              "reason": "Standard notes field",
              "value": "USA"
            },
            {
              "fgdc_field": "cntvoice",
              "reason": "Standard notes field",
              "value": "206-526-4314"
            },
            {
              "fgdc_field": "cntfax",
              "reason": "Standard notes field",
              "value": "206-526-6485"
            },
            {
              "fgdc_field": "cntemail",
              "reason": "Standard notes field",
              "value": "kimberly.bahl@noaa.gov"
            },
            {
              "fgdc_field": "metstdn",
              "reason": "Standard notes field",
              "value": "Content Standards for Digital Geospatial Metadata"
            },
            {
              "fgdc_field": "metstdv",
              "reason": "Standard notes field",
              "value": "FGDC-STD-001-1998"
            },
            {
              "fgdc_field": "metac",
              "reason": "Standard notes field",
              "value": "Check with Contributor"
            },
            {
              "fgdc_field": "metuc",
              "reason": "Standard notes field",
              "value": "Check with Contributor"
            }
          ],
          "unmapped": []
        }
      }
    },
    "compliance": {
      "zenodo_required_fields": 4,
      "zenodo_required_total": 4,
      "zenodo_required_percentage": 100.0,
      "zenodo_recommended_fields": 6,
      "zenodo_recommended_total": 6,
      "zenodo_recommended_percentage": 100.0,
      "pices_community_present": true,
      "open_access_compliant": true,
      "license_compliant": true,
      "overall_compliance_score": 100.0
    },
    "overall_score": 91.4,
    "overall_grade": "GOOD"
  },
  "files": [
    {
      "path": "output/data/original_fgdc/FGDC-1252.xml",
      "description": "Original FGDC metadata XML",
      "type": "fgdc_xml"
    }
  ]
}