{
  "metadata": {
    "title": "Russian Operations Satellite Data for the Northwestern Pacific, Japan, Sea of Okhotsk, and Western Bering Sea",
    "upload_type": "dataset",
    "publication_date": "2003-12-16",
    "creators": [
      {
        "name": "Inter-Institute Centre",
        "type": "Organization"
      }
    ],
    "description": "Operational satellite data are available from the northwestern Pacific, Japan, Okhotsk and western Bering Sea from the Far Eastern Regional Receiving Center in Khabarovsk (FERRC), which holds historical data from Russian Meteor Kosmos, Ocean and Resurs and NOAA satellites services since the 1970s, and receives operational information.  The Inter-Institute Center for Satellite Monitoring of the Environment in Vladivostok maintains time-series from NOAA AVHRR from January 1999.  \n\n\n[ Reference: PICES Scientific Report No. 18 2001, Proceedings of the PICES/CoML/IPRC Workshop on \"Impact of Climate Variability on Observation and Prediction of Ecosystem and Biodiversity Changes in the North Pacific\", http://www.pices.int/publications/scientific_reports/Report18/default.aspx. ]",
    "access_right": "open",
    "license": "cc-zero",
    "keywords": [
      "Satellite Images",
      "Sea of Okhotsk",
      "Western Bering Sea",
      "Japan",
      "North Pacific Ocean"
    ],
    "notes": "Status: In Progress\n\nMaintenance frequency: Unknown\n\nAccess constraints: Contact Source\n\nUse constraints: Contact Source\n\nDistribution liability: While every effort has been made to ensure that these data are accurate and reliable within the limits of the current state of the art, NOAA cannot assume liability for any damages caused by any errors or omissions in the data, nor as a result of the failure of the data to function on a particular system. NOAA makes no warranty, expressed or implied, nor does the fact of distribution constitute such a warranty.\n\nFGDC metadata date: 20031216\nFGDC metadata contact: Kimberly Bahl\nFGDC metadata standard: Content Standards for Digital Geospatial Metadata (version: FGDC-STD-001-1998)",
    "related_identifiers": [],
    "contributors": [
      {
        "name": "Herbeck, Emil E.",
        "type": "ContactPerson"
      },
      {
        "name": "Herbeck, Emil E.",
        "type": "Distributor"
      }
    ],
    "references": [],
    "communities": [
      {
        "identifier": "pices"
      }
    ],
    "subjects": []
  },
  "original_fgdc_file": "FGDC-1751.xml",
  "character_analysis": {
    "fgdc_total_chars": 4322,
    "fgdc_data_chars": 1226,
    "zenodo_total_chars": 2345,
    "zenodo_data_chars": 1746,
    "char_difference": 520,
    "char_ratio": 1.4241435562805873,
    "data_preservation_ratio": 1.4241435562805873
  },
  "enhanced_metrics": {
    "file_info": {
      "fgdc_size_bytes": 4322,
      "fgdc_size_kb": 4.22,
      "zenodo_size_bytes": 2345,
      "zenodo_size_kb": 2.29,
      "filename": "FGDC-1751.xml",
      "timestamp": "2025-10-11T19:55:02.105153"
    },
    "data_preservation": {
      "content_preservation_ratio": 0.946,
      "field_preservation_ratio": 1.273,
      "semantic_preservation_score": 0.9463781749764817,
      "data_loss_indicators": [],
      "data_gain_indicators": [
        "Significant data enrichment: 76.1% additional structured content added"
      ],
      "content_enrichment_ratio": 0.761
    },
    "field_coverage": {
      "critical_fields_present": 4,
      "critical_fields_total": 4,
      "critical_fields_percentage": 100.0,
      "important_fields_present": 4,
      "important_fields_total": 4,
      "important_fields_percentage": 100.0,
      "optional_fields_present": 4,
      "optional_fields_total": 6,
      "optional_fields_percentage": 66.7,
      "total_fields_present": 12,
      "total_fields_possible": 14,
      "overall_coverage_percentage": 85.7,
      "weighted_coverage_score": 98.2,
      "missing_critical_fields": [],
      "missing_important_fields": [],
      "present_optional_fields": [
        "notes",
        "related_identifiers",
        "contributors",
        "references"
      ]
    },
    "data_quality": {
      "title_quality": {
        "score": 100,
        "issues": [],
        "grade": "A"
      },
      "creator_quality": {
        "score": 100,
        "issues": [],
        "grade": "A"
      },
      "description_quality": {
        "score": 100,
        "issues": [],
        "grade": "A"
      },
      "keyword_quality": {
        "score": 100,
        "issues": [],
        "grade": "A"
      },
      "date_quality": {
        "score": 100,
        "issues": [],
        "grade": "A"
      },
      "license_quality": {
        "score": 100,
        "issues": [],
        "grade": "A"
      },
      "overall_quality_score": 100.0,
      "quality_grade": "EXCELLENT"
    },
    "transformation_effectiveness": {
      "mapping_completeness": 17.0,
      "data_enrichment_score": 50.0,
      "format_compliance": 100.0,
      "semantic_accuracy": 85.0,
      "overall_effectiveness_score": 63.0,
      "field_mapping_breakdown": {
        "total_fgdc_fields": 53,
        "directly_mapped_fields": 9,
        "fields_in_notes": 44,
        "unmapped_fields": 0,
        "direct_mapping_percentage": 17.0,
        "notes_mapping_percentage": 83.0,
        "total_preservation_percentage": 100.0,
        "mapping_details": {
          "directly_mapped": [
            {
              "fgdc_field": "origin",
              "zenodo_field": "creators",
              "value": "Inter-Institute Centre for the Satellite Monitoring of Environment"
            },
            {
              "fgdc_field": "pubdate",
              "zenodo_field": "publication_date",
              "value": "Unknown"
            },
            {
              "fgdc_field": "title",
              "zenodo_field": "title",
              "value": "Russian Operations Satellite Data for the Northwestern Pacific, Japan, Sea of Okhotsk, and Western B..."
            },
            {
              "fgdc_field": "abstract",
              "zenodo_field": "description",
              "value": "Operational satellite data are available from the northwestern Pacific, Japan, Okhotsk and western B..."
            },
            {
              "fgdc_field": "themekey",
              "zenodo_field": "keywords",
              "value": "North Pacific Ocean"
            },
            {
              "fgdc_field": "themekey",
              "zenodo_field": "keywords",
              "value": "North Pacific Ocean"
            },
            {
              "fgdc_field": "themekey",
              "zenodo_field": "keywords",
              "value": "North Pacific Ocean"
            },
            {
              "fgdc_field": "themekey",
              "zenodo_field": "keywords",
              "value": "North Pacific Ocean"
            },
            {
              "fgdc_field": "themekey",
              "zenodo_field": "keywords",
              "value": "North Pacific Ocean"
            }
          ],
          "notes_mapped": [
            {
              "fgdc_field": "current",
              "reason": "Standard notes field",
              "value": "Ground Condition"
            },
            {
              "fgdc_field": "progress",
              "reason": "Standard notes field",
              "value": "In Progress"
            },
            {
              "fgdc_field": "update",
              "reason": "Standard notes field",
              "value": "Unknown"
            },
            {
              "fgdc_field": "westbc",
              "reason": "Standard notes field",
              "value": "150"
            },
            {
              "fgdc_field": "eastbc",
              "reason": "Standard notes field",
              "value": "157"
            },
            {
              "fgdc_field": "northbc",
              "reason": "Standard notes field",
              "value": "55"
            },
            {
              "fgdc_field": "southbc",
              "reason": "Standard notes field",
              "value": "45"
            },
            {
              "fgdc_field": "themekt",
              "reason": "Standard notes field",
              "value": "Other"
            },
            {
              "fgdc_field": "accconst",
              "reason": "Standard notes field",
              "value": "Contact Source"
            },
            {
              "fgdc_field": "useconst",
              "reason": "Standard notes field",
              "value": "Contact Source"
            },
            {
              "fgdc_field": "cntper",
              "reason": "Standard notes field",
              "value": "Kimberly Bahl"
            },
            {
              "fgdc_field": "addrtype",
              "reason": "Standard notes field",
              "value": "Mailing and Physical Address"
            },
            {
              "fgdc_field": "address",
              "reason": "Standard notes field",
              "value": "NOAA / AFSC / PMEL, 7600 Sand Point Way N.E."
            },
            {
              "fgdc_field": "city",
              "reason": "Standard notes field",
              "value": "Seattle"
            },
            {
              "fgdc_field": "postal",
              "reason": "Standard notes field",
              "value": "98115"
            },
            {
              "fgdc_field": "country",
              "reason": "Standard notes field",
              "value": "USA"
            },
            {
              "fgdc_field": "cntvoice",
              "reason": "Standard notes field",
              "value": "206-526-4314"
            },
            {
              "fgdc_field": "cntfax",
              "reason": "Standard notes field",
              "value": "206-526-6485"
            },
            {
              "fgdc_field": "cntemail",
              "reason": "Standard notes field",
              "value": "kimberly.bahl@noaa.gov"
            },
            {
              "fgdc_field": "cntper",
              "reason": "Standard notes field",
              "value": "Kimberly Bahl"
            },
            {
              "fgdc_field": "addrtype",
              "reason": "Standard notes field",
              "value": "Mailing and Physical Address"
            },
            {
              "fgdc_field": "address",
              "reason": "Standard notes field",
              "value": "NOAA / AFSC / PMEL, 7600 Sand Point Way N.E."
            },
            {
              "fgdc_field": "city",
              "reason": "Standard notes field",
              "value": "Seattle"
            },
            {
              "fgdc_field": "postal",
              "reason": "Standard notes field",
              "value": "98115"
            },
            {
              "fgdc_field": "country",
              "reason": "Standard notes field",
              "value": "USA"
            },
            {
              "fgdc_field": "cntvoice",
              "reason": "Standard notes field",
              "value": "206-526-4314"
            },
            {
              "fgdc_field": "cntfax",
              "reason": "Standard notes field",
              "value": "206-526-6485"
            },
            {
              "fgdc_field": "cntemail",
              "reason": "Standard notes field",
              "value": "kimberly.bahl@noaa.gov"
            },
            {
              "fgdc_field": "distliab",
              "reason": "Standard notes field",
              "value": "While every effort has been made to ensure that these data are accurate and reliable within the limi..."
            },
            {
              "fgdc_field": "metd",
              "reason": "Standard notes field",
              "value": "20031216"
            },
            {
              "fgdc_field": "cntper",
              "reason": "Standard notes field",
              "value": "Kimberly Bahl"
            },
            {
              "fgdc_field": "addrtype",
              "reason": "Standard notes field",
              "value": "Mailing and Physical Address"
            },
            {
              "fgdc_field": "address",
              "reason": "Standard notes field",
              "value": "NOAA / AFSC / PMEL, 7600 Sand Point Way N.E."
            },
            {
              "fgdc_field": "city",
              "reason": "Standard notes field",
              "value": "Seattle"
            },
            {
              "fgdc_field": "state",
              "reason": "Standard notes field",
              "value": "WA"
            },
            {
              "fgdc_field": "postal",
              "reason": "Standard notes field",
              "value": "98115"
            },
            {
              "fgdc_field": "country",
              "reason": "Standard notes field",
              "value": "USA"
            },
            {
              "fgdc_field": "cntvoice",
              "reason": "Standard notes field",
              "value": "206-526-4314"
            },
            {
              "fgdc_field": "cntfax",
              "reason": "Standard notes field",
              "value": "206-526-6485"
            },
            {
              "fgdc_field": "cntemail",
              "reason": "Standard notes field",
              "value": "kimberly.bahl@noaa.gov"
            },
            {
              "fgdc_field": "metstdn",
              "reason": "Standard notes field",
              "value": "Content Standards for Digital Geospatial Metadata"
            },
            {
              "fgdc_field": "metstdv",
              "reason": "Standard notes field",
              "value": "FGDC-STD-001-1998"
            },
            {
              "fgdc_field": "metac",
              "reason": "Standard notes field",
              "value": "Contact Source"
            },
            {
              "fgdc_field": "metuc",
              "reason": "Standard notes field",
              "value": "Contact Source"
            }
          ],
          "unmapped": []
        }
      }
    },
    "compliance": {
      "zenodo_required_fields": 4,
      "zenodo_required_total": 4,
      "zenodo_required_percentage": 100.0,
      "zenodo_recommended_fields": 6,
      "zenodo_recommended_total": 6,
      "zenodo_recommended_percentage": 100.0,
      "pices_community_present": true,
      "open_access_compliant": true,
      "license_compliant": true,
      "overall_compliance_score": 100.0
    },
    "overall_score": 90.9
  },
  "files": [
    {
      "path": "output/data/original_fgdc/FGDC-1751.xml",
      "description": "Original FGDC metadata XML",
      "type": "fgdc_xml"
    }
  ]
}