{
  "metadata": {
    "title": "Patterns of Event and Chronic Hydrothermal Venting following a Magmatic Intrusion: New Perspectives from the 1996 Gorda Ridge Eruption",
    "upload_type": "dataset",
    "publication_date": "1999-01-01",
    "creators": [
      {
        "name": "National Oceanic",
        "type": "Organization"
      },
      {
        "name": "Atmospheric Administration (NOAA)",
        "type": "Organization"
      },
      {
        "name": "Office",
        "type": "Organization"
      }
    ],
    "description": "The remote detection of a seismic swarm on the northern Gorda Ridge on 28 February 1996 prompted a three-cruise response effort to\ninvestigate event and chronic hydrothermal discharge associated with a dike intrusion. The GR1 cruise reached the northern Gorda only\n10 days after seismicity began and discovered a 15 km diameter event plume, EP96A, centered between depths 1800 and 2800 m above\nthe shallowest portion of the axial valley axis (~3100 m). One month later, GR2 returned and found only a weak, near-bottom chronic\nplume at the EP96A site. A few kilometers to the south, however, GR2 mapped a distinctly different chronic plume (~2500-2900 m\ndepth) as well as the edge of a second event plume, EP96B (~1800-2400-m depth), above the western wall of the axial valley. EP96B\nwas seeded with a neutrally buoyant float, which traveled 10 net km to the northwest before surfacing on 10 June at the start of GR3.\nMapping around the float location fully revealed EP96B, a 10 km diameter plume with a heat content ~25% that of EP96A. Extensive\nobservations within the axial valley determined that chronic venting was effectively exhausted within three months. Models seeking to\nexplain the perturbation of hydrothermal venting by a dike intrusion and eruption must satisfy several criteria generalized from this and\nprevious events: (1) venting begins (or increases) with the intrusion/eruption and declines exponentially afterwards, (2) the time scale of the\npost-intrusion decline varies within and among sites, (3) the discharge of multiple event plumes is common, (4) an existing\nhigh-temperature vent field may not be necessary or even conducive to event plume formation, and (5) the ratio of total chronic to event\ndischarge varies among intrusion events.",
    "access_right": "open",
    "license": "cc-zero",
    "keywords": [
      "North Pacific Ocean"
    ],
    "notes": "Status: Complete\n\nMaintenance frequency: None Planned\n\nAccess constraints: Check with Contributor\n\nUse constraints: Check with Contributor\n\nDistribution liability: While every effort has been made to ensure that these data are accurate and reliable within the limits of the current state of the art, NOAA cannot assume liability for any damages caused by any errors or omissions in the data, nor as a result of the failure of the data to function on a particular system. NOAA makes no warranty, expressed or implied, nor does the fact of distribution constitute such a warranty.\n\nFGDC metadata date: 20010307\nFGDC metadata contact: Kimberly Bahl\nFGDC metadata standard: Content Standards for Digital Geospatial Metadata (version: FGDC-STD-001-1998)",
    "related_identifiers": [],
    "contributors": [
      {
        "name": "Baker, Edward T.",
        "type": "ContactPerson"
      },
      {
        "name": "Baker, Edward T.",
        "type": "Distributor"
      },
      {
        "name": "North Pacific Marine Science Organization (PICES)",
        "type": "Distributor"
      }
    ],
    "references": [],
    "communities": [
      {
        "identifier": "pices"
      }
    ],
    "subjects": [],
    "publisher": "North Pacific Marine Science Organization"
  },
  "original_fgdc_file": "FGDC-1032.xml",
  "character_analysis": {
    "fgdc_total_chars": 5279,
    "fgdc_data_chars": 2279,
    "zenodo_total_chars": 3614,
    "zenodo_data_chars": 2800,
    "char_difference": 521,
    "char_ratio": 1.228609039052216,
    "data_preservation_ratio": 1.228609039052216
  },
  "enhanced_metrics": {
    "file_info": {
      "fgdc_size_bytes": 5279,
      "fgdc_size_kb": 5.16,
      "zenodo_size_bytes": 3614,
      "zenodo_size_kb": 3.53,
      "filename": "FGDC-1032.xml",
      "timestamp": "2025-10-11T23:39:32.125624"
    },
    "data_preservation": {
      "content_preservation_ratio": 0.973,
      "field_preservation_ratio": 2.143,
      "semantic_preservation_score": 0.9725897920604915,
      "data_loss_indicators": [],
      "data_gain_indicators": [
        "Significant data enrichment: 41.9% additional structured content added"
      ],
      "content_enrichment_ratio": 0.419
    },
    "field_coverage": {
      "critical_fields_present": 4,
      "critical_fields_total": 4,
      "critical_fields_percentage": 100.0,
      "important_fields_present": 4,
      "important_fields_total": 4,
      "important_fields_percentage": 100.0,
      "optional_fields_present": 4,
      "optional_fields_total": 6,
      "optional_fields_percentage": 66.7,
      "total_fields_present": 12,
      "total_fields_possible": 14,
      "overall_coverage_percentage": 85.7,
      "weighted_coverage_score": 98.2,
      "missing_critical_fields": [],
      "missing_important_fields": [],
      "present_optional_fields": [
        "notes",
        "related_identifiers",
        "contributors",
        "references"
      ]
    },
    "data_quality": {
      "title_quality": {
        "score": 100,
        "issues": [],
        "grade": "A"
      },
      "creator_quality": {
        "score": 95,
        "issues": [
          "Creator 3 name format unclear"
        ],
        "grade": "A"
      },
      "description_quality": {
        "score": 100,
        "issues": [],
        "grade": "A"
      },
      "keyword_quality": {
        "score": 70,
        "issues": [
          "Too few keywords"
        ],
        "grade": "C"
      },
      "date_quality": {
        "score": 100,
        "issues": [],
        "grade": "A"
      },
      "license_quality": {
        "score": 100,
        "issues": [],
        "grade": "A"
      },
      "overall_quality_score": 94.2,
      "quality_grade": "GOOD"
    },
    "transformation_effectiveness": {
      "mapping_completeness": 10.2,
      "data_enrichment_score": 50.0,
      "format_compliance": 100.0,
      "semantic_accuracy": 85.0,
      "overall_effectiveness_score": 61.3,
      "field_mapping_breakdown": {
        "total_fgdc_fields": 49,
        "directly_mapped_fields": 5,
        "fields_in_notes": 44,
        "unmapped_fields": 0,
        "direct_mapping_percentage": 10.2,
        "notes_mapping_percentage": 89.8,
        "total_preservation_percentage": 100.0,
        "mapping_details": {
          "directly_mapped": [
            {
              "fgdc_field": "origin",
              "zenodo_field": "creators",
              "value": "National Oceanic and Atmospheric Administration (NOAA), Office of Oceanic and Atmospheric Research (..."
            },
            {
              "fgdc_field": "pubdate",
              "zenodo_field": "publication_date",
              "value": "1999"
            },
            {
              "fgdc_field": "title",
              "zenodo_field": "title",
              "value": "Patterns of Event and Chronic Hydrothermal Venting following a Magmatic Intrusion: New Perspectives ..."
            },
            {
              "fgdc_field": "abstract",
              "zenodo_field": "description",
              "value": "The remote detection of a seismic swarm on the northern Gorda Ridge on 28 February 1996 prompted a t..."
            },
            {
              "fgdc_field": "themekey",
              "zenodo_field": "keywords",
              "value": "North Pacific Ocean"
            }
          ],
          "notes_mapped": [
            {
              "fgdc_field": "current",
              "reason": "Standard notes field",
              "value": "Publication Date"
            },
            {
              "fgdc_field": "progress",
              "reason": "Standard notes field",
              "value": "Complete"
            },
            {
              "fgdc_field": "update",
              "reason": "Standard notes field",
              "value": "None Planned"
            },
            {
              "fgdc_field": "westbc",
              "reason": "Standard notes field",
              "value": "-127.5"
            },
            {
              "fgdc_field": "eastbc",
              "reason": "Standard notes field",
              "value": "-126.5"
            },
            {
              "fgdc_field": "northbc",
              "reason": "Standard notes field",
              "value": "43"
            },
            {
              "fgdc_field": "southbc",
              "reason": "Standard notes field",
              "value": "40.5"
            },
            {
              "fgdc_field": "themekt",
              "reason": "Standard notes field",
              "value": "Other"
            },
            {
              "fgdc_field": "accconst",
              "reason": "Standard notes field",
              "value": "Check with Contributor"
            },
            {
              "fgdc_field": "useconst",
              "reason": "Standard notes field",
              "value": "Check with Contributor"
            },
            {
              "fgdc_field": "cntper",
              "reason": "Standard notes field",
              "value": "Kimberly Bahl"
            },
            {
              "fgdc_field": "addrtype",
              "reason": "Standard notes field",
              "value": "Mailing and Physical Address"
            },
            {
              "fgdc_field": "address",
              "reason": "Standard notes field",
              "value": "NOAA / AFSC / PMEL, 7600 Sand Point Way N.E."
            },
            {
              "fgdc_field": "city",
              "reason": "Standard notes field",
              "value": "Seattle"
            },
            {
              "fgdc_field": "state",
              "reason": "Standard notes field",
              "value": "WA"
            },
            {
              "fgdc_field": "postal",
              "reason": "Standard notes field",
              "value": "98115"
            },
            {
              "fgdc_field": "country",
              "reason": "Standard notes field",
              "value": "USA"
            },
            {
              "fgdc_field": "cntvoice",
              "reason": "Standard notes field",
              "value": "206-526-4314"
            },
            {
              "fgdc_field": "cntemail",
              "reason": "Standard notes field",
              "value": "kimberly.bahl@noaa.gov"
            },
            {
              "fgdc_field": "cntper",
              "reason": "Standard notes field",
              "value": "Kimberly Bahl"
            },
            {
              "fgdc_field": "addrtype",
              "reason": "Standard notes field",
              "value": "Mailing and Physical Address"
            },
            {
              "fgdc_field": "address",
              "reason": "Standard notes field",
              "value": "NOAA / AFSC / PMEL, 7600 Sand Point Way N.E."
            },
            {
              "fgdc_field": "city",
              "reason": "Standard notes field",
              "value": "Seattle"
            },
            {
              "fgdc_field": "state",
              "reason": "Standard notes field",
              "value": "WA"
            },
            {
              "fgdc_field": "postal",
              "reason": "Standard notes field",
              "value": "98115"
            },
            {
              "fgdc_field": "country",
              "reason": "Standard notes field",
              "value": "USA"
            },
            {
              "fgdc_field": "cntvoice",
              "reason": "Standard notes field",
              "value": "206-526-4314"
            },
            {
              "fgdc_field": "cntemail",
              "reason": "Standard notes field",
              "value": "kimberly.bahl@noaa.gov"
            },
            {
              "fgdc_field": "distliab",
              "reason": "Standard notes field",
              "value": "While every effort has been made to ensure that these data are accurate and reliable within the limi..."
            },
            {
              "fgdc_field": "metd",
              "reason": "Standard notes field",
              "value": "20010307"
            },
            {
              "fgdc_field": "cntper",
              "reason": "Standard notes field",
              "value": "Kimberly Bahl"
            },
            {
              "fgdc_field": "addrtype",
              "reason": "Standard notes field",
              "value": "Mailing and Physical Address"
            },
            {
              "fgdc_field": "address",
              "reason": "Standard notes field",
              "value": "NOAA / AFSC / PMEL, 7600 Sand Point Way N.E."
            },
            {
              "fgdc_field": "city",
              "reason": "Standard notes field",
              "value": "Seattle"
            },
            {
              "fgdc_field": "state",
              "reason": "Standard notes field",
              "value": "WA"
            },
            {
              "fgdc_field": "postal",
              "reason": "Standard notes field",
              "value": "98115"
            },
            {
              "fgdc_field": "country",
              "reason": "Standard notes field",
              "value": "USA"
            },
            {
              "fgdc_field": "cntvoice",
              "reason": "Standard notes field",
              "value": "206-526-4314"
            },
            {
              "fgdc_field": "cntfax",
              "reason": "Standard notes field",
              "value": "206-526-6485"
            },
            {
              "fgdc_field": "cntemail",
              "reason": "Standard notes field",
              "value": "kimberly.bahl@noaa.gov"
            },
            {
              "fgdc_field": "metstdn",
              "reason": "Standard notes field",
              "value": "Content Standards for Digital Geospatial Metadata"
            },
            {
              "fgdc_field": "metstdv",
              "reason": "Standard notes field",
              "value": "FGDC-STD-001-1998"
            },
            {
              "fgdc_field": "metac",
              "reason": "Standard notes field",
              "value": "Check with Contributor"
            },
            {
              "fgdc_field": "metuc",
              "reason": "Standard notes field",
              "value": "Check with Contributor"
            }
          ],
          "unmapped": []
        }
      }
    },
    "compliance": {
      "zenodo_required_fields": 4,
      "zenodo_required_total": 4,
      "zenodo_required_percentage": 100.0,
      "zenodo_recommended_fields": 6,
      "zenodo_recommended_total": 6,
      "zenodo_recommended_percentage": 100.0,
      "pices_community_present": true,
      "open_access_compliant": true,
      "license_compliant": true,
      "overall_compliance_score": 100.0
    },
    "overall_score": 91.4,
    "overall_grade": "GOOD"
  },
  "files": [
    {
      "path": "output/data/original_fgdc/FGDC-1032.xml",
      "description": "Original FGDC metadata XML",
      "type": "fgdc_xml"
    }
  ]
}