{
  "metadata": {
    "title": "JODC Temperature, Salinity, Oxygen and Nutrient Profiles",
    "upload_type": "dataset",
    "publication_date": "1999-07-20",
    "creators": [
      {
        "name": "Guard, Japan Coast"
      },
      {
        "name": "Hydrographic"
      },
      {
        "name": "Oceanographic Department",
        "type": "Organization"
      },
      {
        "name": "Japan Oceanographic Data Center (JODC)",
        "type": "Organization"
      }
    ],
    "description": "Oceanographic data (temperature, salinity, oxygen, and nutrients) at various depths from multi-bottle Nansen casts or other types of water samplers over the IOC-WESTPAC area. Data are distributed by J-DOSS JODC Data Online Service System) through INTERNET. Data selected through on-line searches can be downloaded by FTP. Summary information, plots and statistics are available at the URL associated with this metadata record. These data are also included in the World Ocean Database 1998.\n\n [ A TCODE project ]",
    "access_right": "open",
    "license": "cc-zero",
    "keywords": [
      "Oceanography",
      "Chemistry",
      "Salinity",
      "Temperature",
      "Nutrients",
      "Oxygen",
      "West Pacific Ocean",
      "North Pacific Ocean"
    ],
    "notes": "Purpose: To document ocean conditions in the IOC-WESTPAC area.\n\nStatus: In Progress\n\nMaintenance frequency: Continually\n\nAccess constraints: None\n\nUse constraints: None\n\nDistribution liability: While every effort has been made to ensure that these data are accurate and reliable within the limits of the current state of the art, NOAA cannot assume liability for any damages caused by any errors or omissions in the data, nor as a result of the failure of the data to function on a particular system. NOAA makes no warranty, expressed or implied, nor does the fact of distribution constitute such a warranty.\n\nFGDC metadata date: 19990720\nFGDC metadata contact: Kimberly Bahl\nFGDC metadata standard: Content Standards for Digital Geospatial Metadata (version: FGDC-STD-001-1998)",
    "related_identifiers": [],
    "contributors": [
      {
        "name": "Odamaki, Minoru",
        "type": "ContactPerson"
      },
      {
        "name": "Odamaki, Minoru",
        "type": "Distributor"
      },
      {
        "name": "North Pacific Marine Science Organization (PICES)",
        "type": "Distributor"
      }
    ],
    "references": [],
    "communities": [
      {
        "identifier": "pices"
      }
    ],
    "subjects": [
      {
        "term": "Oceanography",
        "identifier": "North Pacific Ecosystem Metadatabase:Oceanography",
        "scheme": "thesaurus"
      },
      {
        "term": "Chemistry",
        "identifier": "North Pacific Ecosystem Metadatabase:Chemistry",
        "scheme": "thesaurus"
      },
      {
        "term": "Salinity",
        "identifier": "North Pacific Ecosystem Metadatabase:Salinity",
        "scheme": "thesaurus"
      },
      {
        "term": "Temperature",
        "identifier": "North Pacific Ecosystem Metadatabase:Temperature",
        "scheme": "thesaurus"
      },
      {
        "term": "Nutrients",
        "identifier": "North Pacific Ecosystem Metadatabase:Nutrients",
        "scheme": "thesaurus"
      },
      {
        "term": "Oxygen",
        "identifier": "North Pacific Ecosystem Metadatabase:Oxygen",
        "scheme": "thesaurus"
      },
      {
        "term": "West Pacific Ocean",
        "identifier": "North Pacific Ecosystem Metadatabase:West Pacific Ocean",
        "scheme": "thesaurus"
      },
      {
        "term": "North Pacific Ocean",
        "identifier": "North Pacific Ecosystem Metadatabase:North Pacific Ocean",
        "scheme": "thesaurus"
      }
    ],
    "publisher": "North Pacific Marine Science Organization"
  },
  "original_fgdc_file": "FGDC-208.xml",
  "character_analysis": {
    "fgdc_total_chars": 4387,
    "fgdc_data_chars": 972,
    "zenodo_total_chars": 3615,
    "zenodo_data_chars": 1608,
    "char_difference": 636,
    "char_ratio": 1.654320987654321,
    "data_preservation_ratio": 1.654320987654321
  },
  "enhanced_metrics": {
    "file_info": {
      "fgdc_size_bytes": 4387,
      "fgdc_size_kb": 4.28,
      "zenodo_size_bytes": 3615,
      "zenodo_size_kb": 3.53,
      "filename": "FGDC-208.xml",
      "timestamp": "2025-10-11T23:39:38.767462"
    },
    "data_preservation": {
      "content_preservation_ratio": 0.999,
      "field_preservation_ratio": 1.0,
      "semantic_preservation_score": 0.9987908101571947,
      "data_loss_indicators": [],
      "data_gain_indicators": [
        "Significant data enrichment: 177.4% additional structured content added"
      ],
      "content_enrichment_ratio": 1.774
    },
    "field_coverage": {
      "critical_fields_present": 4,
      "critical_fields_total": 4,
      "critical_fields_percentage": 100.0,
      "important_fields_present": 4,
      "important_fields_total": 4,
      "important_fields_percentage": 100.0,
      "optional_fields_present": 4,
      "optional_fields_total": 6,
      "optional_fields_percentage": 66.7,
      "total_fields_present": 12,
      "total_fields_possible": 14,
      "overall_coverage_percentage": 85.7,
      "weighted_coverage_score": 98.2,
      "missing_critical_fields": [],
      "missing_important_fields": [],
      "present_optional_fields": [
        "notes",
        "related_identifiers",
        "contributors",
        "references"
      ]
    },
    "data_quality": {
      "title_quality": {
        "score": 100,
        "issues": [],
        "grade": "A"
      },
      "creator_quality": {
        "score": 95,
        "issues": [
          "Creator 2 name format unclear"
        ],
        "grade": "A"
      },
      "description_quality": {
        "score": 100,
        "issues": [],
        "grade": "A"
      },
      "keyword_quality": {
        "score": 100,
        "issues": [],
        "grade": "A"
      },
      "date_quality": {
        "score": 100,
        "issues": [],
        "grade": "A"
      },
      "license_quality": {
        "score": 100,
        "issues": [],
        "grade": "A"
      },
      "overall_quality_score": 99.2,
      "quality_grade": "EXCELLENT"
    },
    "transformation_effectiveness": {
      "mapping_completeness": 20.3,
      "data_enrichment_score": 50.0,
      "format_compliance": 100.0,
      "semantic_accuracy": 85.0,
      "overall_effectiveness_score": 63.8,
      "field_mapping_breakdown": {
        "total_fgdc_fields": 59,
        "directly_mapped_fields": 12,
        "fields_in_notes": 47,
        "unmapped_fields": 0,
        "direct_mapping_percentage": 20.3,
        "notes_mapping_percentage": 79.7,
        "total_preservation_percentage": 100.0,
        "mapping_details": {
          "directly_mapped": [
            {
              "fgdc_field": "origin",
              "zenodo_field": "creators",
              "value": "Japan Coast Guard, Hydrographic and Oceanographic Department, Japan Oceanographic Data Center (JODC)"
            },
            {
              "fgdc_field": "pubdate",
              "zenodo_field": "publication_date",
              "value": "Unknown"
            },
            {
              "fgdc_field": "title",
              "zenodo_field": "title",
              "value": "JODC Temperature, Salinity, Oxygen and Nutrient Profiles"
            },
            {
              "fgdc_field": "abstract",
              "zenodo_field": "description",
              "value": "Oceanographic data (temperature, salinity, oxygen, and nutrients) at various depths from multi-bottl..."
            },
            {
              "fgdc_field": "themekey",
              "zenodo_field": "keywords",
              "value": "North Pacific Ocean"
            },
            {
              "fgdc_field": "themekey",
              "zenodo_field": "keywords",
              "value": "North Pacific Ocean"
            },
            {
              "fgdc_field": "themekey",
              "zenodo_field": "keywords",
              "value": "North Pacific Ocean"
            },
            {
              "fgdc_field": "themekey",
              "zenodo_field": "keywords",
              "value": "North Pacific Ocean"
            },
            {
              "fgdc_field": "themekey",
              "zenodo_field": "keywords",
              "value": "North Pacific Ocean"
            },
            {
              "fgdc_field": "themekey",
              "zenodo_field": "keywords",
              "value": "North Pacific Ocean"
            },
            {
              "fgdc_field": "themekey",
              "zenodo_field": "keywords",
              "value": "North Pacific Ocean"
            },
            {
              "fgdc_field": "themekey",
              "zenodo_field": "keywords",
              "value": "North Pacific Ocean"
            }
          ],
          "notes_mapped": [
            {
              "fgdc_field": "purpose",
              "reason": "Standard notes field",
              "value": "To document ocean conditions in the IOC-WESTPAC area."
            },
            {
              "fgdc_field": "begdate",
              "reason": "Standard notes field",
              "value": "18740101"
            },
            {
              "fgdc_field": "current",
              "reason": "Standard notes field",
              "value": "Sample Date"
            },
            {
              "fgdc_field": "progress",
              "reason": "Standard notes field",
              "value": "In Progress"
            },
            {
              "fgdc_field": "update",
              "reason": "Standard notes field",
              "value": "Continually"
            },
            {
              "fgdc_field": "westbc",
              "reason": "Standard notes field",
              "value": "20"
            },
            {
              "fgdc_field": "eastbc",
              "reason": "Standard notes field",
              "value": "-70"
            },
            {
              "fgdc_field": "northbc",
              "reason": "Standard notes field",
              "value": "70"
            },
            {
              "fgdc_field": "southbc",
              "reason": "Standard notes field",
              "value": "-70"
            },
            {
              "fgdc_field": "themekt",
              "reason": "Standard notes field",
              "value": "Other"
            },
            {
              "fgdc_field": "themekt",
              "reason": "Standard notes field",
              "value": "Other"
            },
            {
              "fgdc_field": "accconst",
              "reason": "Standard notes field",
              "value": "None"
            },
            {
              "fgdc_field": "useconst",
              "reason": "Standard notes field",
              "value": "None"
            },
            {
              "fgdc_field": "cntper",
              "reason": "Standard notes field",
              "value": "Kimberly Bahl"
            },
            {
              "fgdc_field": "addrtype",
              "reason": "Standard notes field",
              "value": "Mailing and Physical Address"
            },
            {
              "fgdc_field": "address",
              "reason": "Standard notes field",
              "value": "NOAA / AFSC / PMEL, 7600 Sand Point Way N.E."
            },
            {
              "fgdc_field": "city",
              "reason": "Standard notes field",
              "value": "Seattle"
            },
            {
              "fgdc_field": "postal",
              "reason": "Standard notes field",
              "value": "98115"
            },
            {
              "fgdc_field": "country",
              "reason": "Standard notes field",
              "value": "USA"
            },
            {
              "fgdc_field": "cntvoice",
              "reason": "Standard notes field",
              "value": "206-526-4314"
            },
            {
              "fgdc_field": "cntfax",
              "reason": "Standard notes field",
              "value": "206-526-6485"
            },
            {
              "fgdc_field": "cntemail",
              "reason": "Standard notes field",
              "value": "kimberly.bahl@noaa.gov"
            },
            {
              "fgdc_field": "cntper",
              "reason": "Standard notes field",
              "value": "Kimberly Bahl"
            },
            {
              "fgdc_field": "addrtype",
              "reason": "Standard notes field",
              "value": "Mailing and Physical Address"
            },
            {
              "fgdc_field": "address",
              "reason": "Standard notes field",
              "value": "NOAA / AFSC / PMEL, 7600 Sand Point Way N.E."
            },
            {
              "fgdc_field": "city",
              "reason": "Standard notes field",
              "value": "Seattle"
            },
            {
              "fgdc_field": "postal",
              "reason": "Standard notes field",
              "value": "98115"
            },
            {
              "fgdc_field": "country",
              "reason": "Standard notes field",
              "value": "USA"
            },
            {
              "fgdc_field": "cntvoice",
              "reason": "Standard notes field",
              "value": "206-526-4314"
            },
            {
              "fgdc_field": "cntfax",
              "reason": "Standard notes field",
              "value": "206-526-6485"
            },
            {
              "fgdc_field": "cntemail",
              "reason": "Standard notes field",
              "value": "kimberly.bahl@noaa.gov"
            },
            {
              "fgdc_field": "distliab",
              "reason": "Standard notes field",
              "value": "While every effort has been made to ensure that these data are accurate and reliable within the limi..."
            },
            {
              "fgdc_field": "metd",
              "reason": "Standard notes field",
              "value": "19990720"
            },
            {
              "fgdc_field": "cntper",
              "reason": "Standard notes field",
              "value": "Kimberly Bahl"
            },
            {
              "fgdc_field": "addrtype",
              "reason": "Standard notes field",
              "value": "Mailing and Physical Address"
            },
            {
              "fgdc_field": "address",
              "reason": "Standard notes field",
              "value": "NOAA / AFSC / PMEL, 7600 Sand Point Way N.E."
            },
            {
              "fgdc_field": "city",
              "reason": "Standard notes field",
              "value": "Seattle"
            },
            {
              "fgdc_field": "state",
              "reason": "Standard notes field",
              "value": "WA"
            },
            {
              "fgdc_field": "postal",
              "reason": "Standard notes field",
              "value": "98115"
            },
            {
              "fgdc_field": "country",
              "reason": "Standard notes field",
              "value": "USA"
            },
            {
              "fgdc_field": "cntvoice",
              "reason": "Standard notes field",
              "value": "206-526-4314"
            },
            {
              "fgdc_field": "cntfax",
              "reason": "Standard notes field",
              "value": "206-526-6485"
            },
            {
              "fgdc_field": "cntemail",
              "reason": "Standard notes field",
              "value": "kimberly.bahl@noaa.gov"
            },
            {
              "fgdc_field": "metstdn",
              "reason": "Standard notes field",
              "value": "Content Standards for Digital Geospatial Metadata"
            },
            {
              "fgdc_field": "metstdv",
              "reason": "Standard notes field",
              "value": "FGDC-STD-001-1998"
            },
            {
              "fgdc_field": "metac",
              "reason": "Standard notes field",
              "value": "None"
            },
            {
              "fgdc_field": "metuc",
              "reason": "Standard notes field",
              "value": "None"
            }
          ],
          "unmapped": []
        }
      }
    },
    "compliance": {
      "zenodo_required_fields": 4,
      "zenodo_required_total": 4,
      "zenodo_required_percentage": 100.0,
      "zenodo_recommended_fields": 6,
      "zenodo_recommended_total": 6,
      "zenodo_recommended_percentage": 100.0,
      "pices_community_present": true,
      "open_access_compliant": true,
      "license_compliant": true,
      "overall_compliance_score": 100.0
    },
    "overall_score": 94.0,
    "overall_grade": "GOOD"
  },
  "files": [
    {
      "path": "output/data/original_fgdc/FGDC-208.xml",
      "description": "Original FGDC metadata XML",
      "type": "fgdc_xml"
    }
  ]
}